doc_id,title,segment_id,source_doc,source_topic,segment_index,route_question,text,segment_text,role,entities,operative_status,relation,answer_relevance,gold_role,gold_entities,gold_operative_status,gold_relation,gold_answer_relevance,annotation_notes,gold_answer_relevant,answer_relevant,pred_role,pred_entities,pred_entities_repaired_source,pred_entities_llm_open,pred_entities_ontology,pred_operative_status,pred_relation,pred_answer_relevant,pred_role_lexical_baseline,pred_entities_lexical_baseline,pred_operative_status_lexical_baseline,pred_relation_lexical_baseline,pred_answer_relevant_lexical_baseline,pred_role_entity_ceiling,pred_entities_entity_ceiling,pred_operative_status_entity_ceiling,pred_relation_entity_ceiling,pred_answer_relevant_entity_ceiling
FBV2_DOC_01_blood_bank_platelet_allocation,Blood Bank Platelet Allocation,FBV2_0001,FBV2_DOC_01_blood_bank_platelet_allocation,Blood Bank Platelet Allocation,1,How should a transfusion desk route platelet allocation choices?,A second pass should track platelet expiry window from intake to closure and record when trauma cooler appears. The team can then see whether blood bank platelet allocation case 1-01 predicts a route change.,A second pass should track platelet expiry window from intake to closure and record when trauma cooler appears. The team can then see whether blood bank platelet allocation case 1-01 predicts a route change.,NEXT_STEP,"[""platelet expiry window"", ""trauma cooler"", ""blood bank platelet allocation case 1-01""]",ACTIVE,proposes_next_test,RELEVANT,NEXT_STEP,"[""platelet expiry window"", ""trauma cooler"", ""blood bank platelet allocation case 1-01""]",ACTIVE,proposes_next_test,RELEVANT,fresh_blind_v2_gold_by_construction_seed_20260623,YES,RELEVANT,METHOD,allocation case 1-01; allocation case 1-01 predicts; bank platelet allocation; bank platelet allocation case; blood bank platelet; blood bank platelet allocation; case 1-01 predicts; platelet allocation case,noun_chunks_topk_fallback,,,ACTIVE,recommends,YES,NEXT_STEP,allocation case 1-01; allocation case 1-01 predicts; bank platelet allocation; bank platelet allocation case; blood bank platelet; blood bank platelet allocation; case 1-01 predicts; platelet allocation case,ACTIVE,proposes_next_test,YES,NEXT_STEP,allocation case 1-01; allocation case 1-01 predicts; bank platelet allocation; bank platelet allocation case; blood bank platelet; blood bank platelet allocation; case 1-01 predicts; platelet allocation case,ACTIVE,proposes_next_test,YES
FBV2_DOC_01_blood_bank_platelet_allocation,Blood Bank Platelet Allocation,FBV2_0002,FBV2_DOC_01_blood_bank_platelet_allocation,Blood Bank Platelet Allocation,2,How should a transfusion desk route platelet allocation choices?,A sample handoff begins with crossmatch tray in place and donor batch record missing from the packet. blood bank platelet allocation case 1-02 gives the reviewer the reason for keeping the file open.,A sample handoff begins with crossmatch tray in place and donor batch record missing from the packet. blood bank platelet allocation case 1-02 gives the reviewer the reason for keeping the file open.,EXAMPLE,"[""crossmatch tray"", ""donor batch record"", ""blood bank platelet allocation case 1-02""]",DESCRIPTIVE,gives_example,RELEVANT,EXAMPLE,"[""crossmatch tray"", ""donor batch record"", ""blood bank platelet allocation case 1-02""]",DESCRIPTIVE,gives_example,RELEVANT,fresh_blind_v2_gold_by_construction_seed_20260623,YES,RELEVANT,EXAMPLE,allocation case 1-02; allocation case 1-02 gives; bank platelet allocation; bank platelet allocation case; batch record missing; blood bank platelet; blood bank platelet allocation; case 1-02 gives,noun_chunks_topk_fallback,,human review,DESCRIPTIVE,gives_example,YES,EXAMPLE,allocation case 1-02; allocation case 1-02 gives; bank platelet allocation; bank platelet allocation case; batch record missing; blood bank platelet; blood bank platelet allocation; case 1-02 gives,DESCRIPTIVE,gives_example,YES,EXAMPLE,allocation case 1-02; allocation case 1-02 gives; bank platelet allocation; bank platelet allocation case; batch record missing; blood bank platelet; blood bank platelet allocation; case 1-02 gives,DESCRIPTIVE,gives_example,YES
FBV2_DOC_01_blood_bank_platelet_allocation,Blood Bank Platelet Allocation,FBV2_0003,FBV2_DOC_01_blood_bank_platelet_allocation,Blood Bank Platelet Allocation,3,How should a transfusion desk route platelet allocation choices?,"Sort oncology ward request by time, attach night courier sheet, and send blood bank platelet allocation case 1-03 to the lane with the matching staff owner. Leave disputed entries open.","Sort oncology ward request by time, attach night courier sheet, and send blood bank platelet allocation case 1-03 to the lane with the matching staff owner. Leave disputed entries open.",METHOD,"[""oncology ward request"", ""night courier sheet"", ""blood bank platelet allocation case 1-03""]",ACTIVE,recommends,RELEVANT,METHOD,"[""oncology ward request"", ""night courier sheet"", ""blood bank platelet allocation case 1-03""]",ACTIVE,recommends,RELEVANT,fresh_blind_v2_gold_by_construction_seed_20260623,YES,RELEVANT,METHOD,Leave disputed entries; Leave disputed entries open; matching staff owner Leave; owner Leave disputed; owner Leave disputed entries; Sort oncology ward; Sort oncology ward request; staff owner Leave,noun_chunks_topk_fallback,,,ACTIVE,recommends,YES,RESULT,Leave disputed entries; Leave disputed entries open; matching staff owner Leave; owner Leave disputed; owner Leave disputed entries; Sort oncology ward; Sort oncology ward request; staff owner Leave,DESCRIPTIVE,reports_usefulness,YES,METHOD,Leave disputed entries; Leave disputed entries open; matching staff owner Leave; owner Leave disputed; owner Leave disputed entries; Sort oncology ward; Sort oncology ward request; staff owner Leave,ACTIVE,recommends,YES
FBV2_DOC_01_blood_bank_platelet_allocation,Blood Bank Platelet Allocation,FBV2_0004,FBV2_DOC_01_blood_bank_platelet_allocation,Blood Bank Platelet Allocation,4,How should a transfusion desk route platelet allocation choices?,"On this desk, trauma cooler is the shared reference the team checks before any reassignment. It links blood fridge log with blood bank platelet allocation case 1-04 so the same object is visible to everyone.","On this desk, trauma cooler is the shared reference the team checks before any reassignment. It links blood fridge log with blood bank platelet allocation case 1-04 so the same object is visible to everyone.",DEFINE,"[""trauma cooler"", ""blood fridge log"", ""blood bank platelet allocation case 1-04""]",DESCRIPTIVE,defines,RELEVANT,DEFINE,"[""trauma cooler"", ""blood fridge log"", ""blood bank platelet allocation case 1-04""]",DESCRIPTIVE,defines,RELEVANT,fresh_blind_v2_gold_by_construction_seed_20260623,YES,RELEVANT,BACKGROUND,allocation case 1-04; bank platelet allocation; bank platelet allocation case; blood bank platelet; blood bank platelet allocation; blood fridge log; desk trauma cooler; links blood fridge,noun_chunks_topk_fallback,,,DESCRIPTIVE,sets_context,MAYBE,LIMITATION,allocation case 1-04; bank platelet allocation; bank platelet allocation case; blood bank platelet; blood bank platelet allocation; blood fridge log; desk trauma cooler; links blood fridge,LIMITED,warns_about,YES,DEFINE,allocation case 1-04; bank platelet allocation; bank platelet allocation case; blood bank platelet; blood bank platelet allocation; blood fridge log; desk trauma cooler; links blood fridge,DESCRIPTIVE,defines,YES
FBV2_DOC_01_blood_bank_platelet_allocation,Blood Bank Platelet Allocation,FBV2_0005,FBV2_DOC_01_blood_bank_platelet_allocation,Blood Bank Platelet Allocation,5,How should a transfusion desk route platelet allocation choices?,donor batch record sits beside compatibility hold at the opening desk while blood bank platelet allocation case 1-05 waits for review. Staff read the packet to understand the day before any routing choice moves.,donor batch record sits beside compatibility hold at the opening desk while blood bank platelet allocation case 1-05 waits for review. Staff read the packet to understand the day before any routing choice moves.,BACKGROUND,"[""donor batch record"", ""compatibility hold"", ""blood bank platelet allocation case 1-05""]",DESCRIPTIVE,sets_context,PARTIAL,BACKGROUND,"[""donor batch record"", ""compatibility hold"", ""blood bank platelet allocation case 1-05""]",DESCRIPTIVE,sets_context,PARTIAL,fresh_blind_v2_gold_by_construction_seed_20260623,MAYBE,PARTIAL,BACKGROUND,review Staff read; allocation case 1-05; allocation case 1-05 waits; any routing choice; any routing choice moves; bank platelet allocation; bank platelet allocation case; batch record sits,noun_chunks_topk_fallback,,,DESCRIPTIVE,sets_context,MAYBE,BACKGROUND,review Staff read; allocation case 1-05; allocation case 1-05 waits; any routing choice; any routing choice moves; bank platelet allocation; bank platelet allocation case; batch record sits,DESCRIPTIVE,sets_context,MAYBE,BACKGROUND,review Staff read; allocation case 1-05; allocation case 1-05 waits; any routing choice; any routing choice moves; bank platelet allocation; bank platelet allocation case; batch record sits,DESCRIPTIVE,sets_context,MAYBE
FBV2_DOC_01_blood_bank_platelet_allocation,Blood Bank Platelet Allocation,FBV2_0006,FBV2_DOC_01_blood_bank_platelet_allocation,Blood Bank Platelet Allocation,6,How should a transfusion desk route platelet allocation choices?,A coordinator should treat night courier sheet with care when platelet expiry window has no matching timestamp. blood bank platelet allocation case 1-06 remains open until the file catches up.,A coordinator should treat night courier sheet with care when platelet expiry window has no matching timestamp. blood bank platelet allocation case 1-06 remains open until the file catches up.,LIMITATION,"[""night courier sheet"", ""platelet expiry window"", ""blood bank platelet allocation case 1-06""]",LIMITED,warns_about,RELEVANT,LIMITATION,"[""night courier sheet"", ""platelet expiry window"", ""blood bank platelet allocation case 1-06""]",LIMITED,warns_about,RELEVANT,fresh_blind_v2_gold_by_construction_seed_20260623,YES,RELEVANT,METHOD,1-06 remains open; 1-06 remains open until; allocation case 1-06; allocation case 1-06 remains; bank platelet allocation; bank platelet allocation case; blood bank platelet; blood bank platelet allocation,noun_chunks_topk_fallback,,,ACTIVE,recommends,YES,LIMITATION,1-06 remains open; 1-06 remains open until; allocation case 1-06; allocation case 1-06 remains; bank platelet allocation; bank platelet allocation case; blood bank platelet; blood bank platelet allocation,LIMITED,warns_about,YES,LIMITATION,1-06 remains open; 1-06 remains open until; allocation case 1-06; allocation case 1-06 remains; bank platelet allocation; bank platelet allocation case; blood bank platelet; blood bank platelet allocation,LIMITED,warns_about,YES
FBV2_DOC_01_blood_bank_platelet_allocation,Blood Bank Platelet Allocation,FBV2_0007,FBV2_DOC_01_blood_bank_platelet_allocation,Blood Bank Platelet Allocation,7,How should a transfusion desk route platelet allocation choices?,A desk sample showed blood fridge log reducing search time when crossmatch tray was also attached. blood bank platelet allocation case 1-07 was the field most often opened during review.,A desk sample showed blood fridge log reducing search time when crossmatch tray was also attached. blood bank platelet allocation case 1-07 was the field most often opened during review.,RESULT,"[""blood fridge log"", ""crossmatch tray"", ""blood bank platelet allocation case 1-07""]",DESCRIPTIVE,supports_retrieval,RELEVANT,RESULT,"[""blood fridge log"", ""crossmatch tray"", ""blood bank platelet allocation case 1-07""]",DESCRIPTIVE,supports_retrieval,RELEVANT,fresh_blind_v2_gold_by_construction_seed_20260623,YES,RELEVANT,RESULT,allocation case 1-07; allocation case 1-07 was; also attached blood; also attached blood bank; attached blood bank; attached blood bank platelet; bank platelet allocation; bank platelet allocation case,noun_chunks_topk_fallback,,,DESCRIPTIVE,reports_usefulness,YES,RESULT,allocation case 1-07; allocation case 1-07 was; also attached blood; also attached blood bank; attached blood bank; attached blood bank platelet; bank platelet allocation; bank platelet allocation case,DESCRIPTIVE,reports_usefulness,YES,RESULT,allocation case 1-07; allocation case 1-07 was; also attached blood; also attached blood bank; attached blood bank; attached blood bank platelet; bank platelet allocation; bank platelet allocation case,DESCRIPTIVE,supports_retrieval,YES
FBV2_DOC_01_blood_bank_platelet_allocation,Blood Bank Platelet Allocation,FBV2_0008,FBV2_DOC_01_blood_bank_platelet_allocation,Blood Bank Platelet Allocation,8,How should a transfusion desk route platelet allocation choices?,The safer choice comes from reading compatibility hold beside oncology ward request. Treating blood bank platelet allocation case 1-08 alone as decisive makes the handoff weaker.,The safer choice comes from reading compatibility hold beside oncology ward request. Treating blood bank platelet allocation case 1-08 alone as decisive makes the handoff weaker.,CLAIM,"[""compatibility hold"", ""oncology ward request"", ""blood bank platelet allocation case 1-08""]",NEGATED,asserts,RELEVANT,CLAIM,"[""compatibility hold"", ""oncology ward request"", ""blood bank platelet allocation case 1-08""]",NEGATED,asserts,RELEVANT,fresh_blind_v2_gold_by_construction_seed_20260623,YES,RELEVANT,CLAIM,compatibility hold; oncology ward request; blood bank; platelet allocation case 1-08,llm_open,compatibility hold; oncology ward request; blood bank; platelet allocation case 1-08,,ACTIVE,asserts,YES,CLAIM,compatibility hold; oncology ward request; blood bank; platelet allocation case 1-08,ACTIVE,asserts,YES,CLAIM,compatibility hold; oncology ward request; blood bank; platelet allocation case 1-08,NEGATED,asserts,YES
FBV2_DOC_01_blood_bank_platelet_allocation,Blood Bank Platelet Allocation,FBV2_0009,FBV2_DOC_01_blood_bank_platelet_allocation,Blood Bank Platelet Allocation,9,How should a transfusion desk route platelet allocation choices?,"One Tuesday file carries platelet expiry window, trauma cooler, and a late note about blood bank platelet allocation case 1-09. The desk uses that mix to show how a small mismatch changes routing.","One Tuesday file carries platelet expiry window, trauma cooler, and a late note about blood bank platelet allocation case 1-09. The desk uses that mix to show how a small mismatch changes routing.",EXAMPLE,"[""platelet expiry window"", ""trauma cooler"", ""blood bank platelet allocation case 1-09""]",DESCRIPTIVE,gives_example,RELEVANT,EXAMPLE,"[""platelet expiry window"", ""trauma cooler"", ""blood bank platelet allocation case 1-09""]",DESCRIPTIVE,gives_example,RELEVANT,fresh_blind_v2_gold_by_construction_seed_20260623,YES,RELEVANT,EXAMPLE,One Tuesday file; One Tuesday file carries; Tuesday file carries; Tuesday file carries platelet; about blood bank; about blood bank platelet; allocation case 1-09; bank platelet allocation,noun_chunks_topk_fallback,,mismatch review,DESCRIPTIVE,gives_example,YES,EXAMPLE,One Tuesday file; One Tuesday file carries; Tuesday file carries; Tuesday file carries platelet; about blood bank; about blood bank platelet; allocation case 1-09; bank platelet allocation,DESCRIPTIVE,gives_example,YES,EXAMPLE,One Tuesday file; One Tuesday file carries; Tuesday file carries; Tuesday file carries platelet; about blood bank; about blood bank platelet; allocation case 1-09; bank platelet allocation,DESCRIPTIVE,gives_example,YES
FBV2_DOC_01_blood_bank_platelet_allocation,Blood Bank Platelet Allocation,FBV2_0010,FBV2_DOC_01_blood_bank_platelet_allocation,Blood Bank Platelet Allocation,10,How should a transfusion desk route platelet allocation choices?,"First compare crossmatch tray with donor batch record, then place blood bank platelet allocation case 1-10 in the matching queue. If the two records disagree, hold the case for desk review.","First compare crossmatch tray with donor batch record, then place blood bank platelet allocation case 1-10 in the matching queue. If the two records disagree, hold the case for desk review.",METHOD,"[""crossmatch tray"", ""donor batch record"", ""blood bank platelet allocation case 1-10""]",ACTIVE,requires,RELEVANT,METHOD,"[""crossmatch tray"", ""donor batch record"", ""blood bank platelet allocation case 1-10""]",ACTIVE,requires,RELEVANT,fresh_blind_v2_gold_by_construction_seed_20260623,YES,RELEVANT,METHOD,First compare crossmatch; First compare crossmatch tray; allocation case 1-10; bank platelet allocation; bank platelet allocation case; blood bank platelet; blood bank platelet allocation; compare crossmatch tray,noun_chunks_topk_fallback,,,ACTIVE,recommends,YES,METHOD,First compare crossmatch; First compare crossmatch tray; allocation case 1-10; bank platelet allocation; bank platelet allocation case; blood bank platelet; blood bank platelet allocation; compare crossmatch tray,ACTIVE,recommends,YES,METHOD,First compare crossmatch; First compare crossmatch tray; allocation case 1-10; bank platelet allocation; bank platelet allocation case; blood bank platelet; blood bank platelet allocation; compare crossmatch tray,ACTIVE,requires,YES
FBV2_DOC_01_blood_bank_platelet_allocation,Blood Bank Platelet Allocation,FBV2_0011,FBV2_DOC_01_blood_bank_platelet_allocation,Blood Bank Platelet Allocation,11,How should a transfusion desk route platelet allocation choices?,A sample of closed files showed oncology ward request missing from several late cases. The same sample had night courier sheet and blood bank platelet allocation case 1-11 in the files that moved cleanly.,A sample of closed files showed oncology ward request missing from several late cases. The same sample had night courier sheet and blood bank platelet allocation case 1-11 in the files that moved cleanly.,RESULT,"[""oncology ward request"", ""night courier sheet"", ""blood bank platelet allocation case 1-11""]",DESCRIPTIVE,supports_retrieval,RELEVANT,RESULT,"[""oncology ward request"", ""night courier sheet"", ""blood bank platelet allocation case 1-11""]",DESCRIPTIVE,supports_retrieval,RELEVANT,fresh_blind_v2_gold_by_construction_seed_20260623,YES,RELEVANT,RESULT,allocation case 1-11; bank platelet allocation; bank platelet allocation case; blood bank platelet; blood bank platelet allocation; closed files showed; closed files showed oncology; files showed oncology,noun_chunks_topk_fallback,,,DESCRIPTIVE,reports_usefulness,YES,RESULT,allocation case 1-11; bank platelet allocation; bank platelet allocation case; blood bank platelet; blood bank platelet allocation; closed files showed; closed files showed oncology; files showed oncology,DESCRIPTIVE,reports_usefulness,YES,RESULT,allocation case 1-11; bank platelet allocation; bank platelet allocation case; blood bank platelet; blood bank platelet allocation; closed files showed; closed files showed oncology; files showed oncology,DESCRIPTIVE,supports_retrieval,YES
FBV2_DOC_01_blood_bank_platelet_allocation,Blood Bank Platelet Allocation,FBV2_0012,FBV2_DOC_01_blood_bank_platelet_allocation,Blood Bank Platelet Allocation,12,How should a transfusion desk route platelet allocation choices?,The desk can misread trauma cooler when blood fridge log arrives late. blood bank platelet allocation case 1-12 stays provisional while the two records are reconciled.,The desk can misread trauma cooler when blood fridge log arrives late. blood bank platelet allocation case 1-12 stays provisional while the two records are reconciled.,LIMITATION,"[""trauma cooler"", ""blood fridge log"", ""blood bank platelet allocation case 1-12""]",LIMITED,warns_about,RELEVANT,LIMITATION,"[""trauma cooler"", ""blood fridge log"", ""blood bank platelet allocation case 1-12""]",LIMITED,warns_about,RELEVANT,fresh_blind_v2_gold_by_construction_seed_20260623,YES,RELEVANT,LIMITATION,1-12 stays provisional; 1-12 stays provisional while; allocation case 1-12; allocation case 1-12 stays; arrives late blood; arrives late blood bank; bank platelet allocation; bank platelet allocation case,noun_chunks_topk_fallback,,,LIMITED,warns_about,YES,LIMITATION,1-12 stays provisional; 1-12 stays provisional while; allocation case 1-12; allocation case 1-12 stays; arrives late blood; arrives late blood bank; bank platelet allocation; bank platelet allocation case,LIMITED,warns_about,YES,LIMITATION,1-12 stays provisional; 1-12 stays provisional while; allocation case 1-12; allocation case 1-12 stays; arrives late blood; arrives late blood bank; bank platelet allocation; bank platelet allocation case,LIMITED,warns_about,YES
FBV2_DOC_01_blood_bank_platelet_allocation,Blood Bank Platelet Allocation,FBV2_0013,FBV2_DOC_01_blood_bank_platelet_allocation,Blood Bank Platelet Allocation,13,How should a transfusion desk route platelet allocation choices?,A follow-up table should pair donor batch record with the owner who handled compatibility hold. That table would show whether blood bank platelet allocation case 1-13 belongs earlier in the queue.,A follow-up table should pair donor batch record with the owner who handled compatibility hold. That table would show whether blood bank platelet allocation case 1-13 belongs earlier in the queue.,NEXT_STEP,"[""donor batch record"", ""compatibility hold"", ""blood bank platelet allocation case 1-13""]",ACTIVE,proposes_next_test,RELEVANT,NEXT_STEP,"[""donor batch record"", ""compatibility hold"", ""blood bank platelet allocation case 1-13""]",ACTIVE,proposes_next_test,RELEVANT,fresh_blind_v2_gold_by_construction_seed_20260623,YES,RELEVANT,NEXT_STEP,1-13 belongs earlier; allocation case 1-13; allocation case 1-13 belongs; bank platelet allocation; bank platelet allocation case; blood bank platelet; blood bank platelet allocation; case 1-13 belongs,noun_chunks_topk_fallback,,,ACTIVE,proposes_next_test,YES,NEXT_STEP,1-13 belongs earlier; allocation case 1-13; allocation case 1-13 belongs; bank platelet allocation; bank platelet allocation case; blood bank platelet; blood bank platelet allocation; case 1-13 belongs,ACTIVE,proposes_next_test,YES,NEXT_STEP,1-13 belongs earlier; allocation case 1-13; allocation case 1-13 belongs; bank platelet allocation; bank platelet allocation case; blood bank platelet; blood bank platelet allocation; case 1-13 belongs,ACTIVE,proposes_next_test,YES
FBV2_DOC_01_blood_bank_platelet_allocation,Blood Bank Platelet Allocation,FBV2_0014,FBV2_DOC_01_blood_bank_platelet_allocation,Blood Bank Platelet Allocation,14,How should a transfusion desk route platelet allocation choices?,"At shift handover, night courier sheet and platelet expiry window frame the queue that includes blood bank platelet allocation case 1-14. The note gives the coordinator enough scene detail to place later entries.","At shift handover, night courier sheet and platelet expiry window frame the queue that includes blood bank platelet allocation case 1-14. The note gives the coordinator enough scene detail to place later entries.",BACKGROUND,"[""night courier sheet"", ""platelet expiry window"", ""blood bank platelet allocation case 1-14""]",DESCRIPTIVE,sets_context,PARTIAL,BACKGROUND,"[""night courier sheet"", ""platelet expiry window"", ""blood bank platelet allocation case 1-14""]",DESCRIPTIVE,sets_context,PARTIAL,fresh_blind_v2_gold_by_construction_seed_20260623,MAYBE,PARTIAL,BACKGROUND,allocation case 1-14; bank platelet allocation; bank platelet allocation case; blood bank platelet; blood bank platelet allocation; coordinator enough scene; coordinator enough scene detail; enough scene detail,noun_chunks_topk_fallback,,,DESCRIPTIVE,sets_context,MAYBE,BACKGROUND,allocation case 1-14; bank platelet allocation; bank platelet allocation case; blood bank platelet; blood bank platelet allocation; coordinator enough scene; coordinator enough scene detail; enough scene detail,DESCRIPTIVE,sets_context,MAYBE,BACKGROUND,allocation case 1-14; bank platelet allocation; bank platelet allocation case; blood bank platelet; blood bank platelet allocation; coordinator enough scene; coordinator enough scene detail; enough scene detail,DESCRIPTIVE,sets_context,MAYBE
FBV2_DOC_01_blood_bank_platelet_allocation,Blood Bank Platelet Allocation,FBV2_0015,FBV2_DOC_01_blood_bank_platelet_allocation,Blood Bank Platelet Allocation,15,How should a transfusion desk route platelet allocation choices?,A coordinator can trust blood fridge log more when crossmatch tray matches the same timeline. That pairing keeps blood bank platelet allocation case 1-15 from becoming the sole signal.,A coordinator can trust blood fridge log more when crossmatch tray matches the same timeline. That pairing keeps blood bank platelet allocation case 1-15 from becoming the sole signal.,CLAIM,"[""blood fridge log"", ""crossmatch tray"", ""blood bank platelet allocation case 1-15""]",ACTIVE,asserts,RELEVANT,CLAIM,"[""blood fridge log"", ""crossmatch tray"", ""blood bank platelet allocation case 1-15""]",ACTIVE,asserts,RELEVANT,fresh_blind_v2_gold_by_construction_seed_20260623,YES,RELEVANT,CLAIM,allocation case 1-15; bank platelet allocation; bank platelet allocation case; blood bank platelet; blood bank platelet allocation; blood fridge log; blood fridge log more; can trust blood,noun_chunks_topk_fallback,,,ACTIVE,asserts,YES,CLAIM,allocation case 1-15; bank platelet allocation; bank platelet allocation case; blood bank platelet; blood bank platelet allocation; blood fridge log; blood fridge log more; can trust blood,ACTIVE,asserts,YES,CLAIM,allocation case 1-15; bank platelet allocation; bank platelet allocation case; blood bank platelet; blood bank platelet allocation; blood fridge log; blood fridge log more; can trust blood,ACTIVE,asserts,YES
FBV2_DOC_01_blood_bank_platelet_allocation,Blood Bank Platelet Allocation,FBV2_0016,FBV2_DOC_01_blood_bank_platelet_allocation,Blood Bank Platelet Allocation,16,How should a transfusion desk route platelet allocation choices?,"The phrase compatibility hold points to the record where oncology ward request and blood bank platelet allocation case 1-16 are stored together. Staff use it only for the routing object, not for the entire service.","The phrase compatibility hold points to the record where oncology ward request and blood bank platelet allocation case 1-16 are stored together. Staff use it only for the routing object, not for the entire service.",DEFINE,"[""compatibility hold"", ""oncology ward request"", ""blood bank platelet allocation case 1-16""]",DESCRIPTIVE,defines,RELEVANT,DEFINE,"[""compatibility hold"", ""oncology ward request"", ""blood bank platelet allocation case 1-16""]",DESCRIPTIVE,defines,RELEVANT,fresh_blind_v2_gold_by_construction_seed_20260623,YES,RELEVANT,BACKGROUND,stored together Staff; allocation case 1-16; bank platelet allocation; bank platelet allocation case; blood bank platelet; blood bank platelet allocation; compatibility hold points; oncology ward request,noun_chunks_topk_fallback,,,DESCRIPTIVE,sets_context,MAYBE,DEFINE,stored together Staff; allocation case 1-16; bank platelet allocation; bank platelet allocation case; blood bank platelet; blood bank platelet allocation; compatibility hold points; oncology ward request,DESCRIPTIVE,defines,YES,DEFINE,stored together Staff; allocation case 1-16; bank platelet allocation; bank platelet allocation case; blood bank platelet; blood bank platelet allocation; compatibility hold points; oncology ward request,DESCRIPTIVE,defines,YES
FBV2_DOC_02_library_interlibrary_loan,Interlibrary Loan Queue,FBV2_0017,FBV2_DOC_02_library_interlibrary_loan,Interlibrary Loan Queue,1,How should a library desk route borrowing and lending requests?,Reviewers counted more timely handoffs when request slip was checked before copyright page count. The audit trail pointed back to library interlibrary loan case 2-01 on the disputed cases.,Reviewers counted more timely handoffs when request slip was checked before copyright page count. The audit trail pointed back to library interlibrary loan case 2-01 on the disputed cases.,RESULT,"[""request slip"", ""copyright page count"", ""library interlibrary loan case 2-01""]",DESCRIPTIVE,supports_retrieval,RELEVANT,RESULT,"[""request slip"", ""copyright page count"", ""library interlibrary loan case 2-01""]",DESCRIPTIVE,supports_retrieval,RELEVANT,fresh_blind_v2_gold_by_construction_seed_20260623,YES,RELEVANT,RESULT,Reviewers counted more; Reviewers counted more timely; audit trail pointed; audit trail pointed back; copyright page count; counted more timely; counted more timely handoffs; interlibrary loan case,noun_chunks_topk_fallback,,audit trail; human review,DESCRIPTIVE,reports_usefulness,YES,RESULT,Reviewers counted more; Reviewers counted more timely; audit trail pointed; audit trail pointed back; copyright page count; counted more timely; counted more timely handoffs; interlibrary loan case,DESCRIPTIVE,reports_usefulness,YES,RESULT,Reviewers counted more; Reviewers counted more timely; audit trail pointed; audit trail pointed back; copyright page count; counted more timely; counted more timely handoffs; interlibrary loan case,DESCRIPTIVE,supports_retrieval,YES
FBV2_DOC_02_library_interlibrary_loan,Interlibrary Loan Queue,FBV2_0018,FBV2_DOC_02_library_interlibrary_loan,Interlibrary Loan Queue,2,How should a library desk route borrowing and lending requests?,lending library notice loses value when patron pickup shelf is copied from an older shift. The case tied to library interlibrary loan case 2-02 needs review before it moves.,lending library notice loses value when patron pickup shelf is copied from an older shift. The case tied to library interlibrary loan case 2-02 needs review before it moves.,LIMITATION,"[""lending library notice"", ""patron pickup shelf"", ""library interlibrary loan case 2-02""]",LIMITED,warns_about,RELEVANT,LIMITATION,"[""lending library notice"", ""patron pickup shelf"", ""library interlibrary loan case 2-02""]",LIMITED,warns_about,RELEVANT,fresh_blind_v2_gold_by_construction_seed_20260623,YES,RELEVANT,NEXT_STEP,2-02 needs review; case 2-02 needs; case 2-02 needs review; interlibrary loan case; interlibrary loan case 2-02; lending library notice; lending library notice loses; library interlibrary loan,noun_chunks_topk_fallback,,,ACTIVE,proposes_next_test,YES,LIMITATION,2-02 needs review; case 2-02 needs; case 2-02 needs review; interlibrary loan case; interlibrary loan case 2-02; lending library notice; lending library notice loses; library interlibrary loan,LIMITED,warns_about,YES,LIMITATION,2-02 needs review; case 2-02 needs; case 2-02 needs review; interlibrary loan case; interlibrary loan case 2-02; lending library notice; lending library notice loses; library interlibrary loan,LIMITED,warns_about,YES
FBV2_DOC_02_library_interlibrary_loan,Interlibrary Loan Queue,FBV2_0019,FBV2_DOC_02_library_interlibrary_loan,Interlibrary Loan Queue,3,How should a library desk route borrowing and lending requests?,"One file has scanner station arriving before shipping label, while library interlibrary loan case 2-03 remains unsigned. The coordinator keeps the case open until the two desk records match.","One file has scanner station arriving before shipping label, while library interlibrary loan case 2-03 remains unsigned. The coordinator keeps the case open until the two desk records match.",EXAMPLE,"[""scanner station"", ""shipping label"", ""library interlibrary loan case 2-03""]",DESCRIPTIVE,gives_example,RELEVANT,EXAMPLE,"[""scanner station"", ""shipping label"", ""library interlibrary loan case 2-03""]",DESCRIPTIVE,gives_example,RELEVANT,fresh_blind_v2_gold_by_construction_seed_20260623,YES,RELEVANT,METHOD,2-03 remains unsigned; case 2-03 remains; case 2-03 remains unsigned; case open until; desk records match; interlibrary loan case; interlibrary loan case 2-03; label while library,noun_chunks_topk_fallback,,,ACTIVE,recommends,YES,METHOD,2-03 remains unsigned; case 2-03 remains; case 2-03 remains unsigned; case open until; desk records match; interlibrary loan case; interlibrary loan case 2-03; label while library,ACTIVE,recommends,YES,EXAMPLE,2-03 remains unsigned; case 2-03 remains; case 2-03 remains unsigned; case open until; desk records match; interlibrary loan case; interlibrary loan case 2-03; label while library,DESCRIPTIVE,gives_example,YES
FBV2_DOC_02_library_interlibrary_loan,Interlibrary Loan Queue,FBV2_0020,FBV2_DOC_02_library_interlibrary_loan,Interlibrary Loan Queue,4,How should a library desk route borrowing and lending requests?,A desk sample showed copyright page count reducing search time when journal issue record was also attached. library interlibrary loan case 2-04 was the field most often opened during review.,A desk sample showed copyright page count reducing search time when journal issue record was also attached. library interlibrary loan case 2-04 was the field most often opened during review.,RESULT,"[""copyright page count"", ""journal issue record"", ""library interlibrary loan case 2-04""]",DESCRIPTIVE,reports_usefulness,RELEVANT,RESULT,"[""copyright page count"", ""journal issue record"", ""library interlibrary loan case 2-04""]",DESCRIPTIVE,reports_usefulness,RELEVANT,fresh_blind_v2_gold_by_construction_seed_20260623,YES,RELEVANT,RESULT,also attached library; also attached library interlibrary; attached library interlibrary; attached library interlibrary loan; case 2-04 was; copyright page count; copyright page count reducing; count reducing search,noun_chunks_topk_fallback,,,DESCRIPTIVE,reports_usefulness,YES,RESULT,also attached library; also attached library interlibrary; attached library interlibrary; attached library interlibrary loan; case 2-04 was; copyright page count; copyright page count reducing; count reducing search,DESCRIPTIVE,reports_usefulness,YES,RESULT,also attached library; also attached library interlibrary; attached library interlibrary; attached library interlibrary loan; case 2-04 was; copyright page count; copyright page count reducing; count reducing search,DESCRIPTIVE,reports_usefulness,YES
FBV2_DOC_02_library_interlibrary_loan,Interlibrary Loan Queue,FBV2_0021,FBV2_DOC_02_library_interlibrary_loan,Interlibrary Loan Queue,5,How should a library desk route borrowing and lending requests?,"The phrase patron pickup shelf points to the record where renewal hold and library interlibrary loan case 2-05 are stored together. Staff use it only for the routing object, not for the entire service.","The phrase patron pickup shelf points to the record where renewal hold and library interlibrary loan case 2-05 are stored together. Staff use it only for the routing object, not for the entire service.",DEFINE,"[""patron pickup shelf"", ""renewal hold"", ""library interlibrary loan case 2-05""]",DESCRIPTIVE,defines,RELEVANT,DEFINE,"[""patron pickup shelf"", ""renewal hold"", ""library interlibrary loan case 2-05""]",DESCRIPTIVE,defines,RELEVANT,fresh_blind_v2_gold_by_construction_seed_20260623,YES,RELEVANT,DEFINE,stored together Staff; interlibrary loan case; interlibrary loan case 2-05; library interlibrary loan; library interlibrary loan case; loan case 2-05; patron pickup shelf; patron pickup shelf points,noun_chunks_topk_fallback,,,DESCRIPTIVE,defines,YES,DEFINE,stored together Staff; interlibrary loan case; interlibrary loan case 2-05; library interlibrary loan; library interlibrary loan case; loan case 2-05; patron pickup shelf; patron pickup shelf points,DESCRIPTIVE,defines,YES,DEFINE,stored together Staff; interlibrary loan case; interlibrary loan case 2-05; library interlibrary loan; library interlibrary loan case; loan case 2-05; patron pickup shelf; patron pickup shelf points,DESCRIPTIVE,defines,YES
FBV2_DOC_02_library_interlibrary_loan,Interlibrary Loan Queue,FBV2_0022,FBV2_DOC_02_library_interlibrary_loan,Interlibrary Loan Queue,6,How should a library desk route borrowing and lending requests?,"Map shipping label to request slip, then send library interlibrary loan case 2-06 to the same queue. The case remains visible until the owner confirms receipt.","Map shipping label to request slip, then send library interlibrary loan case 2-06 to the same queue. The case remains visible until the owner confirms receipt.",METHOD,"[""shipping label"", ""request slip"", ""library interlibrary loan case 2-06""]",ACTIVE,recommends,RELEVANT,METHOD,"[""shipping label"", ""request slip"", ""library interlibrary loan case 2-06""]",ACTIVE,recommends,RELEVANT,fresh_blind_v2_gold_by_construction_seed_20260623,YES,RELEVANT,METHOD,Map shipping label; case remains visible; case remains visible until; interlibrary loan case; interlibrary loan case 2-06; library interlibrary loan; library interlibrary loan case; loan case 2-06,noun_chunks_topk_fallback,,,ACTIVE,maps_to,YES,METHOD,Map shipping label; case remains visible; case remains visible until; interlibrary loan case; interlibrary loan case 2-06; library interlibrary loan; library interlibrary loan case; loan case 2-06,ACTIVE,maps_to,YES,METHOD,Map shipping label; case remains visible; case remains visible until; interlibrary loan case; interlibrary loan case 2-06; library interlibrary loan; library interlibrary loan case; loan case 2-06,ACTIVE,recommends,YES
FBV2_DOC_02_library_interlibrary_loan,Interlibrary Loan Queue,FBV2_0023,FBV2_DOC_02_library_interlibrary_loan,Interlibrary Loan Queue,7,How should a library desk route borrowing and lending requests?,lending library notice is filed next to journal issue record whenever library interlibrary loan case 2-07 is active. That arrangement shows which parts of the work are already on the board.,lending library notice is filed next to journal issue record whenever library interlibrary loan case 2-07 is active. That arrangement shows which parts of the work are already on the board.,BACKGROUND,"[""journal issue record"", ""lending library notice"", ""library interlibrary loan case 2-07""]",DESCRIPTIVE,sets_context,PARTIAL,BACKGROUND,"[""journal issue record"", ""lending library notice"", ""library interlibrary loan case 2-07""]",DESCRIPTIVE,sets_context,PARTIAL,fresh_blind_v2_gold_by_construction_seed_20260623,MAYBE,PARTIAL,DEFINE,lending library notice; journal issue record; interlibrary loan case 2-07,llm_open,lending library notice; journal issue record; interlibrary loan case 2-07,,DESCRIPTIVE,defines,YES,CLAIM,lending library notice; journal issue record; interlibrary loan case 2-07,ACTIVE,asserts,YES,BACKGROUND,lending library notice; journal issue record; interlibrary loan case 2-07,DESCRIPTIVE,sets_context,MAYBE
FBV2_DOC_02_library_interlibrary_loan,Interlibrary Loan Queue,FBV2_0024,FBV2_DOC_02_library_interlibrary_loan,Interlibrary Loan Queue,8,How should a library desk route borrowing and lending requests?,A caller asks about renewal hold while the desk is still waiting for scanner station. The coordinator checks library interlibrary loan case 2-08 before assigning the next owner.,A caller asks about renewal hold while the desk is still waiting for scanner station. The coordinator checks library interlibrary loan case 2-08 before assigning the next owner.,EXAMPLE,"[""renewal hold"", ""scanner station"", ""library interlibrary loan case 2-08""]",DESCRIPTIVE,gives_example,RELEVANT,EXAMPLE,"[""renewal hold"", ""scanner station"", ""library interlibrary loan case 2-08""]",DESCRIPTIVE,gives_example,RELEVANT,fresh_blind_v2_gold_by_construction_seed_20260623,YES,RELEVANT,METHOD,about renewal hold; about renewal hold while; asks about renewal; asks about renewal hold; caller asks about; caller asks about renewal; checks library interlibrary; checks library interlibrary loan,noun_chunks_topk_fallback,,,ACTIVE,recommends,YES,EXAMPLE,about renewal hold; about renewal hold while; asks about renewal; asks about renewal hold; caller asks about; caller asks about renewal; checks library interlibrary; checks library interlibrary loan,DESCRIPTIVE,gives_example,YES,EXAMPLE,about renewal hold; about renewal hold while; asks about renewal; asks about renewal hold; caller asks about; caller asks about renewal; checks library interlibrary; checks library interlibrary loan,DESCRIPTIVE,gives_example,YES
FBV2_DOC_02_library_interlibrary_loan,Interlibrary Loan Queue,FBV2_0025,FBV2_DOC_02_library_interlibrary_loan,Interlibrary Loan Queue,9,How should a library desk route borrowing and lending requests?,The team can run a two-week check on request slip and record how often copyright page count changes the decision. library interlibrary loan case 2-09 should be logged before and after the desk action.,The team can run a two-week check on request slip and record how often copyright page count changes the decision. library interlibrary loan case 2-09 should be logged before and after the desk action.,NEXT_STEP,"[""request slip"", ""copyright page count"", ""library interlibrary loan case 2-09""]",ACTIVE,proposes_next_test,RELEVANT,NEXT_STEP,"[""request slip"", ""copyright page count"", ""library interlibrary loan case 2-09""]",ACTIVE,proposes_next_test,RELEVANT,fresh_blind_v2_gold_by_construction_seed_20260623,YES,RELEVANT,METHOD,copyright page count; copyright page count changes; decision library interlibrary; decision library interlibrary loan; how often copyright; how often copyright page; interlibrary loan case; interlibrary loan case 2-09,noun_chunks_topk_fallback,,,ACTIVE,recommends,YES,RESULT,copyright page count; copyright page count changes; decision library interlibrary; decision library interlibrary loan; how often copyright; how often copyright page; interlibrary loan case; interlibrary loan case 2-09,DESCRIPTIVE,reports_usefulness,YES,NEXT_STEP,copyright page count; copyright page count changes; decision library interlibrary; decision library interlibrary loan; how often copyright; how often copyright page; interlibrary loan case; interlibrary loan case 2-09,ACTIVE,proposes_next_test,YES
FBV2_DOC_02_library_interlibrary_loan,Interlibrary Loan Queue,FBV2_0026,FBV2_DOC_02_library_interlibrary_loan,Interlibrary Loan Queue,10,How should a library desk route borrowing and lending requests?,The desk gains a clearer queue when lending library notice and patron pickup shelf travel together. Separating them leaves library interlibrary loan case 2-10 too much room to steer the decision.,The desk gains a clearer queue when lending library notice and patron pickup shelf travel together. Separating them leaves library interlibrary loan case 2-10 too much room to steer the decision.,CLAIM,"[""lending library notice"", ""patron pickup shelf"", ""library interlibrary loan case 2-10""]",ACTIVE,asserts,RELEVANT,CLAIM,"[""lending library notice"", ""patron pickup shelf"", ""library interlibrary loan case 2-10""]",ACTIVE,asserts,RELEVANT,fresh_blind_v2_gold_by_construction_seed_20260623,YES,RELEVANT,CLAIM,Separating them leaves; Separating them leaves library; shelf travel together Separating; together Separating them; together Separating them leaves; travel together Separating; travel together Separating them; 2-10 too much,noun_chunks_topk_fallback,,,ACTIVE,asserts,YES,CLAIM,Separating them leaves; Separating them leaves library; shelf travel together Separating; together Separating them; together Separating them leaves; travel together Separating; travel together Separating them; 2-10 too much,ACTIVE,asserts,YES,CLAIM,Separating them leaves; Separating them leaves library; shelf travel together Separating; together Separating them; together Separating them leaves; travel together Separating; travel together Separating them; 2-10 too much,ACTIVE,asserts,YES
FBV2_DOC_02_library_interlibrary_loan,Interlibrary Loan Queue,FBV2_0027,FBV2_DOC_02_library_interlibrary_loan,Interlibrary Loan Queue,11,How should a library desk route borrowing and lending requests?,"At shift handover, scanner station and shipping label frame the queue that includes library interlibrary loan case 2-11. The note gives the coordinator enough scene detail to place later entries.","At shift handover, scanner station and shipping label frame the queue that includes library interlibrary loan case 2-11. The note gives the coordinator enough scene detail to place later entries.",BACKGROUND,"[""scanner station"", ""shipping label"", ""library interlibrary loan case 2-11""]",DESCRIPTIVE,sets_context,PARTIAL,BACKGROUND,"[""scanner station"", ""shipping label"", ""library interlibrary loan case 2-11""]",DESCRIPTIVE,sets_context,PARTIAL,fresh_blind_v2_gold_by_construction_seed_20260623,MAYBE,PARTIAL,BACKGROUND,coordinator enough scene; coordinator enough scene detail; enough scene detail; handover scanner station; includes library interlibrary; includes library interlibrary loan; interlibrary loan case; interlibrary loan case 2-11,noun_chunks_topk_fallback,,,DESCRIPTIVE,sets_context,MAYBE,BACKGROUND,coordinator enough scene; coordinator enough scene detail; enough scene detail; handover scanner station; includes library interlibrary; includes library interlibrary loan; interlibrary loan case; interlibrary loan case 2-11,DESCRIPTIVE,sets_context,MAYBE,BACKGROUND,coordinator enough scene; coordinator enough scene detail; enough scene detail; handover scanner station; includes library interlibrary; includes library interlibrary loan; interlibrary loan case; interlibrary loan case 2-11,DESCRIPTIVE,sets_context,MAYBE
FBV2_DOC_02_library_interlibrary_loan,Interlibrary Loan Queue,FBV2_0028,FBV2_DOC_02_library_interlibrary_loan,Interlibrary Loan Queue,12,How should a library desk route borrowing and lending requests?,"Within the office, copyright page count is the working label for a case bundle containing journal issue record and library interlibrary loan case 2-12. It is narrower than the whole daily queue.","Within the office, copyright page count is the working label for a case bundle containing journal issue record and library interlibrary loan case 2-12. It is narrower than the whole daily queue.",DEFINE,"[""copyright page count"", ""journal issue record"", ""library interlibrary loan case 2-12""]",DESCRIPTIVE,defines,RELEVANT,DEFINE,"[""copyright page count"", ""journal issue record"", ""library interlibrary loan case 2-12""]",DESCRIPTIVE,defines,RELEVANT,fresh_blind_v2_gold_by_construction_seed_20260623,YES,RELEVANT,DEFINE,bundle containing journal; bundle containing journal issue; case bundle containing; case bundle containing journal; containing journal issue; containing journal issue record; copyright page count; interlibrary loan case,noun_chunks_topk_fallback,,,DESCRIPTIVE,defines,YES,DEFINE,bundle containing journal; bundle containing journal issue; case bundle containing; case bundle containing journal; containing journal issue; containing journal issue record; copyright page count; interlibrary loan case,DESCRIPTIVE,defines,YES,DEFINE,bundle containing journal; bundle containing journal issue; case bundle containing; case bundle containing journal; containing journal issue; containing journal issue record; copyright page count; interlibrary loan case,DESCRIPTIVE,defines,YES
FBV2_DOC_02_library_interlibrary_loan,Interlibrary Loan Queue,FBV2_0029,FBV2_DOC_02_library_interlibrary_loan,Interlibrary Loan Queue,13,How should a library desk route borrowing and lending requests?,The safer choice comes from reading patron pickup shelf beside renewal hold. Treating library interlibrary loan case 2-13 alone as decisive makes the handoff weaker.,The safer choice comes from reading patron pickup shelf beside renewal hold. Treating library interlibrary loan case 2-13 alone as decisive makes the handoff weaker.,CLAIM,"[""patron pickup shelf"", ""renewal hold"", ""library interlibrary loan case 2-13""]",ACTIVE,asserts,RELEVANT,CLAIM,"[""patron pickup shelf"", ""renewal hold"", ""library interlibrary loan case 2-13""]",ACTIVE,asserts,RELEVANT,fresh_blind_v2_gold_by_construction_seed_20260623,YES,RELEVANT,CLAIM,beside renewal hold Treating; hold Treating library; hold Treating library interlibrary; renewal hold Treating; renewal hold Treating library; Treating library interlibrary; Treating library interlibrary loan; beside renewal hold,noun_chunks_topk_fallback,,,ACTIVE,asserts,YES,CLAIM,beside renewal hold Treating; hold Treating library; hold Treating library interlibrary; renewal hold Treating; renewal hold Treating library; Treating library interlibrary; Treating library interlibrary loan; beside renewal hold,ACTIVE,asserts,YES,CLAIM,beside renewal hold Treating; hold Treating library; hold Treating library interlibrary; renewal hold Treating; renewal hold Treating library; Treating library interlibrary; Treating library interlibrary loan; beside renewal hold,ACTIVE,asserts,YES
FBV2_DOC_02_library_interlibrary_loan,Interlibrary Loan Queue,FBV2_0030,FBV2_DOC_02_library_interlibrary_loan,Interlibrary Loan Queue,14,How should a library desk route borrowing and lending requests?,"Map shipping label to request slip, then send library interlibrary loan case 2-14 to the same queue. The case remains visible until the owner confirms receipt.","Map shipping label to request slip, then send library interlibrary loan case 2-14 to the same queue. The case remains visible until the owner confirms receipt.",METHOD,"[""shipping label"", ""request slip"", ""library interlibrary loan case 2-14""]",ACTIVE,maps_to,RELEVANT,METHOD,"[""shipping label"", ""request slip"", ""library interlibrary loan case 2-14""]",ACTIVE,maps_to,RELEVANT,fresh_blind_v2_gold_by_construction_seed_20260623,YES,RELEVANT,METHOD,Map shipping label; case remains visible; case remains visible until; interlibrary loan case; interlibrary loan case 2-14; library interlibrary loan; library interlibrary loan case; loan case 2-14,noun_chunks_topk_fallback,,,ACTIVE,maps_to,YES,METHOD,Map shipping label; case remains visible; case remains visible until; interlibrary loan case; interlibrary loan case 2-14; library interlibrary loan; library interlibrary loan case; loan case 2-14,ACTIVE,maps_to,YES,METHOD,Map shipping label; case remains visible; case remains visible until; interlibrary loan case; interlibrary loan case 2-14; library interlibrary loan; library interlibrary loan case; loan case 2-14,ACTIVE,maps_to,YES
FBV2_DOC_02_library_interlibrary_loan,Interlibrary Loan Queue,FBV2_0031,FBV2_DOC_02_library_interlibrary_loan,Interlibrary Loan Queue,15,How should a library desk route borrowing and lending requests?,"A file can look complete when journal issue record is present, yet lending library notice may still be missing. That gap keeps library interlibrary loan case 2-15 from being final.","A file can look complete when journal issue record is present, yet lending library notice may still be missing. That gap keeps library interlibrary loan case 2-15 from being final.",LIMITATION,"[""journal issue record"", ""lending library notice"", ""library interlibrary loan case 2-15""]",NEGATED,limits,RELEVANT,LIMITATION,"[""journal issue record"", ""lending library notice"", ""library interlibrary loan case 2-15""]",NEGATED,limits,RELEVANT,fresh_blind_v2_gold_by_construction_seed_20260623,YES,RELEVANT,CLAIM,can look complete; file can look; file can look complete; gap keeps library; gap keeps library interlibrary; interlibrary loan case; interlibrary loan case 2-15; journal issue record,noun_chunks_topk_fallback,,,ACTIVE,asserts,YES,LIMITATION,can look complete; file can look; file can look complete; gap keeps library; gap keeps library interlibrary; interlibrary loan case; interlibrary loan case 2-15; journal issue record,LIMITED,warns_about,YES,LIMITATION,can look complete; file can look; file can look complete; gap keeps library; gap keeps library interlibrary; interlibrary loan case; interlibrary loan case 2-15; journal issue record,NEGATED,limits,YES
FBV2_DOC_02_library_interlibrary_loan,Interlibrary Loan Queue,FBV2_0032,FBV2_DOC_02_library_interlibrary_loan,Interlibrary Loan Queue,16,How should a library desk route borrowing and lending requests?,A later audit should separate cases with renewal hold from cases with only scanner station. The comparison would show whether library interlibrary loan case 2-16 adds routing value.,A later audit should separate cases with renewal hold from cases with only scanner station. The comparison would show whether library interlibrary loan case 2-16 adds routing value.,NEXT_STEP,"[""renewal hold"", ""scanner station"", ""library interlibrary loan case 2-16""]",ACTIVE,proposes_next_test,RELEVANT,NEXT_STEP,"[""renewal hold"", ""scanner station"", ""library interlibrary loan case 2-16""]",ACTIVE,proposes_next_test,RELEVANT,fresh_blind_v2_gold_by_construction_seed_20260623,YES,RELEVANT,NEXT_STEP,2-16 adds routing; 2-16 adds routing value; adds routing value; cases; case 2-16 adds; case 2-16 adds routing; comparison would show; comparison would show whether,noun_chunks_topk_fallback,,,ACTIVE,proposes_next_test,YES,NEXT_STEP,2-16 adds routing; 2-16 adds routing value; adds routing value; cases; case 2-16 adds; case 2-16 adds routing; comparison would show; comparison would show whether,ACTIVE,proposes_next_test,YES,NEXT_STEP,2-16 adds routing; 2-16 adds routing value; adds routing value; cases; case 2-16 adds; case 2-16 adds routing; comparison would show; comparison would show whether,ACTIVE,proposes_next_test,YES
FBV2_DOC_03_emergency_shelter_intake,Emergency Shelter Intake,FBV2_0033,FBV2_DOC_03_emergency_shelter_intake,Emergency Shelter Intake,1,How should a shelter desk route intake and placement decisions?,A coordinator can trust intake form more when transport voucher matches the same timeline. That pairing keeps emergency shelter intake case 3-01 from becoming the sole signal.,A coordinator can trust intake form more when transport voucher matches the same timeline. That pairing keeps emergency shelter intake case 3-01 from becoming the sole signal.,CLAIM,"[""intake form"", ""transport voucher"", ""emergency shelter intake case 3-01""]",ACTIVE,asserts,RELEVANT,CLAIM,"[""intake form"", ""transport voucher"", ""emergency shelter intake case 3-01""]",ACTIVE,asserts,RELEVANT,fresh_blind_v2_gold_by_construction_seed_20260623,YES,RELEVANT,CLAIM,can trust intake; can trust intake form; coordinator can trust; coordinator can trust intake; emergency shelter intake; emergency shelter intake case; intake case 3-01; intake form more,noun_chunks_topk_fallback,,,ACTIVE,asserts,YES,CLAIM,can trust intake; can trust intake form; coordinator can trust; coordinator can trust intake; emergency shelter intake; emergency shelter intake case; intake case 3-01; intake form more,ACTIVE,asserts,YES,CLAIM,can trust intake; can trust intake form; coordinator can trust; coordinator can trust intake; emergency shelter intake; emergency shelter intake case; intake case 3-01; intake form more,ACTIVE,asserts,YES
FBV2_DOC_03_emergency_shelter_intake,Emergency Shelter Intake,FBV2_0034,FBV2_DOC_03_emergency_shelter_intake,Emergency Shelter Intake,2,How should a shelter desk route intake and placement decisions?,The office log pairs family room list with bed turnover sheet because emergency shelter intake case 3-02 often changes during the day. This record sets the working scene for the later decision.,The office log pairs family room list with bed turnover sheet because emergency shelter intake case 3-02 often changes during the day. This record sets the working scene for the later decision.,BACKGROUND,"[""family room list"", ""bed turnover sheet"", ""emergency shelter intake case 3-02""]",DESCRIPTIVE,sets_context,PARTIAL,BACKGROUND,"[""family room list"", ""bed turnover sheet"", ""emergency shelter intake case 3-02""]",DESCRIPTIVE,sets_context,PARTIAL,fresh_blind_v2_gold_by_construction_seed_20260623,MAYBE,PARTIAL,BACKGROUND,day This record; day This record sets; This record sets; 3-02 often changes; 3-02 often changes during; because emergency shelter; because emergency shelter intake; bed turnover sheet,noun_chunks_topk_fallback,,,DESCRIPTIVE,sets_context,MAYBE,LIMITATION,day This record; day This record sets; This record sets; 3-02 often changes; 3-02 often changes during; because emergency shelter; because emergency shelter intake; bed turnover sheet,LIMITED,warns_about,YES,BACKGROUND,day This record; day This record sets; This record sets; 3-02 often changes; 3-02 often changes during; because emergency shelter; because emergency shelter intake; bed turnover sheet,DESCRIPTIVE,sets_context,MAYBE
FBV2_DOC_03_emergency_shelter_intake,Emergency Shelter Intake,FBV2_0035,FBV2_DOC_03_emergency_shelter_intake,Emergency Shelter Intake,3,How should a shelter desk route intake and placement decisions?,"Map pet accommodation note to caseworker callback, then send emergency shelter intake case 3-03 to the same queue. The case remains visible until the owner confirms receipt.","Map pet accommodation note to caseworker callback, then send emergency shelter intake case 3-03 to the same queue. The case remains visible until the owner confirms receipt.",METHOD,"[""pet accommodation note"", ""caseworker callback"", ""emergency shelter intake case 3-03""]",ACTIVE,recommends,RELEVANT,METHOD,"[""pet accommodation note"", ""caseworker callback"", ""emergency shelter intake case 3-03""]",ACTIVE,recommends,RELEVANT,fresh_blind_v2_gold_by_construction_seed_20260623,YES,RELEVANT,METHOD,Map pet accommodation; Map pet accommodation note; case remains visible; case remains visible until; emergency shelter intake; emergency shelter intake case; intake case 3-03; Map pet,noun_chunks_topk_fallback,,,ACTIVE,maps_to,YES,METHOD,Map pet accommodation; Map pet accommodation note; case remains visible; case remains visible until; emergency shelter intake; emergency shelter intake case; intake case 3-03; Map pet,ACTIVE,maps_to,YES,METHOD,Map pet accommodation; Map pet accommodation note; case remains visible; case remains visible until; emergency shelter intake; emergency shelter intake case; intake case 3-03; Map pet,ACTIVE,recommends,YES
FBV2_DOC_03_emergency_shelter_intake,Emergency Shelter Intake,FBV2_0036,FBV2_DOC_03_emergency_shelter_intake,Emergency Shelter Intake,4,How should a shelter desk route intake and placement decisions?,The desk can sample twenty files where transport voucher and meal token drawer disagree. Reviewers would inspect whether emergency shelter intake case 3-04 helps choose the final lane.,The desk can sample twenty files where transport voucher and meal token drawer disagree. Reviewers would inspect whether emergency shelter intake case 3-04 helps choose the final lane.,NEXT_STEP,"[""transport voucher"", ""meal token drawer"", ""emergency shelter intake case 3-04""]",ACTIVE,proposes_next_test,RELEVANT,NEXT_STEP,"[""transport voucher"", ""meal token drawer"", ""emergency shelter intake case 3-04""]",ACTIVE,proposes_next_test,RELEVANT,fresh_blind_v2_gold_by_construction_seed_20260623,YES,RELEVANT,METHOD,disagree Reviewers would; disagree Reviewers would inspect; drawer disagree Reviewers; drawer disagree Reviewers would; Reviewers would inspect; Reviewers would inspect whether; token drawer disagree Reviewers; 3-04 helps choose,noun_chunks_topk_fallback,,human review,ACTIVE,recommends,YES,NEXT_STEP,disagree Reviewers would; disagree Reviewers would inspect; drawer disagree Reviewers; drawer disagree Reviewers would; Reviewers would inspect; Reviewers would inspect whether; token drawer disagree Reviewers; 3-04 helps choose,ACTIVE,proposes_next_test,YES,NEXT_STEP,disagree Reviewers would; disagree Reviewers would inspect; drawer disagree Reviewers; drawer disagree Reviewers would; Reviewers would inspect; Reviewers would inspect whether; token drawer disagree Reviewers; 3-04 helps choose,ACTIVE,proposes_next_test,YES
FBV2_DOC_03_emergency_shelter_intake,Emergency Shelter Intake,FBV2_0037,FBV2_DOC_03_emergency_shelter_intake,Emergency Shelter Intake,5,How should a shelter desk route intake and placement decisions?,A later audit should separate cases with bed turnover sheet from cases with only quiet room request. The comparison would show whether emergency shelter intake case 3-05 adds routing value.,A later audit should separate cases with bed turnover sheet from cases with only quiet room request. The comparison would show whether emergency shelter intake case 3-05 adds routing value.,NEXT_STEP,"[""bed turnover sheet"", ""quiet room request"", ""emergency shelter intake case 3-05""]",ACTIVE,proposes_next_test,RELEVANT,NEXT_STEP,"[""bed turnover sheet"", ""quiet room request"", ""emergency shelter intake case 3-05""]",ACTIVE,proposes_next_test,RELEVANT,fresh_blind_v2_gold_by_construction_seed_20260623,YES,RELEVANT,NEXT_STEP,3-05 adds routing; 3-05 adds routing value; adds routing value; bed turnover sheet; cases; case 3-05 adds; case 3-05 adds routing; comparison would show,noun_chunks_topk_fallback,,,ACTIVE,proposes_next_test,YES,NEXT_STEP,3-05 adds routing; 3-05 adds routing value; adds routing value; bed turnover sheet; cases; case 3-05 adds; case 3-05 adds routing; comparison would show,ACTIVE,proposes_next_test,YES,NEXT_STEP,3-05 adds routing; 3-05 adds routing value; adds routing value; bed turnover sheet; cases; case 3-05 adds; case 3-05 adds routing; comparison would show,ACTIVE,proposes_next_test,YES
FBV2_DOC_03_emergency_shelter_intake,Emergency Shelter Intake,FBV2_0038,FBV2_DOC_03_emergency_shelter_intake,Emergency Shelter Intake,6,How should a shelter desk route intake and placement decisions?,Reviewers counted more timely handoffs when caseworker callback was checked before intake form. The audit trail pointed back to emergency shelter intake case 3-06 on the disputed cases.,Reviewers counted more timely handoffs when caseworker callback was checked before intake form. The audit trail pointed back to emergency shelter intake case 3-06 on the disputed cases.,RESULT,"[""caseworker callback"", ""intake form"", ""emergency shelter intake case 3-06""]",DESCRIPTIVE,reports_usefulness,RELEVANT,RESULT,"[""caseworker callback"", ""intake form"", ""emergency shelter intake case 3-06""]",DESCRIPTIVE,reports_usefulness,RELEVANT,fresh_blind_v2_gold_by_construction_seed_20260623,YES,RELEVANT,RESULT,Reviewers counted more; Reviewers counted more timely; audit trail pointed; audit trail pointed back; callback was checked; caseworker callback was; caseworker callback was checked; counted more timely,noun_chunks_topk_fallback,,audit trail; human review,DESCRIPTIVE,reports_usefulness,YES,RESULT,Reviewers counted more; Reviewers counted more timely; audit trail pointed; audit trail pointed back; callback was checked; caseworker callback was; caseworker callback was checked; counted more timely,DESCRIPTIVE,reports_usefulness,YES,RESULT,Reviewers counted more; Reviewers counted more timely; audit trail pointed; audit trail pointed back; callback was checked; caseworker callback was; caseworker callback was checked; counted more timely,DESCRIPTIVE,reports_usefulness,YES
FBV2_DOC_03_emergency_shelter_intake,Emergency Shelter Intake,FBV2_0039,FBV2_DOC_03_emergency_shelter_intake,Emergency Shelter Intake,7,How should a shelter desk route intake and placement decisions?,The desk gains a clearer queue when meal token drawer and family room list travel together. Separating them leaves emergency shelter intake case 3-07 too much room to steer the decision.,The desk gains a clearer queue when meal token drawer and family room list travel together. Separating them leaves emergency shelter intake case 3-07 too much room to steer the decision.,CLAIM,"[""meal token drawer"", ""family room list"", ""emergency shelter intake case 3-07""]",ACTIVE,asserts,RELEVANT,CLAIM,"[""meal token drawer"", ""family room list"", ""emergency shelter intake case 3-07""]",ACTIVE,asserts,RELEVANT,fresh_blind_v2_gold_by_construction_seed_20260623,YES,RELEVANT,CLAIM,meal token drawer; family room list; emergency shelter intake case 3-07,llm_open,meal token drawer; family room list; emergency shelter intake case 3-07,,ACTIVE,asserts,YES,CLAIM,meal token drawer; family room list; emergency shelter intake case 3-07,ACTIVE,asserts,YES,CLAIM,meal token drawer; family room list; emergency shelter intake case 3-07,ACTIVE,asserts,YES
FBV2_DOC_03_emergency_shelter_intake,Emergency Shelter Intake,FBV2_0040,FBV2_DOC_03_emergency_shelter_intake,Emergency Shelter Intake,8,How should a shelter desk route intake and placement decisions?,quiet room request is the table entry that carries pet accommodation note and emergency shelter intake case 3-08 together. The coordinator treats the entry as one unit during handoff.,quiet room request is the table entry that carries pet accommodation note and emergency shelter intake case 3-08 together. The coordinator treats the entry as one unit during handoff.,DEFINE,"[""quiet room request"", ""pet accommodation note"", ""emergency shelter intake case 3-08""]",DESCRIPTIVE,defines,RELEVANT,DEFINE,"[""quiet room request"", ""pet accommodation note"", ""emergency shelter intake case 3-08""]",DESCRIPTIVE,defines,RELEVANT,fresh_blind_v2_gold_by_construction_seed_20260623,YES,RELEVANT,DEFINE,carries pet accommodation; carries pet accommodation note; case 3-08 together; emergency shelter intake; emergency shelter intake case; intake case 3-08; intake case 3-08 together; one unit during,noun_chunks_topk_fallback,,,DESCRIPTIVE,defines,YES,DEFINE,carries pet accommodation; carries pet accommodation note; case 3-08 together; emergency shelter intake; emergency shelter intake case; intake case 3-08; intake case 3-08 together; one unit during,DESCRIPTIVE,defines,YES,DEFINE,carries pet accommodation; carries pet accommodation note; case 3-08 together; emergency shelter intake; emergency shelter intake case; intake case 3-08; intake case 3-08 together; one unit during,DESCRIPTIVE,defines,YES
FBV2_DOC_03_emergency_shelter_intake,Emergency Shelter Intake,FBV2_0041,FBV2_DOC_03_emergency_shelter_intake,Emergency Shelter Intake,9,How should a shelter desk route intake and placement decisions?,A routine case shows intake form on the morning list and transport voucher in the afternoon packet. emergency shelter intake case 3-09 then explains why the owner changed the lane.,A routine case shows intake form on the morning list and transport voucher in the afternoon packet. emergency shelter intake case 3-09 then explains why the owner changed the lane.,EXAMPLE,"[""intake form"", ""transport voucher"", ""emergency shelter intake case 3-09""]",DESCRIPTIVE,gives_example,RELEVANT,EXAMPLE,"[""intake form"", ""transport voucher"", ""emergency shelter intake case 3-09""]",DESCRIPTIVE,gives_example,RELEVANT,fresh_blind_v2_gold_by_construction_seed_20260623,YES,RELEVANT,EXAMPLE,afternoon packet emergency; afternoon packet emergency shelter; case shows intake; case shows intake form; emergency shelter intake; emergency shelter intake case; intake case 3-09; packet emergency shelter,noun_chunks_topk_fallback,,,DESCRIPTIVE,gives_example,YES,EXAMPLE,afternoon packet emergency; afternoon packet emergency shelter; case shows intake; case shows intake form; emergency shelter intake; emergency shelter intake case; intake case 3-09; packet emergency shelter,DESCRIPTIVE,gives_example,YES,EXAMPLE,afternoon packet emergency; afternoon packet emergency shelter; case shows intake; case shows intake form; emergency shelter intake; emergency shelter intake case; intake case 3-09; packet emergency shelter,DESCRIPTIVE,gives_example,YES
FBV2_DOC_03_emergency_shelter_intake,Emergency Shelter Intake,FBV2_0042,FBV2_DOC_03_emergency_shelter_intake,Emergency Shelter Intake,10,How should a shelter desk route intake and placement decisions?,"family room list can lag behind the desk conversation, so bed turnover sheet may show a fresher view of emergency shelter intake case 3-10. The coordinator cannot close the file from that record alone.","family room list can lag behind the desk conversation, so bed turnover sheet may show a fresher view of emergency shelter intake case 3-10. The coordinator cannot close the file from that record alone.",LIMITATION,"[""family room list"", ""bed turnover sheet"", ""emergency shelter intake case 3-10""]",LIMITED,warns_about,RELEVANT,LIMITATION,"[""family room list"", ""bed turnover sheet"", ""emergency shelter intake case 3-10""]",LIMITED,warns_about,RELEVANT,fresh_blind_v2_gold_by_construction_seed_20260623,YES,RELEVANT,LIMITATION,bed turnover sheet; emergency shelter intake case 3-10; family room list,llm_open,bed turnover sheet; emergency shelter intake case 3-10; family room list,,NEGATED,limits,YES,LIMITATION,bed turnover sheet; emergency shelter intake case 3-10; family room list,NEGATED,limits,YES,LIMITATION,bed turnover sheet; emergency shelter intake case 3-10; family room list,LIMITED,warns_about,YES
FBV2_DOC_03_emergency_shelter_intake,Emergency Shelter Intake,FBV2_0043,FBV2_DOC_03_emergency_shelter_intake,Emergency Shelter Intake,11,How should a shelter desk route intake and placement decisions?,"One Tuesday file carries pet accommodation note, caseworker callback, and a late note about emergency shelter intake case 3-11. The desk uses that mix to show how a small mismatch changes routing.","One Tuesday file carries pet accommodation note, caseworker callback, and a late note about emergency shelter intake case 3-11. The desk uses that mix to show how a small mismatch changes routing.",EXAMPLE,"[""pet accommodation note"", ""caseworker callback"", ""emergency shelter intake case 3-11""]",DESCRIPTIVE,gives_example,RELEVANT,EXAMPLE,"[""pet accommodation note"", ""caseworker callback"", ""emergency shelter intake case 3-11""]",DESCRIPTIVE,gives_example,RELEVANT,fresh_blind_v2_gold_by_construction_seed_20260623,YES,RELEVANT,EXAMPLE,Tuesday file; pet accommodation note; caseworker callback; late note; emergency shelter intake case 3-11,llm_open,Tuesday file; pet accommodation note; caseworker callback; late note; emergency shelter intake case 3-11,mismatch review,DESCRIPTIVE,gives_example,YES,EXAMPLE,Tuesday file; pet accommodation note; caseworker callback; late note; emergency shelter intake case 3-11,DESCRIPTIVE,gives_example,YES,EXAMPLE,Tuesday file; pet accommodation note; caseworker callback; late note; emergency shelter intake case 3-11,DESCRIPTIVE,gives_example,YES
FBV2_DOC_03_emergency_shelter_intake,Emergency Shelter Intake,FBV2_0044,FBV2_DOC_03_emergency_shelter_intake,Emergency Shelter Intake,12,How should a shelter desk route intake and placement decisions?,"A file can look complete when transport voucher is present, yet meal token drawer may still be missing. That gap keeps emergency shelter intake case 3-12 from being final.","A file can look complete when transport voucher is present, yet meal token drawer may still be missing. That gap keeps emergency shelter intake case 3-12 from being final.",LIMITATION,"[""transport voucher"", ""meal token drawer"", ""emergency shelter intake case 3-12""]",LIMITED,warns_about,RELEVANT,LIMITATION,"[""transport voucher"", ""meal token drawer"", ""emergency shelter intake case 3-12""]",LIMITED,warns_about,RELEVANT,fresh_blind_v2_gold_by_construction_seed_20260623,YES,RELEVANT,LIMITATION,can look complete; drawer may still; emergency shelter intake; emergency shelter intake case; file can look; file can look complete; gap keeps emergency; gap keeps emergency shelter,noun_chunks_topk_fallback,,,LIMITED,warns_about,YES,LIMITATION,can look complete; drawer may still; emergency shelter intake; emergency shelter intake case; file can look; file can look complete; gap keeps emergency; gap keeps emergency shelter,LIMITED,warns_about,YES,LIMITATION,can look complete; drawer may still; emergency shelter intake; emergency shelter intake case; file can look; file can look complete; gap keeps emergency; gap keeps emergency shelter,LIMITED,warns_about,YES
FBV2_DOC_03_emergency_shelter_intake,Emergency Shelter Intake,FBV2_0045,FBV2_DOC_03_emergency_shelter_intake,Emergency Shelter Intake,13,How should a shelter desk route intake and placement decisions?,A sample of closed files showed bed turnover sheet missing from several late cases. The same sample had quiet room request and emergency shelter intake case 3-13 in the files that moved cleanly.,A sample of closed files showed bed turnover sheet missing from several late cases. The same sample had quiet room request and emergency shelter intake case 3-13 in the files that moved cleanly.,RESULT,"[""bed turnover sheet"", ""quiet room request"", ""emergency shelter intake case 3-13""]",DESCRIPTIVE,supports_retrieval,RELEVANT,RESULT,"[""bed turnover sheet"", ""quiet room request"", ""emergency shelter intake case 3-13""]",DESCRIPTIVE,supports_retrieval,RELEVANT,fresh_blind_v2_gold_by_construction_seed_20260623,YES,RELEVANT,RESULT,bed turnover sheet; bed turnover sheet missing; closed files showed; closed files showed bed; emergency shelter intake; emergency shelter intake case; files showed bed; files showed bed turnover,noun_chunks_topk_fallback,,,DESCRIPTIVE,reports_usefulness,YES,RESULT,bed turnover sheet; bed turnover sheet missing; closed files showed; closed files showed bed; emergency shelter intake; emergency shelter intake case; files showed bed; files showed bed turnover,DESCRIPTIVE,reports_usefulness,YES,RESULT,bed turnover sheet; bed turnover sheet missing; closed files showed; closed files showed bed; emergency shelter intake; emergency shelter intake case; files showed bed; files showed bed turnover,DESCRIPTIVE,supports_retrieval,YES
FBV2_DOC_03_emergency_shelter_intake,Emergency Shelter Intake,FBV2_0046,FBV2_DOC_03_emergency_shelter_intake,Emergency Shelter Intake,14,How should a shelter desk route intake and placement decisions?,"Before the coordinator touches the queue, caseworker callback and intake form are checked against emergency shelter intake case 3-14. The detail marks the operational setting for the case.","Before the coordinator touches the queue, caseworker callback and intake form are checked against emergency shelter intake case 3-14. The detail marks the operational setting for the case.",BACKGROUND,"[""caseworker callback"", ""intake form"", ""emergency shelter intake case 3-14""]",DESCRIPTIVE,sets_context,PARTIAL,BACKGROUND,"[""caseworker callback"", ""intake form"", ""emergency shelter intake case 3-14""]",DESCRIPTIVE,sets_context,PARTIAL,fresh_blind_v2_gold_by_construction_seed_20260623,MAYBE,PARTIAL,BACKGROUND,against emergency shelter; against emergency shelter intake; checked against emergency; checked against emergency shelter; emergency shelter intake; emergency shelter intake case; intake case 3-14; queue caseworker callback,noun_chunks_topk_fallback,,,DESCRIPTIVE,sets_context,MAYBE,BACKGROUND,against emergency shelter; against emergency shelter intake; checked against emergency; checked against emergency shelter; emergency shelter intake; emergency shelter intake case; intake case 3-14; queue caseworker callback,DESCRIPTIVE,sets_context,MAYBE,BACKGROUND,against emergency shelter; against emergency shelter intake; checked against emergency; checked against emergency shelter; emergency shelter intake; emergency shelter intake case; intake case 3-14; queue caseworker callback,DESCRIPTIVE,sets_context,MAYBE
FBV2_DOC_03_emergency_shelter_intake,Emergency Shelter Intake,FBV2_0047,FBV2_DOC_03_emergency_shelter_intake,Emergency Shelter Intake,15,How should a shelter desk route intake and placement decisions?,Match meal token drawer to family room list before assigning emergency shelter intake case 3-15. The queue owner signs the file after the two entries line up.,Match meal token drawer to family room list before assigning emergency shelter intake case 3-15. The queue owner signs the file after the two entries line up.,METHOD,"[""meal token drawer"", ""family room list"", ""emergency shelter intake case 3-15""]",ACTIVE,recommends,RELEVANT,METHOD,"[""meal token drawer"", ""family room list"", ""emergency shelter intake case 3-15""]",ACTIVE,recommends,RELEVANT,fresh_blind_v2_gold_by_construction_seed_20260623,YES,RELEVANT,METHOD,match meal token drawer; family room list; emergency shelter intake case; queue owner,llm_open,match meal token drawer; family room list; emergency shelter intake case; queue owner,,ACTIVE,recommends,YES,METHOD,match meal token drawer; family room list; emergency shelter intake case; queue owner,ACTIVE,recommends,YES,METHOD,match meal token drawer; family room list; emergency shelter intake case; queue owner,ACTIVE,recommends,YES
FBV2_DOC_03_emergency_shelter_intake,Emergency Shelter Intake,FBV2_0048,FBV2_DOC_03_emergency_shelter_intake,Emergency Shelter Intake,16,How should a shelter desk route intake and placement decisions?,quiet room request is the table entry that carries pet accommodation note and emergency shelter intake case 3-16 together. The coordinator treats the entry as one unit during handoff.,quiet room request is the table entry that carries pet accommodation note and emergency shelter intake case 3-16 together. The coordinator treats the entry as one unit during handoff.,DEFINE,"[""quiet room request"", ""pet accommodation note"", ""emergency shelter intake case 3-16""]",DESCRIPTIVE,defines,RELEVANT,DEFINE,"[""quiet room request"", ""pet accommodation note"", ""emergency shelter intake case 3-16""]",DESCRIPTIVE,defines,RELEVANT,fresh_blind_v2_gold_by_construction_seed_20260623,YES,RELEVANT,DEFINE,carries pet accommodation; carries pet accommodation note; case 3-16 together; emergency shelter intake; emergency shelter intake case; intake case 3-16; intake case 3-16 together; one unit during,noun_chunks_topk_fallback,,,DESCRIPTIVE,defines,YES,DEFINE,carries pet accommodation; carries pet accommodation note; case 3-16 together; emergency shelter intake; emergency shelter intake case; intake case 3-16; intake case 3-16 together; one unit during,DESCRIPTIVE,defines,YES,DEFINE,carries pet accommodation; carries pet accommodation note; case 3-16 together; emergency shelter intake; emergency shelter intake case; intake case 3-16; intake case 3-16 together; one unit during,DESCRIPTIVE,defines,YES
FBV2_DOC_04_veterinary_surgery_roster,Veterinary Surgery Roster,FBV2_0049,FBV2_DOC_04_veterinary_surgery_roster,Veterinary Surgery Roster,1,How should a clinic route surgery scheduling conflicts?,A sample handoff begins with anesthesia chart in place and surgeon availability board missing from the packet. veterinary surgery roster case 4-01 gives the reviewer the reason for keeping the file open.,A sample handoff begins with anesthesia chart in place and surgeon availability board missing from the packet. veterinary surgery roster case 4-01 gives the reviewer the reason for keeping the file open.,EXAMPLE,"[""anesthesia chart"", ""surgeon availability board"", ""veterinary surgery roster case 4-01""]",DESCRIPTIVE,gives_example,RELEVANT,EXAMPLE,"[""anesthesia chart"", ""surgeon availability board"", ""veterinary surgery roster case 4-01""]",DESCRIPTIVE,gives_example,RELEVANT,fresh_blind_v2_gold_by_construction_seed_20260623,YES,RELEVANT,RESULT,availability board missing; case 4-01 gives; packet veterinary surgery; packet veterinary surgery roster; roster case 4-01; roster case 4-01 gives; sample handoff begins; surgeon availability board,noun_chunks_topk_fallback,,human review,DESCRIPTIVE,reports_usefulness,YES,EXAMPLE,availability board missing; case 4-01 gives; packet veterinary surgery; packet veterinary surgery roster; roster case 4-01; roster case 4-01 gives; sample handoff begins; surgeon availability board,DESCRIPTIVE,gives_example,YES,EXAMPLE,availability board missing; case 4-01 gives; packet veterinary surgery; packet veterinary surgery roster; roster case 4-01; roster case 4-01 gives; sample handoff begins; surgeon availability board,DESCRIPTIVE,gives_example,YES
FBV2_DOC_04_veterinary_surgery_roster,Veterinary Surgery Roster,FBV2_0050,FBV2_DOC_04_veterinary_surgery_roster,Veterinary Surgery Roster,2,How should a clinic route surgery scheduling conflicts?,kennel card does not settle the case when fasting confirmation points to a different queue. Staff keep veterinary surgery roster case 4-02 open until a person resolves the conflict.,kennel card does not settle the case when fasting confirmation points to a different queue. Staff keep veterinary surgery roster case 4-02 open until a person resolves the conflict.,LIMITATION,"[""kennel card"", ""fasting confirmation"", ""veterinary surgery roster case 4-02""]",LIMITED,warns_about,RELEVANT,LIMITATION,"[""kennel card"", ""fasting confirmation"", ""veterinary surgery roster case 4-02""]",LIMITED,warns_about,RELEVANT,fresh_blind_v2_gold_by_construction_seed_20260623,YES,RELEVANT,NEXT_STEP,different queue Staff; different queue Staff keep; queue Staff keep; queue Staff keep veterinary; Staff keep veterinary; Staff keep veterinary surgery; 4-02 open until; case 4-02 open,noun_chunks_topk_fallback,,,ACTIVE,proposes_next_test,YES,LIMITATION,different queue Staff; different queue Staff keep; queue Staff keep; queue Staff keep veterinary; Staff keep veterinary; Staff keep veterinary surgery; 4-02 open until; case 4-02 open,NEGATED,limits,YES,LIMITATION,different queue Staff; different queue Staff keep; queue Staff keep; queue Staff keep veterinary; Staff keep veterinary; Staff keep veterinary surgery; 4-02 open until; case 4-02 open,LIMITED,warns_about,YES
FBV2_DOC_04_veterinary_surgery_roster,Veterinary Surgery Roster,FBV2_0051,FBV2_DOC_04_veterinary_surgery_roster,Veterinary Surgery Roster,3,How should a clinic route surgery scheduling conflicts?,A desk sample showed sterile pack cart reducing search time when recovery bay was also attached. veterinary surgery roster case 4-03 was the field most often opened during review.,A desk sample showed sterile pack cart reducing search time when recovery bay was also attached. veterinary surgery roster case 4-03 was the field most often opened during review.,RESULT,"[""sterile pack cart"", ""recovery bay"", ""veterinary surgery roster case 4-03""]",DESCRIPTIVE,supports_retrieval,RELEVANT,RESULT,"[""sterile pack cart"", ""recovery bay"", ""veterinary surgery roster case 4-03""]",DESCRIPTIVE,supports_retrieval,RELEVANT,fresh_blind_v2_gold_by_construction_seed_20260623,YES,RELEVANT,EXAMPLE,also attached veterinary; also attached veterinary surgery; attached veterinary surgery; attached veterinary surgery roster; bay was also; bay was also attached; cart reducing search; cart reducing search time,noun_chunks_topk_fallback,,,DESCRIPTIVE,gives_example,YES,RESULT,also attached veterinary; also attached veterinary surgery; attached veterinary surgery; attached veterinary surgery roster; bay was also; bay was also attached; cart reducing search; cart reducing search time,DESCRIPTIVE,reports_usefulness,YES,RESULT,also attached veterinary; also attached veterinary surgery; attached veterinary surgery; attached veterinary surgery roster; bay was also; bay was also attached; cart reducing search; cart reducing search time,DESCRIPTIVE,supports_retrieval,YES
FBV2_DOC_04_veterinary_surgery_roster,Veterinary Surgery Roster,FBV2_0052,FBV2_DOC_04_veterinary_surgery_roster,Veterinary Surgery Roster,4,How should a clinic route surgery scheduling conflicts?,The safer choice comes from reading surgeon availability board beside lab panel printout. Treating veterinary surgery roster case 4-04 alone as decisive makes the handoff weaker.,The safer choice comes from reading surgeon availability board beside lab panel printout. Treating veterinary surgery roster case 4-04 alone as decisive makes the handoff weaker.,CLAIM,"[""surgeon availability board"", ""lab panel printout"", ""veterinary surgery roster case 4-04""]",NEGATED,asserts,RELEVANT,CLAIM,"[""surgeon availability board"", ""lab panel printout"", ""veterinary surgery roster case 4-04""]",NEGATED,asserts,RELEVANT,fresh_blind_v2_gold_by_construction_seed_20260623,YES,RELEVANT,CLAIM,lab panel printout Treating; panel printout Treating; panel printout Treating veterinary; printout Treating veterinary; printout Treating veterinary surgery; Treating veterinary surgery; Treating veterinary surgery roster; availability board beside,noun_chunks_topk_fallback,,,ACTIVE,asserts,YES,CLAIM,lab panel printout Treating; panel printout Treating; panel printout Treating veterinary; printout Treating veterinary; printout Treating veterinary surgery; Treating veterinary surgery; Treating veterinary surgery roster; availability board beside,ACTIVE,asserts,YES,CLAIM,lab panel printout Treating; panel printout Treating; panel printout Treating veterinary; printout Treating veterinary; printout Treating veterinary surgery; Treating veterinary surgery; Treating veterinary surgery roster; availability board beside,NEGATED,asserts,YES
FBV2_DOC_04_veterinary_surgery_roster,Veterinary Surgery Roster,FBV2_0053,FBV2_DOC_04_veterinary_surgery_roster,Veterinary Surgery Roster,5,How should a clinic route surgery scheduling conflicts?,"A clerk opens the folder with fasting confirmation, client consent form, and veterinary surgery roster case 4-05 on the same page. The entries orient the reader before any claim about priority appears.","A clerk opens the folder with fasting confirmation, client consent form, and veterinary surgery roster case 4-05 on the same page. The entries orient the reader before any claim about priority appears.",BACKGROUND,"[""fasting confirmation"", ""client consent form"", ""veterinary surgery roster case 4-05""]",DESCRIPTIVE,sets_context,PARTIAL,BACKGROUND,"[""fasting confirmation"", ""client consent form"", ""veterinary surgery roster case 4-05""]",DESCRIPTIVE,sets_context,PARTIAL,fresh_blind_v2_gold_by_construction_seed_20260623,MAYBE,PARTIAL,BACKGROUND,about priority appears; any claim about; any claim about priority; claim about priority; claim about priority appears; client consent form; confirmation client consent; confirmation client consent form,noun_chunks_topk_fallback,,consent boundary,DESCRIPTIVE,sets_context,MAYBE,BACKGROUND,about priority appears; any claim about; any claim about priority; claim about priority; claim about priority appears; client consent form; confirmation client consent; confirmation client consent form,DESCRIPTIVE,sets_context,MAYBE,BACKGROUND,about priority appears; any claim about; any claim about priority; claim about priority; claim about priority appears; client consent form; confirmation client consent; confirmation client consent form,DESCRIPTIVE,sets_context,MAYBE
FBV2_DOC_04_veterinary_surgery_roster,Veterinary Surgery Roster,FBV2_0054,FBV2_DOC_04_veterinary_surgery_roster,Veterinary Surgery Roster,6,How should a clinic route surgery scheduling conflicts?,"Group recovery bay with cases that share anesthesia chart, then attach veterinary surgery roster case 4-06 before closure. The clerk records who accepted the handoff.","Group recovery bay with cases that share anesthesia chart, then attach veterinary surgery roster case 4-06 before closure. The clerk records who accepted the handoff.",METHOD,"[""recovery bay"", ""anesthesia chart"", ""veterinary surgery roster case 4-06""]",ACTIVE,recommends,RELEVANT,METHOD,"[""recovery bay"", ""anesthesia chart"", ""veterinary surgery roster case 4-06""]",ACTIVE,recommends,RELEVANT,fresh_blind_v2_gold_by_construction_seed_20260623,YES,RELEVANT,METHOD,recovery bay; anesthesia chart; veterinary surgery roster; closure,llm_open,recovery bay; anesthesia chart; veterinary surgery roster; closure,,ACTIVE,recommends,YES,METHOD,recovery bay; anesthesia chart; veterinary surgery roster; closure,ACTIVE,recommends,YES,METHOD,recovery bay; anesthesia chart; veterinary surgery roster; closure,ACTIVE,recommends,YES
FBV2_DOC_04_veterinary_surgery_roster,Veterinary Surgery Roster,FBV2_0055,FBV2_DOC_04_veterinary_surgery_roster,Veterinary Surgery Roster,7,How should a clinic route surgery scheduling conflicts?,"The office can hold out files containing lab panel printout, then compare them with cases built around kennel card. That review would test whether veterinary surgery roster case 4-07 moves earlier.","The office can hold out files containing lab panel printout, then compare them with cases built around kennel card. That review would test whether veterinary surgery roster case 4-07 moves earlier.",NEXT_STEP,"[""lab panel printout"", ""kennel card"", ""veterinary surgery roster case 4-07""]",ACTIVE,proposes_next_test,RELEVANT,NEXT_STEP,"[""lab panel printout"", ""kennel card"", ""veterinary surgery roster case 4-07""]",ACTIVE,proposes_next_test,RELEVANT,fresh_blind_v2_gold_by_construction_seed_20260623,YES,RELEVANT,NEXT_STEP,4-07 moves earlier; around kennel card; built around kennel; built around kennel card; can hold out; can hold out files; case 4-07 moves; case 4-07 moves earlier,noun_chunks_topk_fallback,,,ACTIVE,proposes_next_test,YES,NEXT_STEP,4-07 moves earlier; around kennel card; built around kennel; built around kennel card; can hold out; can hold out files; case 4-07 moves; case 4-07 moves earlier,ACTIVE,proposes_next_test,YES,NEXT_STEP,4-07 moves earlier; around kennel card; built around kennel; built around kennel card; can hold out; can hold out files; case 4-07 moves; case 4-07 moves earlier,ACTIVE,proposes_next_test,YES
FBV2_DOC_04_veterinary_surgery_roster,Veterinary Surgery Roster,FBV2_0056,FBV2_DOC_04_veterinary_surgery_roster,Veterinary Surgery Roster,8,How should a clinic route surgery scheduling conflicts?,"One closed case includes client consent form and sterile pack cart, but the desk later reopens it after reading veterinary surgery roster case 4-08. The file shows how a small detail changes the lane.","One closed case includes client consent form and sterile pack cart, but the desk later reopens it after reading veterinary surgery roster case 4-08. The file shows how a small detail changes the lane.",EXAMPLE,"[""client consent form"", ""sterile pack cart"", ""veterinary surgery roster case 4-08""]",DESCRIPTIVE,gives_example,RELEVANT,EXAMPLE,"[""client consent form"", ""sterile pack cart"", ""veterinary surgery roster case 4-08""]",DESCRIPTIVE,gives_example,RELEVANT,fresh_blind_v2_gold_by_construction_seed_20260623,YES,RELEVANT,EXAMPLE,One closed case; One closed case includes; after reading veterinary; after reading veterinary surgery; case includes client; case includes client consent; client consent form; closed case includes,noun_chunks_topk_fallback,,consent boundary,DESCRIPTIVE,gives_example,YES,EXAMPLE,One closed case; One closed case includes; after reading veterinary; after reading veterinary surgery; case includes client; case includes client consent; client consent form; closed case includes,DESCRIPTIVE,gives_example,YES,EXAMPLE,One closed case; One closed case includes; after reading veterinary; after reading veterinary surgery; case includes client; case includes client consent; client consent form; closed case includes,DESCRIPTIVE,gives_example,YES
FBV2_DOC_04_veterinary_surgery_roster,Veterinary Surgery Roster,FBV2_0057,FBV2_DOC_04_veterinary_surgery_roster,Veterinary Surgery Roster,9,How should a clinic route surgery scheduling conflicts?,The trial desk saw fewer repeated calls after anesthesia chart was paired with surgeon availability board. Staff later pulled veterinary surgery roster case 4-09 when checking why the change helped.,The trial desk saw fewer repeated calls after anesthesia chart was paired with surgeon availability board. Staff later pulled veterinary surgery roster case 4-09 when checking why the change helped.,RESULT,"[""anesthesia chart"", ""surgeon availability board"", ""veterinary surgery roster case 4-09""]",DESCRIPTIVE,supports_retrieval,RELEVANT,RESULT,"[""anesthesia chart"", ""surgeon availability board"", ""veterinary surgery roster case 4-09""]",DESCRIPTIVE,supports_retrieval,RELEVANT,fresh_blind_v2_gold_by_construction_seed_20260623,YES,RELEVANT,NEXT_STEP,availability board Staff; availability board Staff later; board Staff later; board Staff later pulled; Staff later pulled; Staff later pulled veterinary; surgeon availability board Staff; after anesthesia chart,noun_chunks_topk_fallback,,,ACTIVE,proposes_next_test,YES,RESULT,availability board Staff; availability board Staff later; board Staff later; board Staff later pulled; Staff later pulled; Staff later pulled veterinary; surgeon availability board Staff; after anesthesia chart,DESCRIPTIVE,reports_usefulness,YES,RESULT,availability board Staff; availability board Staff later; board Staff later; board Staff later pulled; Staff later pulled; Staff later pulled veterinary; surgeon availability board Staff; after anesthesia chart,DESCRIPTIVE,supports_retrieval,YES
FBV2_DOC_04_veterinary_surgery_roster,Veterinary Surgery Roster,FBV2_0058,FBV2_DOC_04_veterinary_surgery_roster,Veterinary Surgery Roster,10,How should a clinic route surgery scheduling conflicts?,The office should reserve a blind sample of files containing kennel card. Reviewers can compare those files with fasting confirmation and score how veterinary surgery roster case 4-10 affected handoff.,The office should reserve a blind sample of files containing kennel card. Reviewers can compare those files with fasting confirmation and score how veterinary surgery roster case 4-10 affected handoff.,NEXT_STEP,"[""kennel card"", ""fasting confirmation"", ""veterinary surgery roster case 4-10""]",ACTIVE,proposes_next_test,RELEVANT,NEXT_STEP,"[""kennel card"", ""fasting confirmation"", ""veterinary surgery roster case 4-10""]",ACTIVE,proposes_next_test,RELEVANT,fresh_blind_v2_gold_by_construction_seed_20260623,YES,RELEVANT,METHOD,card Reviewers can; card Reviewers can compare; containing kennel card Reviewers; kennel card Reviewers; kennel card Reviewers can; Reviewers can compare; Reviewers can compare those; 4-10 affected handoff,noun_chunks_topk_fallback,,evaluation; human review,ACTIVE,recommends,YES,NEXT_STEP,card Reviewers can; card Reviewers can compare; containing kennel card Reviewers; kennel card Reviewers; kennel card Reviewers can; Reviewers can compare; Reviewers can compare those; 4-10 affected handoff,ACTIVE,proposes_next_test,YES,NEXT_STEP,card Reviewers can; card Reviewers can compare; containing kennel card Reviewers; kennel card Reviewers; kennel card Reviewers can; Reviewers can compare; Reviewers can compare those; 4-10 affected handoff,ACTIVE,proposes_next_test,YES
FBV2_DOC_04_veterinary_surgery_roster,Veterinary Surgery Roster,FBV2_0059,FBV2_DOC_04_veterinary_surgery_roster,Veterinary Surgery Roster,11,How should a clinic route surgery scheduling conflicts?,The desk can misread sterile pack cart when recovery bay arrives late. veterinary surgery roster case 4-11 stays provisional while the two records are reconciled.,The desk can misread sterile pack cart when recovery bay arrives late. veterinary surgery roster case 4-11 stays provisional while the two records are reconciled.,LIMITATION,"[""sterile pack cart"", ""recovery bay"", ""veterinary surgery roster case 4-11""]",NEGATED,limits,RELEVANT,LIMITATION,"[""sterile pack cart"", ""recovery bay"", ""veterinary surgery roster case 4-11""]",NEGATED,limits,RELEVANT,fresh_blind_v2_gold_by_construction_seed_20260623,YES,RELEVANT,LIMITATION,4-11 stays provisional; 4-11 stays provisional while; arrives late veterinary; arrives late veterinary surgery; bay arrives late; bay arrives late veterinary; can misread sterile; can misread sterile pack,noun_chunks_topk_fallback,,,LIMITED,warns_about,YES,LIMITATION,4-11 stays provisional; 4-11 stays provisional while; arrives late veterinary; arrives late veterinary surgery; bay arrives late; bay arrives late veterinary; can misread sterile; can misread sterile pack,LIMITED,warns_about,YES,LIMITATION,4-11 stays provisional; 4-11 stays provisional while; arrives late veterinary; arrives late veterinary surgery; bay arrives late; bay arrives late veterinary; can misread sterile; can misread sterile pack,NEGATED,limits,YES
FBV2_DOC_04_veterinary_surgery_roster,Veterinary Surgery Roster,FBV2_0060,FBV2_DOC_04_veterinary_surgery_roster,Veterinary Surgery Roster,12,How should a clinic route surgery scheduling conflicts?,Match surgeon availability board to lab panel printout before assigning veterinary surgery roster case 4-12. The queue owner signs the file after the two entries line up.,Match surgeon availability board to lab panel printout before assigning veterinary surgery roster case 4-12. The queue owner signs the file after the two entries line up.,METHOD,"[""surgeon availability board"", ""lab panel printout"", ""veterinary surgery roster case 4-12""]",ACTIVE,recommends,RELEVANT,METHOD,"[""surgeon availability board"", ""lab panel printout"", ""veterinary surgery roster case 4-12""]",ACTIVE,recommends,RELEVANT,fresh_blind_v2_gold_by_construction_seed_20260623,YES,RELEVANT,METHOD,Match surgeon availability; Match surgeon availability board; assigning veterinary surgery; assigning veterinary surgery roster; entries line up; lab panel printout; Match surgeon; queue owner signs,noun_chunks_topk_fallback,,,ACTIVE,recommends,YES,METHOD,Match surgeon availability; Match surgeon availability board; assigning veterinary surgery; assigning veterinary surgery roster; entries line up; lab panel printout; Match surgeon; queue owner signs,ACTIVE,recommends,YES,METHOD,Match surgeon availability; Match surgeon availability board; assigning veterinary surgery; assigning veterinary surgery roster; entries line up; lab panel printout; Match surgeon; queue owner signs,ACTIVE,recommends,YES
FBV2_DOC_04_veterinary_surgery_roster,Veterinary Surgery Roster,FBV2_0061,FBV2_DOC_04_veterinary_surgery_roster,Veterinary Surgery Roster,13,How should a clinic route surgery scheduling conflicts?,"A clerk opens the folder with fasting confirmation, client consent form, and veterinary surgery roster case 4-13 on the same page. The entries orient the reader before any claim about priority appears.","A clerk opens the folder with fasting confirmation, client consent form, and veterinary surgery roster case 4-13 on the same page. The entries orient the reader before any claim about priority appears.",BACKGROUND,"[""fasting confirmation"", ""client consent form"", ""veterinary surgery roster case 4-13""]",DESCRIPTIVE,sets_context,PARTIAL,BACKGROUND,"[""fasting confirmation"", ""client consent form"", ""veterinary surgery roster case 4-13""]",DESCRIPTIVE,sets_context,PARTIAL,fresh_blind_v2_gold_by_construction_seed_20260623,MAYBE,PARTIAL,BACKGROUND,about priority appears; any claim about; any claim about priority; claim about priority; claim about priority appears; client consent form; confirmation client consent; confirmation client consent form,noun_chunks_topk_fallback,,consent boundary,DESCRIPTIVE,sets_context,MAYBE,BACKGROUND,about priority appears; any claim about; any claim about priority; claim about priority; claim about priority appears; client consent form; confirmation client consent; confirmation client consent form,DESCRIPTIVE,sets_context,MAYBE,BACKGROUND,about priority appears; any claim about; any claim about priority; claim about priority; claim about priority appears; client consent form; confirmation client consent; confirmation client consent form,DESCRIPTIVE,sets_context,MAYBE
FBV2_DOC_04_veterinary_surgery_roster,Veterinary Surgery Roster,FBV2_0062,FBV2_DOC_04_veterinary_surgery_roster,Veterinary Surgery Roster,14,How should a clinic route surgery scheduling conflicts?,"Within the office, recovery bay is the working label for a case bundle containing anesthesia chart and veterinary surgery roster case 4-14. It is narrower than the whole daily queue.","Within the office, recovery bay is the working label for a case bundle containing anesthesia chart and veterinary surgery roster case 4-14. It is narrower than the whole daily queue.",DEFINE,"[""recovery bay"", ""anesthesia chart"", ""veterinary surgery roster case 4-14""]",DESCRIPTIVE,defines,RELEVANT,DEFINE,"[""recovery bay"", ""anesthesia chart"", ""veterinary surgery roster case 4-14""]",DESCRIPTIVE,defines,RELEVANT,fresh_blind_v2_gold_by_construction_seed_20260623,YES,RELEVANT,DEFINE,bundle containing anesthesia; bundle containing anesthesia chart; case bundle containing; case bundle containing anesthesia; containing anesthesia chart; office recovery bay; roster case 4-14; surgery roster case,noun_chunks_topk_fallback,,,DESCRIPTIVE,defines,YES,DEFINE,bundle containing anesthesia; bundle containing anesthesia chart; case bundle containing; case bundle containing anesthesia; containing anesthesia chart; office recovery bay; roster case 4-14; surgery roster case,DESCRIPTIVE,defines,YES,DEFINE,bundle containing anesthesia; bundle containing anesthesia chart; case bundle containing; case bundle containing anesthesia; containing anesthesia chart; office recovery bay; roster case 4-14; surgery roster case,DESCRIPTIVE,defines,YES
FBV2_DOC_04_veterinary_surgery_roster,Veterinary Surgery Roster,FBV2_0063,FBV2_DOC_04_veterinary_surgery_roster,Veterinary Surgery Roster,15,How should a clinic route surgery scheduling conflicts?,"The phrase lab panel printout points to the record where kennel card and veterinary surgery roster case 4-15 are stored together. Staff use it only for the routing object, not for the entire service.","The phrase lab panel printout points to the record where kennel card and veterinary surgery roster case 4-15 are stored together. Staff use it only for the routing object, not for the entire service.",DEFINE,"[""lab panel printout"", ""kennel card"", ""veterinary surgery roster case 4-15""]",DESCRIPTIVE,defines,RELEVANT,DEFINE,"[""lab panel printout"", ""kennel card"", ""veterinary surgery roster case 4-15""]",DESCRIPTIVE,defines,RELEVANT,fresh_blind_v2_gold_by_construction_seed_20260623,YES,RELEVANT,DEFINE,stored together Staff; lab panel printout; lab panel printout points; panel printout points; phrase lab panel; phrase lab panel printout; roster case 4-15; surgery roster case,noun_chunks_topk_fallback,,,DESCRIPTIVE,defines,YES,DEFINE,stored together Staff; lab panel printout; lab panel printout points; panel printout points; phrase lab panel; phrase lab panel printout; roster case 4-15; surgery roster case,DESCRIPTIVE,defines,YES,DEFINE,stored together Staff; lab panel printout; lab panel printout points; panel printout points; phrase lab panel; phrase lab panel printout; roster case 4-15; surgery roster case,DESCRIPTIVE,defines,YES
FBV2_DOC_04_veterinary_surgery_roster,Veterinary Surgery Roster,FBV2_0064,FBV2_DOC_04_veterinary_surgery_roster,Veterinary Surgery Roster,16,How should a clinic route surgery scheduling conflicts?,client consent form deserves priority only when sterile pack cart shows the same pressure. Otherwise veterinary surgery roster case 4-16 may exaggerate the urgency of the case.,client consent form deserves priority only when sterile pack cart shows the same pressure. Otherwise veterinary surgery roster case 4-16 may exaggerate the urgency of the case.,CLAIM,"[""client consent form"", ""sterile pack cart"", ""veterinary surgery roster case 4-16""]",NEGATED,asserts,RELEVANT,CLAIM,"[""client consent form"", ""sterile pack cart"", ""veterinary surgery roster case 4-16""]",NEGATED,asserts,RELEVANT,fresh_blind_v2_gold_by_construction_seed_20260623,YES,RELEVANT,CLAIM,client consent form; sterile pack cart; veterinary surgery roster; case 4-16,llm_open,client consent form; sterile pack cart; veterinary surgery roster; case 4-16,consent boundary,ACTIVE,asserts,YES,CLAIM,client consent form; sterile pack cart; veterinary surgery roster; case 4-16,ACTIVE,asserts,YES,CLAIM,client consent form; sterile pack cart; veterinary surgery roster; case 4-16,NEGATED,asserts,YES
FBV2_DOC_05_ferry_terminal_loading,Ferry Terminal Loading,FBV2_0065,FBV2_DOC_05_ferry_terminal_loading,Ferry Terminal Loading,1,How should a terminal route vehicle loading and ramp changes?,"During the pilot, lane marshal sheet matched the queue state more often than ramp inspection card. The team used ferry terminal loading case 5-01 to confirm the pattern.","During the pilot, lane marshal sheet matched the queue state more often than ramp inspection card. The team used ferry terminal loading case 5-01 to confirm the pattern.",RESULT,"[""lane marshal sheet"", ""ramp inspection card"", ""ferry terminal loading case 5-01""]",DESCRIPTIVE,supports_retrieval,RELEVANT,RESULT,"[""lane marshal sheet"", ""ramp inspection card"", ""ferry terminal loading case 5-01""]",DESCRIPTIVE,supports_retrieval,RELEVANT,fresh_blind_v2_gold_by_construction_seed_20260623,YES,RELEVANT,EXAMPLE,ferry terminal loading; ferry terminal loading case; lane marshal sheet; lane marshal sheet matched; loading case 5-01; marshal sheet matched; pilot lane marshal; pilot lane marshal sheet,noun_chunks_topk_fallback,,,DESCRIPTIVE,gives_example,YES,RESULT,ferry terminal loading; ferry terminal loading case; lane marshal sheet; lane marshal sheet matched; loading case 5-01; marshal sheet matched; pilot lane marshal; pilot lane marshal sheet,DESCRIPTIVE,reports_usefulness,YES,RESULT,ferry terminal loading; ferry terminal loading case; lane marshal sheet; lane marshal sheet matched; loading case 5-01; marshal sheet matched; pilot lane marshal; pilot lane marshal sheet,DESCRIPTIVE,supports_retrieval,YES
FBV2_DOC_05_ferry_terminal_loading,Ferry Terminal Loading,FBV2_0066,FBV2_DOC_05_ferry_terminal_loading,Ferry Terminal Loading,2,How should a terminal route vehicle loading and ramp changes?,vehicle height tag is the table entry that carries standby queue and ferry terminal loading case 5-02 together. The coordinator treats the entry as one unit during handoff.,vehicle height tag is the table entry that carries standby queue and ferry terminal loading case 5-02 together. The coordinator treats the entry as one unit during handoff.,DEFINE,"[""vehicle height tag"", ""standby queue"", ""ferry terminal loading case 5-02""]",DESCRIPTIVE,defines,RELEVANT,DEFINE,"[""vehicle height tag"", ""standby queue"", ""ferry terminal loading case 5-02""]",DESCRIPTIVE,defines,RELEVANT,fresh_blind_v2_gold_by_construction_seed_20260623,YES,RELEVANT,DEFINE,carries standby queue; case 5-02 together; ferry terminal loading; ferry terminal loading case; loading case 5-02; loading case 5-02 together; one unit during; one unit during handoff,noun_chunks_topk_fallback,,,DESCRIPTIVE,defines,YES,DEFINE,carries standby queue; case 5-02 together; ferry terminal loading; ferry terminal loading case; loading case 5-02; loading case 5-02 together; one unit during; one unit during handoff,DESCRIPTIVE,defines,YES,DEFINE,carries standby queue; case 5-02 together; ferry terminal loading; ferry terminal loading case; loading case 5-02; loading case 5-02 together; one unit during; one unit during handoff,DESCRIPTIVE,defines,YES
FBV2_DOC_05_ferry_terminal_loading,Ferry Terminal Loading,FBV2_0067,FBV2_DOC_05_ferry_terminal_loading,Ferry Terminal Loading,3,How should a terminal route vehicle loading and ramp changes?,tidal clearance note cannot carry the route by itself if deck balance sheet is blank. The desk leaves ferry terminal loading case 5-03 in review until another record confirms it.,tidal clearance note cannot carry the route by itself if deck balance sheet is blank. The desk leaves ferry terminal loading case 5-03 in review until another record confirms it.,LIMITATION,"[""tidal clearance note"", ""deck balance sheet"", ""ferry terminal loading case 5-03""]",NEGATED,limits,RELEVANT,LIMITATION,"[""tidal clearance note"", ""deck balance sheet"", ""ferry terminal loading case 5-03""]",NEGATED,limits,RELEVANT,fresh_blind_v2_gold_by_construction_seed_20260623,YES,RELEVANT,METHOD,route; deck balance sheet,llm_open,route; deck balance sheet,,ACTIVE,recommends,YES,LIMITATION,route; deck balance sheet,NEGATED,limits,YES,LIMITATION,route; deck balance sheet,NEGATED,limits,YES
FBV2_DOC_05_ferry_terminal_loading,Ferry Terminal Loading,FBV2_0068,FBV2_DOC_05_ferry_terminal_loading,Ferry Terminal Loading,4,How should a terminal route vehicle loading and ramp changes?,"The phrase ramp inspection card points to the record where hazmat declaration and ferry terminal loading case 5-04 are stored together. Staff use it only for the routing object, not for the entire service.","The phrase ramp inspection card points to the record where hazmat declaration and ferry terminal loading case 5-04 are stored together. Staff use it only for the routing object, not for the entire service.",DEFINE,"[""ramp inspection card"", ""hazmat declaration"", ""ferry terminal loading case 5-04""]",DESCRIPTIVE,defines,RELEVANT,DEFINE,"[""ramp inspection card"", ""hazmat declaration"", ""ferry terminal loading case 5-04""]",DESCRIPTIVE,defines,RELEVANT,fresh_blind_v2_gold_by_construction_seed_20260623,YES,RELEVANT,DEFINE,stored together Staff; ferry terminal loading; ferry terminal loading case; inspection card points; loading case 5-04; phrase ramp inspection; phrase ramp inspection card; ramp inspection card,noun_chunks_topk_fallback,,,DESCRIPTIVE,defines,YES,DEFINE,stored together Staff; ferry terminal loading; ferry terminal loading case; inspection card points; loading case 5-04; phrase ramp inspection; phrase ramp inspection card; ramp inspection card,DESCRIPTIVE,defines,YES,DEFINE,stored together Staff; ferry terminal loading; ferry terminal loading case; inspection card points; loading case 5-04; phrase ramp inspection; phrase ramp inspection card; ramp inspection card,DESCRIPTIVE,defines,YES
FBV2_DOC_05_ferry_terminal_loading,Ferry Terminal Loading,FBV2_0069,FBV2_DOC_05_ferry_terminal_loading,Ferry Terminal Loading,5,How should a terminal route vehicle loading and ramp changes?,"standby queue is useful until boarding cut-off time changes after the first review. At that point, ferry terminal loading case 5-05 needs a second check before the route is trusted.","standby queue is useful until boarding cut-off time changes after the first review. At that point, ferry terminal loading case 5-05 needs a second check before the route is trusted.",LIMITATION,"[""standby queue"", ""boarding cut-off time"", ""ferry terminal loading case 5-05""]",NEGATED,limits,RELEVANT,LIMITATION,"[""standby queue"", ""boarding cut-off time"", ""ferry terminal loading case 5-05""]",NEGATED,limits,RELEVANT,fresh_blind_v2_gold_by_construction_seed_20260623,YES,RELEVANT,LIMITATION,boarding cut-off time; boarding cut-off time changes; case 5-05 needs; cut-off time changes; cut-off time changes after; ferry terminal loading; ferry terminal loading case; loading case 5-05,noun_chunks_topk_fallback,,,LIMITED,warns_about,YES,NEXT_STEP,boarding cut-off time; boarding cut-off time changes; case 5-05 needs; cut-off time changes; cut-off time changes after; ferry terminal loading; ferry terminal loading case; loading case 5-05,ACTIVE,proposes_next_test,YES,LIMITATION,boarding cut-off time; boarding cut-off time changes; case 5-05 needs; cut-off time changes; cut-off time changes after; ferry terminal loading; ferry terminal loading case; loading case 5-05,NEGATED,limits,YES
FBV2_DOC_05_ferry_terminal_loading,Ferry Terminal Loading,FBV2_0070,FBV2_DOC_05_ferry_terminal_loading,Ferry Terminal Loading,6,How should a terminal route vehicle loading and ramp changes?,The queue is easier to defend when deck balance sheet anchors the file and lane marshal sheet narrows it. A route based on ferry terminal loading case 5-06 alone is less stable.,The queue is easier to defend when deck balance sheet anchors the file and lane marshal sheet narrows it. A route based on ferry terminal loading case 5-06 alone is less stable.,CLAIM,"[""deck balance sheet"", ""lane marshal sheet"", ""ferry terminal loading case 5-06""]",ACTIVE,asserts,RELEVANT,CLAIM,"[""deck balance sheet"", ""lane marshal sheet"", ""ferry terminal loading case 5-06""]",ACTIVE,asserts,RELEVANT,fresh_blind_v2_gold_by_construction_seed_20260623,YES,RELEVANT,CLAIM,deck balance sheet; lane marshal sheet; ferry terminal loading case 5-06,llm_open,deck balance sheet; lane marshal sheet; ferry terminal loading case 5-06,,ACTIVE,asserts,YES,CLAIM,deck balance sheet; lane marshal sheet; ferry terminal loading case 5-06,ACTIVE,asserts,YES,CLAIM,deck balance sheet; lane marshal sheet; ferry terminal loading case 5-06,ACTIVE,asserts,YES
FBV2_DOC_05_ferry_terminal_loading,Ferry Terminal Loading,FBV2_0071,FBV2_DOC_05_ferry_terminal_loading,Ferry Terminal Loading,7,How should a terminal route vehicle loading and ramp changes?,Pairing hazmat declaration with vehicle height tag gives the coordinator a sturdier basis for judging ferry terminal loading case 5-07. A case routed from only one of those records is easier to misplace.,Pairing hazmat declaration with vehicle height tag gives the coordinator a sturdier basis for judging ferry terminal loading case 5-07. A case routed from only one of those records is easier to misplace.,CLAIM,"[""hazmat declaration"", ""vehicle height tag"", ""ferry terminal loading case 5-07""]",ACTIVE,asserts,RELEVANT,CLAIM,"[""hazmat declaration"", ""vehicle height tag"", ""ferry terminal loading case 5-07""]",ACTIVE,asserts,RELEVANT,fresh_blind_v2_gold_by_construction_seed_20260623,YES,RELEVANT,CLAIM,Pairing hazmat declaration; ferry terminal loading; ferry terminal loading case; height tag gives; judging ferry terminal; judging ferry terminal loading; loading case 5-07; Pairing hazmat,noun_chunks_topk_fallback,,,ACTIVE,asserts,YES,CLAIM,Pairing hazmat declaration; ferry terminal loading; ferry terminal loading case; height tag gives; judging ferry terminal; judging ferry terminal loading; loading case 5-07; Pairing hazmat,ACTIVE,asserts,YES,CLAIM,Pairing hazmat declaration; ferry terminal loading; ferry terminal loading case; height tag gives; judging ferry terminal; judging ferry terminal loading; loading case 5-07; Pairing hazmat,ACTIVE,asserts,YES
FBV2_DOC_05_ferry_terminal_loading,Ferry Terminal Loading,FBV2_0072,FBV2_DOC_05_ferry_terminal_loading,Ferry Terminal Loading,8,How should a terminal route vehicle loading and ramp changes?,"One closed case includes boarding cut-off time and tidal clearance note, but the desk later reopens it after reading ferry terminal loading case 5-08. The file shows how a small detail changes the lane.","One closed case includes boarding cut-off time and tidal clearance note, but the desk later reopens it after reading ferry terminal loading case 5-08. The file shows how a small detail changes the lane.",EXAMPLE,"[""boarding cut-off time"", ""tidal clearance note"", ""ferry terminal loading case 5-08""]",DESCRIPTIVE,gives_example,RELEVANT,EXAMPLE,"[""boarding cut-off time"", ""tidal clearance note"", ""ferry terminal loading case 5-08""]",DESCRIPTIVE,gives_example,RELEVANT,fresh_blind_v2_gold_by_construction_seed_20260623,YES,RELEVANT,EXAMPLE,One closed case; One closed case includes; after reading ferry; after reading ferry terminal; boarding cut-off time; case includes boarding; case includes boarding cut-off; clearance note but,noun_chunks_topk_fallback,,,DESCRIPTIVE,gives_example,YES,EXAMPLE,One closed case; One closed case includes; after reading ferry; after reading ferry terminal; boarding cut-off time; case includes boarding; case includes boarding cut-off; clearance note but,DESCRIPTIVE,gives_example,YES,EXAMPLE,One closed case; One closed case includes; after reading ferry; after reading ferry terminal; boarding cut-off time; case includes boarding; case includes boarding cut-off; clearance note but,DESCRIPTIVE,gives_example,YES
FBV2_DOC_05_ferry_terminal_loading,Ferry Terminal Loading,FBV2_0073,FBV2_DOC_05_ferry_terminal_loading,Ferry Terminal Loading,9,How should a terminal route vehicle loading and ramp changes?,lane marshal sheet sits beside ramp inspection card at the opening desk while ferry terminal loading case 5-09 waits for review. Staff read the packet to understand the day before any routing choice moves.,lane marshal sheet sits beside ramp inspection card at the opening desk while ferry terminal loading case 5-09 waits for review. Staff read the packet to understand the day before any routing choice moves.,BACKGROUND,"[""lane marshal sheet"", ""ramp inspection card"", ""ferry terminal loading case 5-09""]",DESCRIPTIVE,sets_context,NOT_RELEVANT,BACKGROUND,"[""lane marshal sheet"", ""ramp inspection card"", ""ferry terminal loading case 5-09""]",DESCRIPTIVE,sets_context,NOT_RELEVANT,fresh_blind_v2_gold_by_construction_seed_20260623,NO,NOT_RELEVANT,EXAMPLE,review Staff read; any routing choice; any routing choice moves; beside ramp inspection; beside ramp inspection card; case 5-09 waits; desk while ferry; desk while ferry terminal,noun_chunks_topk_fallback,,,DESCRIPTIVE,gives_example,YES,BACKGROUND,review Staff read; any routing choice; any routing choice moves; beside ramp inspection; beside ramp inspection card; case 5-09 waits; desk while ferry; desk while ferry terminal,DESCRIPTIVE,sets_context,MAYBE,BACKGROUND,review Staff read; any routing choice; any routing choice moves; beside ramp inspection; beside ramp inspection card; case 5-09 waits; desk while ferry; desk while ferry terminal,DESCRIPTIVE,sets_context,NO
FBV2_DOC_05_ferry_terminal_loading,Ferry Terminal Loading,FBV2_0074,FBV2_DOC_05_ferry_terminal_loading,Ferry Terminal Loading,10,How should a terminal route vehicle loading and ramp changes?,"A clerk opens the folder with vehicle height tag, standby queue, and ferry terminal loading case 5-10 on the same page. The entries orient the reader before any claim about priority appears.","A clerk opens the folder with vehicle height tag, standby queue, and ferry terminal loading case 5-10 on the same page. The entries orient the reader before any claim about priority appears.",BACKGROUND,"[""vehicle height tag"", ""standby queue"", ""ferry terminal loading case 5-10""]",DESCRIPTIVE,sets_context,PARTIAL,BACKGROUND,"[""vehicle height tag"", ""standby queue"", ""ferry terminal loading case 5-10""]",DESCRIPTIVE,sets_context,PARTIAL,fresh_blind_v2_gold_by_construction_seed_20260623,MAYBE,PARTIAL,BACKGROUND,about priority appears; any claim about; any claim about priority; claim about priority; claim about priority appears; ferry terminal loading; ferry terminal loading case; height tag standby,noun_chunks_topk_fallback,,,DESCRIPTIVE,sets_context,MAYBE,BACKGROUND,about priority appears; any claim about; any claim about priority; claim about priority; claim about priority appears; ferry terminal loading; ferry terminal loading case; height tag standby,DESCRIPTIVE,sets_context,MAYBE,BACKGROUND,about priority appears; any claim about; any claim about priority; claim about priority; claim about priority appears; ferry terminal loading; ferry terminal loading case; height tag standby,DESCRIPTIVE,sets_context,MAYBE
FBV2_DOC_05_ferry_terminal_loading,Ferry Terminal Loading,FBV2_0075,FBV2_DOC_05_ferry_terminal_loading,Ferry Terminal Loading,11,How should a terminal route vehicle loading and ramp changes?,"Group tidal clearance note with cases that share deck balance sheet, then attach ferry terminal loading case 5-11 before closure. The clerk records who accepted the handoff.","Group tidal clearance note with cases that share deck balance sheet, then attach ferry terminal loading case 5-11 before closure. The clerk records who accepted the handoff.",METHOD,"[""tidal clearance note"", ""deck balance sheet"", ""ferry terminal loading case 5-11""]",ACTIVE,maps_to,RELEVANT,METHOD,"[""tidal clearance note"", ""deck balance sheet"", ""ferry terminal loading case 5-11""]",ACTIVE,maps_to,RELEVANT,fresh_blind_v2_gold_by_construction_seed_20260623,YES,RELEVANT,METHOD,Group tidal clearance; Group tidal clearance note; attach ferry terminal; attach ferry terminal loading; clerk records who; clerk records who accepted; deck balance sheet; ferry terminal loading,noun_chunks_topk_fallback,,,ACTIVE,recommends,YES,METHOD,Group tidal clearance; Group tidal clearance note; attach ferry terminal; attach ferry terminal loading; clerk records who; clerk records who accepted; deck balance sheet; ferry terminal loading,ACTIVE,recommends,YES,METHOD,Group tidal clearance; Group tidal clearance note; attach ferry terminal; attach ferry terminal loading; clerk records who; clerk records who accepted; deck balance sheet; ferry terminal loading,ACTIVE,maps_to,YES
FBV2_DOC_05_ferry_terminal_loading,Ferry Terminal Loading,FBV2_0076,FBV2_DOC_05_ferry_terminal_loading,Ferry Terminal Loading,12,How should a terminal route vehicle loading and ramp changes?,"The office can hold out files containing ramp inspection card, then compare them with cases built around hazmat declaration. That review would test whether ferry terminal loading case 5-12 moves earlier.","The office can hold out files containing ramp inspection card, then compare them with cases built around hazmat declaration. That review would test whether ferry terminal loading case 5-12 moves earlier.",NEXT_STEP,"[""ramp inspection card"", ""hazmat declaration"", ""ferry terminal loading case 5-12""]",ACTIVE,proposes_next_test,RELEVANT,NEXT_STEP,"[""ramp inspection card"", ""hazmat declaration"", ""ferry terminal loading case 5-12""]",ACTIVE,proposes_next_test,RELEVANT,fresh_blind_v2_gold_by_construction_seed_20260623,YES,RELEVANT,METHOD,5-12 moves earlier; around hazmat declaration; built around hazmat; built around hazmat declaration; can hold out; can hold out files; case 5-12 moves; case 5-12 moves earlier,noun_chunks_topk_fallback,,,ACTIVE,recommends,YES,NEXT_STEP,5-12 moves earlier; around hazmat declaration; built around hazmat; built around hazmat declaration; can hold out; can hold out files; case 5-12 moves; case 5-12 moves earlier,ACTIVE,proposes_next_test,YES,NEXT_STEP,5-12 moves earlier; around hazmat declaration; built around hazmat; built around hazmat declaration; can hold out; can hold out files; case 5-12 moves; case 5-12 moves earlier,ACTIVE,proposes_next_test,YES
FBV2_DOC_05_ferry_terminal_loading,Ferry Terminal Loading,FBV2_0077,FBV2_DOC_05_ferry_terminal_loading,Ferry Terminal Loading,13,How should a terminal route vehicle loading and ramp changes?,"One closed case includes standby queue and boarding cut-off time, but the desk later reopens it after reading ferry terminal loading case 5-13. The file shows how a small detail changes the lane.","One closed case includes standby queue and boarding cut-off time, but the desk later reopens it after reading ferry terminal loading case 5-13. The file shows how a small detail changes the lane.",EXAMPLE,"[""standby queue"", ""boarding cut-off time"", ""ferry terminal loading case 5-13""]",DESCRIPTIVE,gives_example,RELEVANT,EXAMPLE,"[""standby queue"", ""boarding cut-off time"", ""ferry terminal loading case 5-13""]",DESCRIPTIVE,gives_example,RELEVANT,fresh_blind_v2_gold_by_construction_seed_20260623,YES,RELEVANT,EXAMPLE,One closed case; One closed case includes; after reading ferry; after reading ferry terminal; boarding cut-off time; boarding cut-off time but; case includes standby; case includes standby queue,noun_chunks_topk_fallback,,,DESCRIPTIVE,gives_example,YES,EXAMPLE,One closed case; One closed case includes; after reading ferry; after reading ferry terminal; boarding cut-off time; boarding cut-off time but; case includes standby; case includes standby queue,DESCRIPTIVE,gives_example,YES,EXAMPLE,One closed case; One closed case includes; after reading ferry; after reading ferry terminal; boarding cut-off time; boarding cut-off time but; case includes standby; case includes standby queue,DESCRIPTIVE,gives_example,YES
FBV2_DOC_05_ferry_terminal_loading,Ferry Terminal Loading,FBV2_0078,FBV2_DOC_05_ferry_terminal_loading,Ferry Terminal Loading,14,How should a terminal route vehicle loading and ramp changes?,"First compare deck balance sheet with lane marshal sheet, then place ferry terminal loading case 5-14 in the matching queue. If the two records disagree, hold the case for desk review.","First compare deck balance sheet with lane marshal sheet, then place ferry terminal loading case 5-14 in the matching queue. If the two records disagree, hold the case for desk review.",METHOD,"[""deck balance sheet"", ""lane marshal sheet"", ""ferry terminal loading case 5-14""]",ACTIVE,maps_to,RELEVANT,METHOD,"[""deck balance sheet"", ""lane marshal sheet"", ""ferry terminal loading case 5-14""]",ACTIVE,maps_to,RELEVANT,fresh_blind_v2_gold_by_construction_seed_20260623,YES,RELEVANT,METHOD,First compare deck; First compare deck balance; compare deck balance; compare deck balance sheet; deck balance sheet; ferry terminal loading; ferry terminal loading case; First compare,noun_chunks_topk_fallback,,,ACTIVE,recommends,YES,METHOD,First compare deck; First compare deck balance; compare deck balance; compare deck balance sheet; deck balance sheet; ferry terminal loading; ferry terminal loading case; First compare,ACTIVE,recommends,YES,METHOD,First compare deck; First compare deck balance; compare deck balance; compare deck balance sheet; deck balance sheet; ferry terminal loading; ferry terminal loading case; First compare,ACTIVE,maps_to,YES
FBV2_DOC_05_ferry_terminal_loading,Ferry Terminal Loading,FBV2_0079,FBV2_DOC_05_ferry_terminal_loading,Ferry Terminal Loading,15,How should a terminal route vehicle loading and ramp changes?,The closeout review placed hazmat declaration in the files that needed fewer callbacks. vehicle height tag and ferry terminal loading case 5-15 explained most of the remaining delays.,The closeout review placed hazmat declaration in the files that needed fewer callbacks. vehicle height tag and ferry terminal loading case 5-15 explained most of the remaining delays.,RESULT,"[""hazmat declaration"", ""vehicle height tag"", ""ferry terminal loading case 5-15""]",DESCRIPTIVE,supports_retrieval,RELEVANT,RESULT,"[""hazmat declaration"", ""vehicle height tag"", ""ferry terminal loading case 5-15""]",DESCRIPTIVE,supports_retrieval,RELEVANT,fresh_blind_v2_gold_by_construction_seed_20260623,YES,RELEVANT,RESULT,5-15 explained most; callbacks vehicle height; callbacks vehicle height tag; case 5-15 explained; case 5-15 explained most; closeout review placed; closeout review placed hazmat; ferry terminal loading,noun_chunks_topk_fallback,,,DESCRIPTIVE,reports_usefulness,YES,RESULT,5-15 explained most; callbacks vehicle height; callbacks vehicle height tag; case 5-15 explained; case 5-15 explained most; closeout review placed; closeout review placed hazmat; ferry terminal loading,DESCRIPTIVE,reports_usefulness,YES,RESULT,5-15 explained most; callbacks vehicle height; callbacks vehicle height tag; case 5-15 explained; case 5-15 explained most; closeout review placed; closeout review placed hazmat; ferry terminal loading,DESCRIPTIVE,supports_retrieval,YES
FBV2_DOC_05_ferry_terminal_loading,Ferry Terminal Loading,FBV2_0080,FBV2_DOC_05_ferry_terminal_loading,Ferry Terminal Loading,16,How should a terminal route vehicle loading and ramp changes?,The team can run a two-week check on boarding cut-off time and record how often tidal clearance note changes the decision. ferry terminal loading case 5-16 should be logged before and after the desk action.,The team can run a two-week check on boarding cut-off time and record how often tidal clearance note changes the decision. ferry terminal loading case 5-16 should be logged before and after the desk action.,NEXT_STEP,"[""boarding cut-off time"", ""tidal clearance note"", ""ferry terminal loading case 5-16""]",ACTIVE,proposes_next_test,RELEVANT,NEXT_STEP,"[""boarding cut-off time"", ""tidal clearance note"", ""ferry terminal loading case 5-16""]",ACTIVE,proposes_next_test,RELEVANT,fresh_blind_v2_gold_by_construction_seed_20260623,YES,RELEVANT,METHOD,boarding cut-off time; clearance note changes; decision ferry terminal; decision ferry terminal loading; ferry terminal loading; ferry terminal loading case; how often tidal; how often tidal clearance,noun_chunks_topk_fallback,,,ACTIVE,recommends,YES,EXAMPLE,boarding cut-off time; clearance note changes; decision ferry terminal; decision ferry terminal loading; ferry terminal loading; ferry terminal loading case; how often tidal; how often tidal clearance,DESCRIPTIVE,gives_example,YES,NEXT_STEP,boarding cut-off time; clearance note changes; decision ferry terminal; decision ferry terminal loading; ferry terminal loading; ferry terminal loading case; how often tidal; how often tidal clearance,ACTIVE,proposes_next_test,YES
FBV2_DOC_06_pharmacy_compounding_queue,Pharmacy Compounding Queue,FBV2_0081,FBV2_DOC_06_pharmacy_compounding_queue,Pharmacy Compounding Queue,1,How should a pharmacy route sterile compounding work?,A clerk might see hood cleaning log already attached but ingredient lot card still waiting in the tray. The case tied to pharmacy compounding queue case 6-01 stays out of the closed column.,A clerk might see hood cleaning log already attached but ingredient lot card still waiting in the tray. The case tied to pharmacy compounding queue case 6-01 stays out of the closed column.,EXAMPLE,"[""hood cleaning log"", ""ingredient lot card"", ""pharmacy compounding queue case 6-01""]",DESCRIPTIVE,gives_example,RELEVANT,EXAMPLE,"[""hood cleaning log"", ""ingredient lot card"", ""pharmacy compounding queue case 6-01""]",DESCRIPTIVE,gives_example,RELEVANT,fresh_blind_v2_gold_by_construction_seed_20260623,YES,RELEVANT,RESULT,6-01 stays out; already attached but; already attached but ingredient; attached but ingredient; attached but ingredient lot; but ingredient lot; but ingredient lot card; card still waiting,noun_chunks_topk_fallback,,,DESCRIPTIVE,reports_usefulness,YES,BACKGROUND,6-01 stays out; already attached but; already attached but ingredient; attached but ingredient; attached but ingredient lot; but ingredient lot; but ingredient lot card; card still waiting,DESCRIPTIVE,sets_context,MAYBE,EXAMPLE,6-01 stays out; already attached but; already attached but ingredient; attached but ingredient; attached but ingredient lot; but ingredient lot; but ingredient lot card; card still waiting,DESCRIPTIVE,gives_example,YES
FBV2_DOC_06_pharmacy_compounding_queue,Pharmacy Compounding Queue,FBV2_0082,FBV2_DOC_06_pharmacy_compounding_queue,Pharmacy Compounding Queue,2,How should a pharmacy route sterile compounding work?,"One closed case includes batch worksheet and beyond-use time, but the desk later reopens it after reading pharmacy compounding queue case 6-02. The file shows how a small detail changes the lane.","One closed case includes batch worksheet and beyond-use time, but the desk later reopens it after reading pharmacy compounding queue case 6-02. The file shows how a small detail changes the lane.",EXAMPLE,"[""batch worksheet"", ""beyond-use time"", ""pharmacy compounding queue case 6-02""]",DESCRIPTIVE,gives_example,RELEVANT,EXAMPLE,"[""batch worksheet"", ""beyond-use time"", ""pharmacy compounding queue case 6-02""]",DESCRIPTIVE,gives_example,RELEVANT,fresh_blind_v2_gold_by_construction_seed_20260623,YES,RELEVANT,EXAMPLE,One closed case; One closed case includes; after reading pharmacy; after reading pharmacy compounding; beyond-use time but; case includes batch; case includes batch worksheet; closed case includes,noun_chunks_topk_fallback,,,DESCRIPTIVE,gives_example,YES,EXAMPLE,One closed case; One closed case includes; after reading pharmacy; after reading pharmacy compounding; beyond-use time but; case includes batch; case includes batch worksheet; closed case includes,DESCRIPTIVE,gives_example,YES,EXAMPLE,One closed case; One closed case includes; after reading pharmacy; after reading pharmacy compounding; beyond-use time but; case includes batch; case includes batch worksheet; closed case includes,DESCRIPTIVE,gives_example,YES
FBV2_DOC_06_pharmacy_compounding_queue,Pharmacy Compounding Queue,FBV2_0083,FBV2_DOC_06_pharmacy_compounding_queue,Pharmacy Compounding Queue,3,How should a pharmacy route sterile compounding work?,"First compare dose label with pharmacist check tray, then place pharmacy compounding queue case 6-03 in the matching queue. If the two records disagree, hold the case for desk review.","First compare dose label with pharmacist check tray, then place pharmacy compounding queue case 6-03 in the matching queue. If the two records disagree, hold the case for desk review.",METHOD,"[""dose label"", ""pharmacist check tray"", ""pharmacy compounding queue case 6-03""]",ACTIVE,recommends,RELEVANT,METHOD,"[""dose label"", ""pharmacist check tray"", ""pharmacy compounding queue case 6-03""]",ACTIVE,recommends,RELEVANT,fresh_blind_v2_gold_by_construction_seed_20260623,YES,RELEVANT,METHOD,First compare dose; First compare dose label; compare dose label; compounding queue case; compounding queue case 6-03; First compare; pharmacist check tray; pharmacy compounding queue,noun_chunks_topk_fallback,,,ACTIVE,recommends,YES,METHOD,First compare dose; First compare dose label; compare dose label; compounding queue case; compounding queue case 6-03; First compare; pharmacist check tray; pharmacy compounding queue,ACTIVE,recommends,YES,METHOD,First compare dose; First compare dose label; compare dose label; compounding queue case; compounding queue case 6-03; First compare; pharmacist check tray; pharmacy compounding queue,ACTIVE,recommends,YES
FBV2_DOC_06_pharmacy_compounding_queue,Pharmacy Compounding Queue,FBV2_0084,FBV2_DOC_06_pharmacy_compounding_queue,Pharmacy Compounding Queue,4,How should a pharmacy route sterile compounding work?,"The morning sheet lists ingredient lot card and delivery tote, then places pharmacy compounding queue case 6-04 in the pending column. The passage supplies local context rather than a directive.","The morning sheet lists ingredient lot card and delivery tote, then places pharmacy compounding queue case 6-04 in the pending column. The passage supplies local context rather than a directive.",BACKGROUND,"[""ingredient lot card"", ""delivery tote"", ""pharmacy compounding queue case 6-04""]",DESCRIPTIVE,sets_context,PARTIAL,BACKGROUND,"[""ingredient lot card"", ""delivery tote"", ""pharmacy compounding queue case 6-04""]",DESCRIPTIVE,sets_context,PARTIAL,fresh_blind_v2_gold_by_construction_seed_20260623,MAYBE,PARTIAL,BACKGROUND,compounding queue case; compounding queue case 6-04; ingredient lot card; lists ingredient lot; lists ingredient lot card; morning sheet lists; morning sheet lists ingredient; passage supplies local,noun_chunks_topk_fallback,,RouteMap; RouteMap segment,DESCRIPTIVE,sets_context,MAYBE,BACKGROUND,compounding queue case; compounding queue case 6-04; ingredient lot card; lists ingredient lot; lists ingredient lot card; morning sheet lists; morning sheet lists ingredient; passage supplies local,DESCRIPTIVE,sets_context,MAYBE,BACKGROUND,compounding queue case; compounding queue case 6-04; ingredient lot card; lists ingredient lot; lists ingredient lot card; morning sheet lists; morning sheet lists ingredient; passage supplies local,DESCRIPTIVE,sets_context,MAYBE
FBV2_DOC_06_pharmacy_compounding_queue,Pharmacy Compounding Queue,FBV2_0085,FBV2_DOC_06_pharmacy_compounding_queue,Pharmacy Compounding Queue,5,How should a pharmacy route sterile compounding work?,"beyond-use time carries more routing weight when quarantine bin confirms the same case detail. Without that pairing, pharmacy compounding queue case 6-05 can pull attention away from the real priority.","beyond-use time carries more routing weight when quarantine bin confirms the same case detail. Without that pairing, pharmacy compounding queue case 6-05 can pull attention away from the real priority.",CLAIM,"[""beyond-use time"", ""quarantine bin"", ""pharmacy compounding queue case 6-05""]",ACTIVE,asserts,RELEVANT,CLAIM,"[""beyond-use time"", ""quarantine bin"", ""pharmacy compounding queue case 6-05""]",ACTIVE,asserts,RELEVANT,fresh_blind_v2_gold_by_construction_seed_20260623,YES,RELEVANT,CLAIM,6-05 can pull; 6-05 can pull attention; beyond-use time carries; beyond-use time carries more; can pull attention; can pull attention away; carries more routing; carries more routing weight,noun_chunks_topk_fallback,,,ACTIVE,asserts,YES,LIMITATION,6-05 can pull; 6-05 can pull attention; beyond-use time carries; beyond-use time carries more; can pull attention; can pull attention away; carries more routing; carries more routing weight,LIMITED,warns_about,YES,CLAIM,6-05 can pull; 6-05 can pull attention; beyond-use time carries; beyond-use time carries more; can pull attention; can pull attention away; carries more routing; carries more routing weight,ACTIVE,asserts,YES
FBV2_DOC_06_pharmacy_compounding_queue,Pharmacy Compounding Queue,FBV2_0086,FBV2_DOC_06_pharmacy_compounding_queue,Pharmacy Compounding Queue,6,How should a pharmacy route sterile compounding work?,pharmacist check tray loses value when hood cleaning log is copied from an older shift. The case tied to pharmacy compounding queue case 6-06 needs review before it moves.,pharmacist check tray loses value when hood cleaning log is copied from an older shift. The case tied to pharmacy compounding queue case 6-06 needs review before it moves.,LIMITATION,"[""pharmacist check tray"", ""hood cleaning log"", ""pharmacy compounding queue case 6-06""]",LIMITED,warns_about,RELEVANT,LIMITATION,"[""pharmacist check tray"", ""hood cleaning log"", ""pharmacy compounding queue case 6-06""]",LIMITED,warns_about,RELEVANT,fresh_blind_v2_gold_by_construction_seed_20260623,YES,RELEVANT,NEXT_STEP,6-06 needs review; case 6-06 needs; case 6-06 needs review; check tray loses; check tray loses value; compounding queue case; compounding queue case 6-06; hood cleaning log,noun_chunks_topk_fallback,,,ACTIVE,proposes_next_test,YES,LIMITATION,6-06 needs review; case 6-06 needs; case 6-06 needs review; check tray loses; check tray loses value; compounding queue case; compounding queue case 6-06; hood cleaning log,LIMITED,warns_about,YES,LIMITATION,6-06 needs review; case 6-06 needs; case 6-06 needs review; check tray loses; check tray loses value; compounding queue case; compounding queue case 6-06; hood cleaning log,LIMITED,warns_about,YES
FBV2_DOC_06_pharmacy_compounding_queue,Pharmacy Compounding Queue,FBV2_0087,FBV2_DOC_06_pharmacy_compounding_queue,Pharmacy Compounding Queue,7,How should a pharmacy route sterile compounding work?,The office should reserve a blind sample of files containing delivery tote. Reviewers can compare those files with batch worksheet and score how pharmacy compounding queue case 6-07 affected handoff.,The office should reserve a blind sample of files containing delivery tote. Reviewers can compare those files with batch worksheet and score how pharmacy compounding queue case 6-07 affected handoff.,NEXT_STEP,"[""delivery tote"", ""batch worksheet"", ""pharmacy compounding queue case 6-07""]",ACTIVE,proposes_next_test,RELEVANT,NEXT_STEP,"[""delivery tote"", ""batch worksheet"", ""pharmacy compounding queue case 6-07""]",ACTIVE,proposes_next_test,RELEVANT,fresh_blind_v2_gold_by_construction_seed_20260623,YES,RELEVANT,NEXT_STEP,containing delivery tote Reviewers; delivery tote Reviewers; delivery tote Reviewers can; Reviewers can compare; Reviewers can compare those; tote Reviewers can; tote Reviewers can compare; 6-07 affected handoff,noun_chunks_topk_fallback,,evaluation; human review,ACTIVE,proposes_next_test,YES,NEXT_STEP,containing delivery tote Reviewers; delivery tote Reviewers; delivery tote Reviewers can; Reviewers can compare; Reviewers can compare those; tote Reviewers can; tote Reviewers can compare; 6-07 affected handoff,ACTIVE,proposes_next_test,YES,NEXT_STEP,containing delivery tote Reviewers; delivery tote Reviewers; delivery tote Reviewers can; Reviewers can compare; Reviewers can compare those; tote Reviewers can; tote Reviewers can compare; 6-07 affected handoff,ACTIVE,proposes_next_test,YES
FBV2_DOC_06_pharmacy_compounding_queue,Pharmacy Compounding Queue,FBV2_0088,FBV2_DOC_06_pharmacy_compounding_queue,Pharmacy Compounding Queue,8,How should a pharmacy route sterile compounding work?,The trial desk saw fewer repeated calls after quarantine bin was paired with dose label. Staff later pulled pharmacy compounding queue case 6-08 when checking why the change helped.,The trial desk saw fewer repeated calls after quarantine bin was paired with dose label. Staff later pulled pharmacy compounding queue case 6-08 when checking why the change helped.,RESULT,"[""quarantine bin"", ""dose label"", ""pharmacy compounding queue case 6-08""]",DESCRIPTIVE,reports_usefulness,RELEVANT,RESULT,"[""quarantine bin"", ""dose label"", ""pharmacy compounding queue case 6-08""]",DESCRIPTIVE,reports_usefulness,RELEVANT,fresh_blind_v2_gold_by_construction_seed_20260623,YES,RELEVANT,NEXT_STEP,dose label Staff; dose label Staff later; label Staff later; label Staff later pulled; Staff later pulled; Staff later pulled pharmacy; after quarantine bin; after quarantine bin was,noun_chunks_topk_fallback,,,ACTIVE,proposes_next_test,YES,RESULT,dose label Staff; dose label Staff later; label Staff later; label Staff later pulled; Staff later pulled; Staff later pulled pharmacy; after quarantine bin; after quarantine bin was,DESCRIPTIVE,reports_usefulness,YES,RESULT,dose label Staff; dose label Staff later; label Staff later; label Staff later pulled; Staff later pulled; Staff later pulled pharmacy; after quarantine bin; after quarantine bin was,DESCRIPTIVE,reports_usefulness,YES
FBV2_DOC_06_pharmacy_compounding_queue,Pharmacy Compounding Queue,FBV2_0089,FBV2_DOC_06_pharmacy_compounding_queue,Pharmacy Compounding Queue,9,How should a pharmacy route sterile compounding work?,Pairing hood cleaning log with ingredient lot card gives the coordinator a sturdier basis for judging pharmacy compounding queue case 6-09. A case routed from only one of those records is easier to misplace.,Pairing hood cleaning log with ingredient lot card gives the coordinator a sturdier basis for judging pharmacy compounding queue case 6-09. A case routed from only one of those records is easier to misplace.,CLAIM,"[""hood cleaning log"", ""ingredient lot card"", ""pharmacy compounding queue case 6-09""]",ACTIVE,asserts,RELEVANT,CLAIM,"[""hood cleaning log"", ""ingredient lot card"", ""pharmacy compounding queue case 6-09""]",ACTIVE,asserts,RELEVANT,fresh_blind_v2_gold_by_construction_seed_20260623,YES,RELEVANT,CLAIM,Pairing hood cleaning; Pairing hood cleaning log; compounding queue case; compounding queue case 6-09; hood cleaning log; ingredient lot card; ingredient lot card gives; judging pharmacy compounding,noun_chunks_topk_fallback,,,ACTIVE,asserts,YES,CLAIM,Pairing hood cleaning; Pairing hood cleaning log; compounding queue case; compounding queue case 6-09; hood cleaning log; ingredient lot card; ingredient lot card gives; judging pharmacy compounding,ACTIVE,asserts,YES,CLAIM,Pairing hood cleaning; Pairing hood cleaning log; compounding queue case; compounding queue case 6-09; hood cleaning log; ingredient lot card; ingredient lot card gives; judging pharmacy compounding,ACTIVE,asserts,YES
FBV2_DOC_06_pharmacy_compounding_queue,Pharmacy Compounding Queue,FBV2_0090,FBV2_DOC_06_pharmacy_compounding_queue,Pharmacy Compounding Queue,10,How should a pharmacy route sterile compounding work?,"batch worksheet names the desk artifact that joins beyond-use time with pharmacy compounding queue case 6-10. Once the artifact is opened, both entries travel through the queue as a pair.","batch worksheet names the desk artifact that joins beyond-use time with pharmacy compounding queue case 6-10. Once the artifact is opened, both entries travel through the queue as a pair.",DEFINE,"[""batch worksheet"", ""beyond-use time"", ""pharmacy compounding queue case 6-10""]",DESCRIPTIVE,defines,RELEVANT,DEFINE,"[""batch worksheet"", ""beyond-use time"", ""pharmacy compounding queue case 6-10""]",DESCRIPTIVE,defines,RELEVANT,fresh_blind_v2_gold_by_construction_seed_20260623,YES,RELEVANT,DEFINE,case 6-10 Once; queue case 6-10 Once; 6-10 Once; batch worksheet names; both entries travel; both entries travel through; compounding queue case; compounding queue case 6-10,noun_chunks_topk_fallback,,,DESCRIPTIVE,defines,YES,EXAMPLE,case 6-10 Once; queue case 6-10 Once; 6-10 Once; batch worksheet names; both entries travel; both entries travel through; compounding queue case; compounding queue case 6-10,DESCRIPTIVE,gives_example,YES,DEFINE,case 6-10 Once; queue case 6-10 Once; 6-10 Once; batch worksheet names; both entries travel; both entries travel through; compounding queue case; compounding queue case 6-10,DESCRIPTIVE,defines,YES
FBV2_DOC_06_pharmacy_compounding_queue,Pharmacy Compounding Queue,FBV2_0091,FBV2_DOC_06_pharmacy_compounding_queue,Pharmacy Compounding Queue,11,How should a pharmacy route sterile compounding work?,"During the pilot, dose label matched the queue state more often than pharmacist check tray. The team used pharmacy compounding queue case 6-11 to confirm the pattern.","During the pilot, dose label matched the queue state more often than pharmacist check tray. The team used pharmacy compounding queue case 6-11 to confirm the pattern.",RESULT,"[""dose label"", ""pharmacist check tray"", ""pharmacy compounding queue case 6-11""]",DESCRIPTIVE,supports_retrieval,RELEVANT,RESULT,"[""dose label"", ""pharmacist check tray"", ""pharmacy compounding queue case 6-11""]",DESCRIPTIVE,supports_retrieval,RELEVANT,fresh_blind_v2_gold_by_construction_seed_20260623,YES,RELEVANT,EXAMPLE,compounding queue case; compounding queue case 6-11; dose label matched; pharmacist check tray; pharmacy compounding queue; pharmacy compounding queue case; pilot dose label; pilot dose label matched,noun_chunks_topk_fallback,,,DESCRIPTIVE,gives_example,YES,RESULT,compounding queue case; compounding queue case 6-11; dose label matched; pharmacist check tray; pharmacy compounding queue; pharmacy compounding queue case; pilot dose label; pilot dose label matched,DESCRIPTIVE,reports_usefulness,YES,RESULT,compounding queue case; compounding queue case 6-11; dose label matched; pharmacist check tray; pharmacy compounding queue; pharmacy compounding queue case; pilot dose label; pilot dose label matched,DESCRIPTIVE,supports_retrieval,YES
FBV2_DOC_06_pharmacy_compounding_queue,Pharmacy Compounding Queue,FBV2_0092,FBV2_DOC_06_pharmacy_compounding_queue,Pharmacy Compounding Queue,12,How should a pharmacy route sterile compounding work?,"The morning sheet lists ingredient lot card and delivery tote, then places pharmacy compounding queue case 6-12 in the pending column. The passage supplies local context rather than a directive.","The morning sheet lists ingredient lot card and delivery tote, then places pharmacy compounding queue case 6-12 in the pending column. The passage supplies local context rather than a directive.",BACKGROUND,"[""ingredient lot card"", ""delivery tote"", ""pharmacy compounding queue case 6-12""]",DESCRIPTIVE,sets_context,NOT_RELEVANT,BACKGROUND,"[""ingredient lot card"", ""delivery tote"", ""pharmacy compounding queue case 6-12""]",DESCRIPTIVE,sets_context,NOT_RELEVANT,fresh_blind_v2_gold_by_construction_seed_20260623,NO,NOT_RELEVANT,BACKGROUND,compounding queue case; compounding queue case 6-12; ingredient lot card; lists ingredient lot; lists ingredient lot card; morning sheet lists; morning sheet lists ingredient; passage supplies local,noun_chunks_topk_fallback,,RouteMap; RouteMap segment,DESCRIPTIVE,sets_context,MAYBE,BACKGROUND,compounding queue case; compounding queue case 6-12; ingredient lot card; lists ingredient lot; lists ingredient lot card; morning sheet lists; morning sheet lists ingredient; passage supplies local,DESCRIPTIVE,sets_context,MAYBE,BACKGROUND,compounding queue case; compounding queue case 6-12; ingredient lot card; lists ingredient lot; lists ingredient lot card; morning sheet lists; morning sheet lists ingredient; passage supplies local,DESCRIPTIVE,sets_context,NO
FBV2_DOC_06_pharmacy_compounding_queue,Pharmacy Compounding Queue,FBV2_0093,FBV2_DOC_06_pharmacy_compounding_queue,Pharmacy Compounding Queue,13,How should a pharmacy route sterile compounding work?,beyond-use time cannot carry the route by itself if quarantine bin is blank. The desk leaves pharmacy compounding queue case 6-13 in review until another record confirms it.,beyond-use time cannot carry the route by itself if quarantine bin is blank. The desk leaves pharmacy compounding queue case 6-13 in review until another record confirms it.,LIMITATION,"[""beyond-use time"", ""quarantine bin"", ""pharmacy compounding queue case 6-13""]",NEGATED,limits,RELEVANT,LIMITATION,"[""beyond-use time"", ""quarantine bin"", ""pharmacy compounding queue case 6-13""]",NEGATED,limits,RELEVANT,fresh_blind_v2_gold_by_construction_seed_20260623,YES,RELEVANT,METHOD,quarantine bin; pharmacy compounding queue case 6-13,llm_open,quarantine bin; pharmacy compounding queue case 6-13,,ACTIVE,recommends,YES,LIMITATION,quarantine bin; pharmacy compounding queue case 6-13,NEGATED,limits,YES,LIMITATION,quarantine bin; pharmacy compounding queue case 6-13,NEGATED,limits,YES
FBV2_DOC_06_pharmacy_compounding_queue,Pharmacy Compounding Queue,FBV2_0094,FBV2_DOC_06_pharmacy_compounding_queue,Pharmacy Compounding Queue,14,How should a pharmacy route sterile compounding work?,A follow-up table should pair pharmacist check tray with the owner who handled hood cleaning log. That table would show whether pharmacy compounding queue case 6-14 belongs earlier in the queue.,A follow-up table should pair pharmacist check tray with the owner who handled hood cleaning log. That table would show whether pharmacy compounding queue case 6-14 belongs earlier in the queue.,NEXT_STEP,"[""pharmacist check tray"", ""hood cleaning log"", ""pharmacy compounding queue case 6-14""]",ACTIVE,proposes_next_test,RELEVANT,NEXT_STEP,"[""pharmacist check tray"", ""hood cleaning log"", ""pharmacy compounding queue case 6-14""]",ACTIVE,proposes_next_test,RELEVANT,fresh_blind_v2_gold_by_construction_seed_20260623,YES,RELEVANT,NEXT_STEP,6-14 belongs earlier; case 6-14 belongs; case 6-14 belongs earlier; compounding queue case; compounding queue case 6-14; handled hood cleaning; handled hood cleaning log; hood cleaning log,noun_chunks_topk_fallback,,,ACTIVE,proposes_next_test,YES,NEXT_STEP,6-14 belongs earlier; case 6-14 belongs; case 6-14 belongs earlier; compounding queue case; compounding queue case 6-14; handled hood cleaning; handled hood cleaning log; hood cleaning log,ACTIVE,proposes_next_test,YES,NEXT_STEP,6-14 belongs earlier; case 6-14 belongs; case 6-14 belongs earlier; compounding queue case; compounding queue case 6-14; handled hood cleaning; handled hood cleaning log; hood cleaning log,ACTIVE,proposes_next_test,YES
FBV2_DOC_06_pharmacy_compounding_queue,Pharmacy Compounding Queue,FBV2_0095,FBV2_DOC_06_pharmacy_compounding_queue,Pharmacy Compounding Queue,15,How should a pharmacy route sterile compounding work?,"Read delivery tote, verify batch worksheet, and route pharmacy compounding queue case 6-15 through the lane already assigned to that case. Any mismatch stays in review.","Read delivery tote, verify batch worksheet, and route pharmacy compounding queue case 6-15 through the lane already assigned to that case. Any mismatch stays in review.",METHOD,"[""delivery tote"", ""batch worksheet"", ""pharmacy compounding queue case 6-15""]",ACTIVE,recommends,RELEVANT,METHOD,"[""delivery tote"", ""batch worksheet"", ""pharmacy compounding queue case 6-15""]",ACTIVE,recommends,RELEVANT,fresh_blind_v2_gold_by_construction_seed_20260623,YES,RELEVANT,METHOD,Any mismatch stays; case Any mismatch; case Any mismatch stays; Read delivery tote; Read delivery tote verify; Any mismatch; case 6-15 through; case Any,noun_chunks_topk_fallback,,mismatch review,ACTIVE,recommends,YES,BACKGROUND,Any mismatch stays; case Any mismatch; case Any mismatch stays; Read delivery tote; Read delivery tote verify; Any mismatch; case 6-15 through; case Any,DESCRIPTIVE,sets_context,MAYBE,METHOD,Any mismatch stays; case Any mismatch; case Any mismatch stays; Read delivery tote; Read delivery tote verify; Any mismatch; case 6-15 through; case Any,ACTIVE,recommends,YES
FBV2_DOC_06_pharmacy_compounding_queue,Pharmacy Compounding Queue,FBV2_0096,FBV2_DOC_06_pharmacy_compounding_queue,Pharmacy Compounding Queue,16,How should a pharmacy route sterile compounding work?,The team calls quarantine bin the visible case item built from dose label plus pharmacy compounding queue case 6-16. That item is what later notes attach to.,The team calls quarantine bin the visible case item built from dose label plus pharmacy compounding queue case 6-16. That item is what later notes attach to.,DEFINE,"[""quarantine bin"", ""dose label"", ""pharmacy compounding queue case 6-16""]",DESCRIPTIVE,defines,RELEVANT,DEFINE,"[""quarantine bin"", ""dose label"", ""pharmacy compounding queue case 6-16""]",DESCRIPTIVE,defines,RELEVANT,fresh_blind_v2_gold_by_construction_seed_20260623,YES,RELEVANT,DEFINE,calls quarantine bin; case item built; compounding queue case; compounding queue case 6-16; dose label plus; dose label plus pharmacy; label plus pharmacy; label plus pharmacy compounding,noun_chunks_topk_fallback,,,DESCRIPTIVE,defines,YES,DEFINE,calls quarantine bin; case item built; compounding queue case; compounding queue case 6-16; dose label plus; dose label plus pharmacy; label plus pharmacy; label plus pharmacy compounding,DESCRIPTIVE,defines,YES,DEFINE,calls quarantine bin; case item built; compounding queue case; compounding queue case 6-16; dose label plus; dose label plus pharmacy; label plus pharmacy; label plus pharmacy compounding,DESCRIPTIVE,defines,YES
FBV2_DOC_07_fire_hydrant_inspection,Fire Hydrant Inspection Rounds,FBV2_0097,FBV2_DOC_07_fire_hydrant_inspection,Fire Hydrant Inspection Rounds,1,How should a field unit route hydrant inspection records?,hydrant bonnet tag does not settle the case when street repair notice points to a different queue. Staff keep fire hydrant inspection case 7-01 open until a person resolves the conflict.,hydrant bonnet tag does not settle the case when street repair notice points to a different queue. Staff keep fire hydrant inspection case 7-01 open until a person resolves the conflict.,LIMITATION,"[""hydrant bonnet tag"", ""street repair notice"", ""fire hydrant inspection case 7-01""]",NEGATED,limits,RELEVANT,LIMITATION,"[""hydrant bonnet tag"", ""street repair notice"", ""fire hydrant inspection case 7-01""]",NEGATED,limits,RELEVANT,fresh_blind_v2_gold_by_construction_seed_20260623,YES,RELEVANT,NEXT_STEP,different queue Staff; different queue Staff keep; queue Staff keep; queue Staff keep fire; Staff keep fire; Staff keep fire hydrant; 7-01 open until; bonnet tag does,noun_chunks_topk_fallback,,,ACTIVE,proposes_next_test,YES,LIMITATION,different queue Staff; different queue Staff keep; queue Staff keep; queue Staff keep fire; Staff keep fire; Staff keep fire hydrant; 7-01 open until; bonnet tag does,NEGATED,limits,YES,LIMITATION,different queue Staff; different queue Staff keep; queue Staff keep; queue Staff keep fire; Staff keep fire; Staff keep fire hydrant; 7-01 open until; bonnet tag does,NEGATED,limits,YES
FBV2_DOC_07_fire_hydrant_inspection,Fire Hydrant Inspection Rounds,FBV2_0098,FBV2_DOC_07_fire_hydrant_inspection,Fire Hydrant Inspection Rounds,2,How should a field unit route hydrant inspection records?,"Check flow pressure reading, copy the active line from crew tablet entry, and mark fire hydrant inspection case 7-02 only after the coordinator accepts the pair. The desk then releases the case.","Check flow pressure reading, copy the active line from crew tablet entry, and mark fire hydrant inspection case 7-02 only after the coordinator accepts the pair. The desk then releases the case.",METHOD,"[""flow pressure reading"", ""crew tablet entry"", ""fire hydrant inspection case 7-02""]",ACTIVE,maps_to,RELEVANT,METHOD,"[""flow pressure reading"", ""crew tablet entry"", ""fire hydrant inspection case 7-02""]",ACTIVE,maps_to,RELEVANT,fresh_blind_v2_gold_by_construction_seed_20260623,YES,RELEVANT,METHOD,Check flow pressure; Check flow pressure reading; 7-02 only after; case 7-02 only; case 7-02 only after; Check flow; crew tablet entry; fire hydrant inspection,noun_chunks_topk_fallback,,,ACTIVE,recommends,YES,NEXT_STEP,Check flow pressure; Check flow pressure reading; 7-02 only after; case 7-02 only; case 7-02 only after; Check flow; crew tablet entry; fire hydrant inspection,ACTIVE,proposes_next_test,YES,METHOD,Check flow pressure; Check flow pressure reading; 7-02 only after; case 7-02 only; case 7-02 only after; Check flow; crew tablet entry; fire hydrant inspection,ACTIVE,maps_to,YES
FBV2_DOC_07_fire_hydrant_inspection,Fire Hydrant Inspection Rounds,FBV2_0099,FBV2_DOC_07_fire_hydrant_inspection,Fire Hydrant Inspection Rounds,3,How should a field unit route hydrant inspection records?,valve cap photo loses value when district map page is copied from an older shift. The case tied to fire hydrant inspection case 7-03 needs review before it moves.,valve cap photo loses value when district map page is copied from an older shift. The case tied to fire hydrant inspection case 7-03 needs review before it moves.,LIMITATION,"[""valve cap photo"", ""district map page"", ""fire hydrant inspection case 7-03""]",NEGATED,limits,RELEVANT,LIMITATION,"[""valve cap photo"", ""district map page"", ""fire hydrant inspection case 7-03""]",NEGATED,limits,RELEVANT,fresh_blind_v2_gold_by_construction_seed_20260623,YES,RELEVANT,NEXT_STEP,7-03 needs review; cap photo loses; cap photo loses value; case 7-03 needs; case 7-03 needs review; district map page; fire hydrant inspection; fire hydrant inspection case,noun_chunks_topk_fallback,,,ACTIVE,proposes_next_test,YES,LIMITATION,7-03 needs review; cap photo loses; cap photo loses value; case 7-03 needs; case 7-03 needs review; district map page; fire hydrant inspection; fire hydrant inspection case,LIMITED,warns_about,YES,LIMITATION,7-03 needs review; cap photo loses; cap photo loses value; case 7-03 needs; case 7-03 needs review; district map page; fire hydrant inspection; fire hydrant inspection case,NEGATED,limits,YES
FBV2_DOC_07_fire_hydrant_inspection,Fire Hydrant Inspection Rounds,FBV2_0100,FBV2_DOC_07_fire_hydrant_inspection,Fire Hydrant Inspection Rounds,4,How should a field unit route hydrant inspection records?,street repair notice is the table entry that carries paint mark and fire hydrant inspection case 7-04 together. The coordinator treats the entry as one unit during handoff.,street repair notice is the table entry that carries paint mark and fire hydrant inspection case 7-04 together. The coordinator treats the entry as one unit during handoff.,DEFINE,"[""street repair notice"", ""paint mark"", ""fire hydrant inspection case 7-04""]",DESCRIPTIVE,defines,RELEVANT,DEFINE,"[""street repair notice"", ""paint mark"", ""fire hydrant inspection case 7-04""]",DESCRIPTIVE,defines,RELEVANT,fresh_blind_v2_gold_by_construction_seed_20260623,YES,RELEVANT,DEFINE,carries paint mark; case 7-04 together; fire hydrant inspection; fire hydrant inspection case; hydrant inspection case; hydrant inspection case 7-04; inspection case 7-04; inspection case 7-04 together,noun_chunks_topk_fallback,,,DESCRIPTIVE,defines,YES,DEFINE,carries paint mark; case 7-04 together; fire hydrant inspection; fire hydrant inspection case; hydrant inspection case; hydrant inspection case 7-04; inspection case 7-04; inspection case 7-04 together,DESCRIPTIVE,defines,YES,DEFINE,carries paint mark; case 7-04 together; fire hydrant inspection; fire hydrant inspection case; hydrant inspection case; hydrant inspection case 7-04; inspection case 7-04; inspection case 7-04 together,DESCRIPTIVE,defines,YES
FBV2_DOC_07_fire_hydrant_inspection,Fire Hydrant Inspection Rounds,FBV2_0101,FBV2_DOC_07_fire_hydrant_inspection,Fire Hydrant Inspection Rounds,5,How should a field unit route hydrant inspection records?,fire hydrant inspection case 7-05 arrives with crew tablet entry attached and repair ticket still unsigned. The desk keeps both items visible so the surrounding situation is clear.,fire hydrant inspection case 7-05 arrives with crew tablet entry attached and repair ticket still unsigned. The desk keeps both items visible so the surrounding situation is clear.,BACKGROUND,"[""crew tablet entry"", ""repair ticket"", ""fire hydrant inspection case 7-05""]",DESCRIPTIVE,sets_context,PARTIAL,BACKGROUND,"[""crew tablet entry"", ""repair ticket"", ""fire hydrant inspection case 7-05""]",DESCRIPTIVE,sets_context,PARTIAL,fresh_blind_v2_gold_by_construction_seed_20260623,MAYBE,PARTIAL,BACKGROUND,fire hydrant inspection case; crew tablet; repair ticket,llm_open,fire hydrant inspection case; crew tablet; repair ticket,,DESCRIPTIVE,sets_context,MAYBE,BACKGROUND,fire hydrant inspection case; crew tablet; repair ticket,DESCRIPTIVE,sets_context,MAYBE,BACKGROUND,fire hydrant inspection case; crew tablet; repair ticket,DESCRIPTIVE,sets_context,MAYBE
FBV2_DOC_07_fire_hydrant_inspection,Fire Hydrant Inspection Rounds,FBV2_0102,FBV2_DOC_07_fire_hydrant_inspection,Fire Hydrant Inspection Rounds,6,How should a field unit route hydrant inspection records?,A later audit should separate cases with district map page from cases with only hydrant bonnet tag. The comparison would show whether fire hydrant inspection case 7-06 adds routing value.,A later audit should separate cases with district map page from cases with only hydrant bonnet tag. The comparison would show whether fire hydrant inspection case 7-06 adds routing value.,NEXT_STEP,"[""district map page"", ""hydrant bonnet tag"", ""fire hydrant inspection case 7-06""]",ACTIVE,proposes_next_test,RELEVANT,NEXT_STEP,"[""district map page"", ""hydrant bonnet tag"", ""fire hydrant inspection case 7-06""]",ACTIVE,proposes_next_test,RELEVANT,fresh_blind_v2_gold_by_construction_seed_20260623,YES,RELEVANT,NEXT_STEP,district map page; hydrant bonnet tag; fire hydrant inspection case 7-06,llm_open,district map page; hydrant bonnet tag; fire hydrant inspection case 7-06,,ACTIVE,proposes_next_test,YES,NEXT_STEP,district map page; hydrant bonnet tag; fire hydrant inspection case 7-06,ACTIVE,proposes_next_test,YES,NEXT_STEP,district map page; hydrant bonnet tag; fire hydrant inspection case 7-06,ACTIVE,proposes_next_test,YES
FBV2_DOC_07_fire_hydrant_inspection,Fire Hydrant Inspection Rounds,FBV2_0103,FBV2_DOC_07_fire_hydrant_inspection,Fire Hydrant Inspection Rounds,7,How should a field unit route hydrant inspection records?,"One closed case includes paint mark and flow pressure reading, but the desk later reopens it after reading fire hydrant inspection case 7-07. The file shows how a small detail changes the lane.","One closed case includes paint mark and flow pressure reading, but the desk later reopens it after reading fire hydrant inspection case 7-07. The file shows how a small detail changes the lane.",EXAMPLE,"[""paint mark"", ""flow pressure reading"", ""fire hydrant inspection case 7-07""]",DESCRIPTIVE,gives_example,RELEVANT,EXAMPLE,"[""paint mark"", ""flow pressure reading"", ""fire hydrant inspection case 7-07""]",DESCRIPTIVE,gives_example,RELEVANT,fresh_blind_v2_gold_by_construction_seed_20260623,YES,RELEVANT,EXAMPLE,One closed case; One closed case includes; after reading fire; after reading fire hydrant; case includes paint; case includes paint mark; closed case includes; closed case includes paint,noun_chunks_topk_fallback,,,DESCRIPTIVE,gives_example,YES,EXAMPLE,One closed case; One closed case includes; after reading fire; after reading fire hydrant; case includes paint; case includes paint mark; closed case includes; closed case includes paint,DESCRIPTIVE,gives_example,YES,EXAMPLE,One closed case; One closed case includes; after reading fire; after reading fire hydrant; case includes paint; case includes paint mark; closed case includes; closed case includes paint,DESCRIPTIVE,gives_example,YES
FBV2_DOC_07_fire_hydrant_inspection,Fire Hydrant Inspection Rounds,FBV2_0104,FBV2_DOC_07_fire_hydrant_inspection,Fire Hydrant Inspection Rounds,8,How should a field unit route hydrant inspection records?,The queue is easier to defend when repair ticket anchors the file and valve cap photo narrows it. A route based on fire hydrant inspection case 7-08 alone is less stable.,The queue is easier to defend when repair ticket anchors the file and valve cap photo narrows it. A route based on fire hydrant inspection case 7-08 alone is less stable.,CLAIM,"[""repair ticket"", ""valve cap photo"", ""fire hydrant inspection case 7-08""]",NEGATED,asserts,RELEVANT,CLAIM,"[""repair ticket"", ""valve cap photo"", ""fire hydrant inspection case 7-08""]",NEGATED,asserts,RELEVANT,fresh_blind_v2_gold_by_construction_seed_20260623,YES,RELEVANT,CLAIM,fire hydrant inspection case 7-08; repair ticket anchors; file; valve cap photo,llm_open,fire hydrant inspection case 7-08; repair ticket anchors; file; valve cap photo,,ACTIVE,asserts,YES,CLAIM,fire hydrant inspection case 7-08; repair ticket anchors; file; valve cap photo,ACTIVE,asserts,YES,CLAIM,fire hydrant inspection case 7-08; repair ticket anchors; file; valve cap photo,NEGATED,asserts,YES
FBV2_DOC_07_fire_hydrant_inspection,Fire Hydrant Inspection Rounds,FBV2_0105,FBV2_DOC_07_fire_hydrant_inspection,Fire Hydrant Inspection Rounds,9,How should a field unit route hydrant inspection records?,"At shift handover, hydrant bonnet tag and street repair notice frame the queue that includes fire hydrant inspection case 7-09. The note gives the coordinator enough scene detail to place later entries.","At shift handover, hydrant bonnet tag and street repair notice frame the queue that includes fire hydrant inspection case 7-09. The note gives the coordinator enough scene detail to place later entries.",BACKGROUND,"[""hydrant bonnet tag"", ""street repair notice"", ""fire hydrant inspection case 7-09""]",DESCRIPTIVE,sets_context,NOT_RELEVANT,BACKGROUND,"[""hydrant bonnet tag"", ""street repair notice"", ""fire hydrant inspection case 7-09""]",DESCRIPTIVE,sets_context,NOT_RELEVANT,fresh_blind_v2_gold_by_construction_seed_20260623,NO,NOT_RELEVANT,BACKGROUND,coordinator enough scene; coordinator enough scene detail; enough scene detail; fire hydrant inspection; fire hydrant inspection case; handover hydrant bonnet; handover hydrant bonnet tag; hydrant bonnet tag,noun_chunks_topk_fallback,,,DESCRIPTIVE,sets_context,MAYBE,BACKGROUND,coordinator enough scene; coordinator enough scene detail; enough scene detail; fire hydrant inspection; fire hydrant inspection case; handover hydrant bonnet; handover hydrant bonnet tag; hydrant bonnet tag,DESCRIPTIVE,sets_context,MAYBE,BACKGROUND,coordinator enough scene; coordinator enough scene detail; enough scene detail; fire hydrant inspection; fire hydrant inspection case; handover hydrant bonnet; handover hydrant bonnet tag; hydrant bonnet tag,DESCRIPTIVE,sets_context,NO
FBV2_DOC_07_fire_hydrant_inspection,Fire Hydrant Inspection Rounds,FBV2_0106,FBV2_DOC_07_fire_hydrant_inspection,Fire Hydrant Inspection Rounds,10,How should a field unit route hydrant inspection records?,A later sample should compare flow pressure reading with desk decisions made after crew tablet entry. The check would show whether fire hydrant inspection case 7-10 changes the queue or only documents it.,A later sample should compare flow pressure reading with desk decisions made after crew tablet entry. The check would show whether fire hydrant inspection case 7-10 changes the queue or only documents it.,NEXT_STEP,"[""flow pressure reading"", ""crew tablet entry"", ""fire hydrant inspection case 7-10""]",ACTIVE,proposes_next_test,RELEVANT,NEXT_STEP,"[""flow pressure reading"", ""crew tablet entry"", ""fire hydrant inspection case 7-10""]",ACTIVE,proposes_next_test,RELEVANT,fresh_blind_v2_gold_by_construction_seed_20260623,YES,RELEVANT,NEXT_STEP,after crew tablet; after crew tablet entry; case 7-10 changes; check would show; check would show whether; compare flow pressure; compare flow pressure reading; crew tablet entry,noun_chunks_topk_fallback,,,ACTIVE,proposes_next_test,YES,NEXT_STEP,after crew tablet; after crew tablet entry; case 7-10 changes; check would show; check would show whether; compare flow pressure; compare flow pressure reading; crew tablet entry,ACTIVE,proposes_next_test,YES,NEXT_STEP,after crew tablet; after crew tablet entry; case 7-10 changes; check would show; check would show whether; compare flow pressure; compare flow pressure reading; crew tablet entry,ACTIVE,proposes_next_test,YES
FBV2_DOC_07_fire_hydrant_inspection,Fire Hydrant Inspection Rounds,FBV2_0107,FBV2_DOC_07_fire_hydrant_inspection,Fire Hydrant Inspection Rounds,11,How should a field unit route hydrant inspection records?,The safer choice comes from reading valve cap photo beside district map page. Treating fire hydrant inspection case 7-11 alone as decisive makes the handoff weaker.,The safer choice comes from reading valve cap photo beside district map page. Treating fire hydrant inspection case 7-11 alone as decisive makes the handoff weaker.,CLAIM,"[""valve cap photo"", ""district map page"", ""fire hydrant inspection case 7-11""]",ACTIVE,asserts,RELEVANT,CLAIM,"[""valve cap photo"", ""district map page"", ""fire hydrant inspection case 7-11""]",ACTIVE,asserts,RELEVANT,fresh_blind_v2_gold_by_construction_seed_20260623,YES,RELEVANT,CLAIM,valve cap; district map; fire hydrant inspection case,llm_open,valve cap; district map; fire hydrant inspection case,,ACTIVE,asserts,YES,CLAIM,valve cap; district map; fire hydrant inspection case,ACTIVE,asserts,YES,CLAIM,valve cap; district map; fire hydrant inspection case,ACTIVE,asserts,YES
FBV2_DOC_07_fire_hydrant_inspection,Fire Hydrant Inspection Rounds,FBV2_0108,FBV2_DOC_07_fire_hydrant_inspection,Fire Hydrant Inspection Rounds,12,How should a field unit route hydrant inspection records?,The closeout review placed street repair notice in the files that needed fewer callbacks. paint mark and fire hydrant inspection case 7-12 explained most of the remaining delays.,The closeout review placed street repair notice in the files that needed fewer callbacks. paint mark and fire hydrant inspection case 7-12 explained most of the remaining delays.,RESULT,"[""street repair notice"", ""paint mark"", ""fire hydrant inspection case 7-12""]",DESCRIPTIVE,reports_usefulness,RELEVANT,RESULT,"[""street repair notice"", ""paint mark"", ""fire hydrant inspection case 7-12""]",DESCRIPTIVE,reports_usefulness,RELEVANT,fresh_blind_v2_gold_by_construction_seed_20260623,YES,RELEVANT,RESULT,7-12 explained most; callbacks paint mark; case 7-12 explained; case 7-12 explained most; closeout review placed; closeout review placed street; fewer callbacks paint; fewer callbacks paint mark,noun_chunks_topk_fallback,,,DESCRIPTIVE,reports_usefulness,YES,RESULT,7-12 explained most; callbacks paint mark; case 7-12 explained; case 7-12 explained most; closeout review placed; closeout review placed street; fewer callbacks paint; fewer callbacks paint mark,DESCRIPTIVE,reports_usefulness,YES,RESULT,7-12 explained most; callbacks paint mark; case 7-12 explained; case 7-12 explained most; closeout review placed; closeout review placed street; fewer callbacks paint; fewer callbacks paint mark,DESCRIPTIVE,reports_usefulness,YES
FBV2_DOC_07_fire_hydrant_inspection,Fire Hydrant Inspection Rounds,FBV2_0109,FBV2_DOC_07_fire_hydrant_inspection,Fire Hydrant Inspection Rounds,13,How should a field unit route hydrant inspection records?,"Group crew tablet entry with cases that share repair ticket, then attach fire hydrant inspection case 7-13 before closure. The clerk records who accepted the handoff.","Group crew tablet entry with cases that share repair ticket, then attach fire hydrant inspection case 7-13 before closure. The clerk records who accepted the handoff.",METHOD,"[""crew tablet entry"", ""repair ticket"", ""fire hydrant inspection case 7-13""]",ACTIVE,requires,RELEVANT,METHOD,"[""crew tablet entry"", ""repair ticket"", ""fire hydrant inspection case 7-13""]",ACTIVE,requires,RELEVANT,fresh_blind_v2_gold_by_construction_seed_20260623,YES,RELEVANT,METHOD,Group crew tablet; Group crew tablet entry; attach fire hydrant; attach fire hydrant inspection; clerk records who; clerk records who accepted; crew tablet entry; fire hydrant inspection,noun_chunks_topk_fallback,,,ACTIVE,recommends,YES,METHOD,Group crew tablet; Group crew tablet entry; attach fire hydrant; attach fire hydrant inspection; clerk records who; clerk records who accepted; crew tablet entry; fire hydrant inspection,ACTIVE,recommends,YES,METHOD,Group crew tablet; Group crew tablet entry; attach fire hydrant; attach fire hydrant inspection; clerk records who; clerk records who accepted; crew tablet entry; fire hydrant inspection,ACTIVE,requires,YES
FBV2_DOC_07_fire_hydrant_inspection,Fire Hydrant Inspection Rounds,FBV2_0110,FBV2_DOC_07_fire_hydrant_inspection,Fire Hydrant Inspection Rounds,14,How should a field unit route hydrant inspection records?,"The phrase district map page points to the record where hydrant bonnet tag and fire hydrant inspection case 7-14 are stored together. Staff use it only for the routing object, not for the entire service.","The phrase district map page points to the record where hydrant bonnet tag and fire hydrant inspection case 7-14 are stored together. Staff use it only for the routing object, not for the entire service.",DEFINE,"[""district map page"", ""hydrant bonnet tag"", ""fire hydrant inspection case 7-14""]",DESCRIPTIVE,defines,RELEVANT,DEFINE,"[""district map page"", ""hydrant bonnet tag"", ""fire hydrant inspection case 7-14""]",DESCRIPTIVE,defines,RELEVANT,fresh_blind_v2_gold_by_construction_seed_20260623,YES,RELEVANT,BACKGROUND,district map page; hydrant bonnet tag; fire hydrant inspection case 7-14; routing object,llm_open,district map page; hydrant bonnet tag; fire hydrant inspection case 7-14; routing object,,DESCRIPTIVE,sets_context,MAYBE,DEFINE,district map page; hydrant bonnet tag; fire hydrant inspection case 7-14; routing object,DESCRIPTIVE,defines,YES,DEFINE,district map page; hydrant bonnet tag; fire hydrant inspection case 7-14; routing object,DESCRIPTIVE,defines,YES
FBV2_DOC_07_fire_hydrant_inspection,Fire Hydrant Inspection Rounds,FBV2_0111,FBV2_DOC_07_fire_hydrant_inspection,Fire Hydrant Inspection Rounds,15,How should a field unit route hydrant inspection records?,"One closed case includes paint mark and flow pressure reading, but the desk later reopens it after reading fire hydrant inspection case 7-15. The file shows how a small detail changes the lane.","One closed case includes paint mark and flow pressure reading, but the desk later reopens it after reading fire hydrant inspection case 7-15. The file shows how a small detail changes the lane.",EXAMPLE,"[""paint mark"", ""flow pressure reading"", ""fire hydrant inspection case 7-15""]",DESCRIPTIVE,gives_example,RELEVANT,EXAMPLE,"[""paint mark"", ""flow pressure reading"", ""fire hydrant inspection case 7-15""]",DESCRIPTIVE,gives_example,RELEVANT,fresh_blind_v2_gold_by_construction_seed_20260623,YES,RELEVANT,EXAMPLE,One closed case; One closed case includes; after reading fire; after reading fire hydrant; case includes paint; case includes paint mark; closed case includes; closed case includes paint,noun_chunks_topk_fallback,,,DESCRIPTIVE,gives_example,YES,EXAMPLE,One closed case; One closed case includes; after reading fire; after reading fire hydrant; case includes paint; case includes paint mark; closed case includes; closed case includes paint,DESCRIPTIVE,gives_example,YES,EXAMPLE,One closed case; One closed case includes; after reading fire; after reading fire hydrant; case includes paint; case includes paint mark; closed case includes; closed case includes paint,DESCRIPTIVE,gives_example,YES
FBV2_DOC_07_fire_hydrant_inspection,Fire Hydrant Inspection Rounds,FBV2_0112,FBV2_DOC_07_fire_hydrant_inspection,Fire Hydrant Inspection Rounds,16,How should a field unit route hydrant inspection records?,"During the pilot, repair ticket matched the queue state more often than valve cap photo. The team used fire hydrant inspection case 7-16 to confirm the pattern.","During the pilot, repair ticket matched the queue state more often than valve cap photo. The team used fire hydrant inspection case 7-16 to confirm the pattern.",RESULT,"[""repair ticket"", ""valve cap photo"", ""fire hydrant inspection case 7-16""]",DESCRIPTIVE,reports_usefulness,RELEVANT,RESULT,"[""repair ticket"", ""valve cap photo"", ""fire hydrant inspection case 7-16""]",DESCRIPTIVE,reports_usefulness,RELEVANT,fresh_blind_v2_gold_by_construction_seed_20260623,YES,RELEVANT,EXAMPLE,fire hydrant inspection; fire hydrant inspection case; hydrant inspection case; hydrant inspection case 7-16; inspection case 7-16; pilot repair ticket; pilot repair ticket matched; queue state more,noun_chunks_topk_fallback,,,DESCRIPTIVE,gives_example,YES,RESULT,fire hydrant inspection; fire hydrant inspection case; hydrant inspection case; hydrant inspection case 7-16; inspection case 7-16; pilot repair ticket; pilot repair ticket matched; queue state more,DESCRIPTIVE,reports_usefulness,YES,RESULT,fire hydrant inspection; fire hydrant inspection case; hydrant inspection case; hydrant inspection case 7-16; inspection case 7-16; pilot repair ticket; pilot repair ticket matched; queue state more,DESCRIPTIVE,reports_usefulness,YES
FBV2_DOC_08_hotel_room_turnover,Hotel Room Turnover Desk,FBV2_0113,FBV2_DOC_08_hotel_room_turnover,Hotel Room Turnover Desk,1,How should a hotel desk route room turnover issues?,hotel room turnover case 8-01 should not override linen cart count unless guest arrival window also supports the change. The stronger route comes from the combined case record.,hotel room turnover case 8-01 should not override linen cart count unless guest arrival window also supports the change. The stronger route comes from the combined case record.,CLAIM,"[""linen cart count"", ""guest arrival window"", ""hotel room turnover case 8-01""]",ACTIVE,asserts,RELEVANT,CLAIM,"[""linen cart count"", ""guest arrival window"", ""hotel room turnover case 8-01""]",ACTIVE,asserts,RELEVANT,fresh_blind_v2_gold_by_construction_seed_20260623,YES,RELEVANT,LIMITATION,arrival window also; arrival window also supports; cart count unless; cart count unless guest; combined case record; count unless guest; count unless guest arrival; guest arrival window,noun_chunks_topk_fallback,,,LIMITED,warns_about,YES,BACKGROUND,arrival window also; arrival window also supports; cart count unless; cart count unless guest; combined case record; count unless guest; count unless guest arrival; guest arrival window,DESCRIPTIVE,sets_context,MAYBE,CLAIM,arrival window also; arrival window also supports; cart count unless; cart count unless guest; combined case record; count unless guest; count unless guest arrival; guest arrival window,ACTIVE,asserts,YES
FBV2_DOC_08_hotel_room_turnover,Hotel Room Turnover Desk,FBV2_0114,FBV2_DOC_08_hotel_room_turnover,Hotel Room Turnover Desk,2,How should a hotel desk route room turnover issues?,A later sample should compare room status board with desk decisions made after minibar seal. The check would show whether hotel room turnover case 8-02 changes the queue or only documents it.,A later sample should compare room status board with desk decisions made after minibar seal. The check would show whether hotel room turnover case 8-02 changes the queue or only documents it.,NEXT_STEP,"[""room status board"", ""minibar seal"", ""hotel room turnover case 8-02""]",ACTIVE,proposes_next_test,RELEVANT,NEXT_STEP,"[""room status board"", ""minibar seal"", ""hotel room turnover case 8-02""]",ACTIVE,proposes_next_test,RELEVANT,fresh_blind_v2_gold_by_construction_seed_20260623,YES,RELEVANT,NEXT_STEP,after minibar seal; case 8-02 changes; check would show; check would show whether; compare room status; compare room status board; decisions made after; decisions made after minibar,noun_chunks_topk_fallback,,,ACTIVE,proposes_next_test,YES,NEXT_STEP,after minibar seal; case 8-02 changes; check would show; check would show whether; compare room status; compare room status board; decisions made after; decisions made after minibar,ACTIVE,proposes_next_test,YES,NEXT_STEP,after minibar seal; case 8-02 changes; check would show; check would show whether; compare room status; compare room status board; decisions made after; decisions made after minibar,ACTIVE,proposes_next_test,YES
FBV2_DOC_08_hotel_room_turnover,Hotel Room Turnover Desk,FBV2_0115,FBV2_DOC_08_hotel_room_turnover,Hotel Room Turnover Desk,3,How should a hotel desk route room turnover issues?,"maintenance knock list can lag behind the desk conversation, so housekeeper assignment may show a fresher view of hotel room turnover case 8-03. The coordinator cannot close the file from that record alone.","maintenance knock list can lag behind the desk conversation, so housekeeper assignment may show a fresher view of hotel room turnover case 8-03. The coordinator cannot close the file from that record alone.",LIMITATION,"[""maintenance knock list"", ""housekeeper assignment"", ""hotel room turnover case 8-03""]",NEGATED,limits,RELEVANT,LIMITATION,"[""maintenance knock list"", ""housekeeper assignment"", ""hotel room turnover case 8-03""]",NEGATED,limits,RELEVANT,fresh_blind_v2_gold_by_construction_seed_20260623,YES,RELEVANT,LIMITATION,assignment may show; can lag behind; coordinator cannot close; hotel room turnover; hotel room turnover case; housekeeper assignment may; housekeeper assignment may show; knock list can,noun_chunks_topk_fallback,,,NEGATED,limits,YES,LIMITATION,assignment may show; can lag behind; coordinator cannot close; hotel room turnover; hotel room turnover case; housekeeper assignment may; housekeeper assignment may show; knock list can,NEGATED,limits,YES,LIMITATION,assignment may show; can lag behind; coordinator cannot close; hotel room turnover; hotel room turnover case; housekeeper assignment may; housekeeper assignment may show; knock list can,NEGATED,limits,YES
FBV2_DOC_08_hotel_room_turnover,Hotel Room Turnover Desk,FBV2_0116,FBV2_DOC_08_hotel_room_turnover,Hotel Room Turnover Desk,4,How should a hotel desk route room turnover issues?,"Map guest arrival window to inspection note, then send hotel room turnover case 8-04 to the same queue. The case remains visible until the owner confirms receipt.","Map guest arrival window to inspection note, then send hotel room turnover case 8-04 to the same queue. The case remains visible until the owner confirms receipt.",METHOD,"[""guest arrival window"", ""inspection note"", ""hotel room turnover case 8-04""]",ACTIVE,requires,RELEVANT,METHOD,"[""guest arrival window"", ""inspection note"", ""hotel room turnover case 8-04""]",ACTIVE,requires,RELEVANT,fresh_blind_v2_gold_by_construction_seed_20260623,YES,RELEVANT,METHOD,Map guest arrival; Map guest arrival window; case remains visible; case remains visible until; guest arrival window; hotel room turnover; hotel room turnover case; Map guest,noun_chunks_topk_fallback,,,ACTIVE,maps_to,YES,METHOD,Map guest arrival; Map guest arrival window; case remains visible; case remains visible until; guest arrival window; hotel room turnover; hotel room turnover case; Map guest,ACTIVE,maps_to,YES,METHOD,Map guest arrival; Map guest arrival window; case remains visible; case remains visible until; guest arrival window; hotel room turnover; hotel room turnover case; Map guest,ACTIVE,requires,YES
FBV2_DOC_08_hotel_room_turnover,Hotel Room Turnover Desk,FBV2_0117,FBV2_DOC_08_hotel_room_turnover,Hotel Room Turnover Desk,5,How should a hotel desk route room turnover issues?,The desk gains a clearer queue when minibar seal and lost property bag travel together. Separating them leaves hotel room turnover case 8-05 too much room to steer the decision.,The desk gains a clearer queue when minibar seal and lost property bag travel together. Separating them leaves hotel room turnover case 8-05 too much room to steer the decision.,CLAIM,"[""minibar seal"", ""lost property bag"", ""hotel room turnover case 8-05""]",ACTIVE,asserts,RELEVANT,CLAIM,"[""minibar seal"", ""lost property bag"", ""hotel room turnover case 8-05""]",ACTIVE,asserts,RELEVANT,fresh_blind_v2_gold_by_construction_seed_20260623,YES,RELEVANT,CLAIM,bag travel together Separating; Separating them leaves; Separating them leaves hotel; together Separating them; together Separating them leaves; travel together Separating; travel together Separating them; 8-05 too much,noun_chunks_topk_fallback,,,ACTIVE,asserts,YES,CLAIM,bag travel together Separating; Separating them leaves; Separating them leaves hotel; together Separating them; together Separating them leaves; travel together Separating; travel together Separating them; 8-05 too much,ACTIVE,asserts,YES,CLAIM,bag travel together Separating; Separating them leaves; Separating them leaves hotel; together Separating them; together Separating them leaves; travel together Separating; travel together Separating them; 8-05 too much,ACTIVE,asserts,YES
FBV2_DOC_08_hotel_room_turnover,Hotel Room Turnover Desk,FBV2_0118,FBV2_DOC_08_hotel_room_turnover,Hotel Room Turnover Desk,6,How should a hotel desk route room turnover issues?,A caller asks about housekeeper assignment while the desk is still waiting for linen cart count. The coordinator checks hotel room turnover case 8-06 before assigning the next owner.,A caller asks about housekeeper assignment while the desk is still waiting for linen cart count. The coordinator checks hotel room turnover case 8-06 before assigning the next owner.,EXAMPLE,"[""housekeeper assignment"", ""linen cart count"", ""hotel room turnover case 8-06""]",DESCRIPTIVE,gives_example,RELEVANT,EXAMPLE,"[""housekeeper assignment"", ""linen cart count"", ""hotel room turnover case 8-06""]",DESCRIPTIVE,gives_example,RELEVANT,fresh_blind_v2_gold_by_construction_seed_20260623,YES,RELEVANT,METHOD,about housekeeper assignment; about housekeeper assignment while; asks about housekeeper; asks about housekeeper assignment; caller asks about; caller asks about housekeeper; checks hotel room; checks hotel room turnover,noun_chunks_topk_fallback,,,ACTIVE,recommends,YES,EXAMPLE,about housekeeper assignment; about housekeeper assignment while; asks about housekeeper; asks about housekeeper assignment; caller asks about; caller asks about housekeeper; checks hotel room; checks hotel room turnover,DESCRIPTIVE,gives_example,YES,EXAMPLE,about housekeeper assignment; about housekeeper assignment while; asks about housekeeper; asks about housekeeper assignment; caller asks about; caller asks about housekeeper; checks hotel room; checks hotel room turnover,DESCRIPTIVE,gives_example,YES
FBV2_DOC_08_hotel_room_turnover,Hotel Room Turnover Desk,FBV2_0119,FBV2_DOC_08_hotel_room_turnover,Hotel Room Turnover Desk,7,How should a hotel desk route room turnover issues?,A later sample should compare inspection note with desk decisions made after room status board. The check would show whether hotel room turnover case 8-07 changes the queue or only documents it.,A later sample should compare inspection note with desk decisions made after room status board. The check would show whether hotel room turnover case 8-07 changes the queue or only documents it.,NEXT_STEP,"[""inspection note"", ""room status board"", ""hotel room turnover case 8-07""]",ACTIVE,proposes_next_test,RELEVANT,NEXT_STEP,"[""inspection note"", ""room status board"", ""hotel room turnover case 8-07""]",ACTIVE,proposes_next_test,RELEVANT,fresh_blind_v2_gold_by_construction_seed_20260623,YES,RELEVANT,NEXT_STEP,after room status; after room status board; case 8-07 changes; check would show; check would show whether; compare inspection note; decisions made after; decisions made after room,noun_chunks_topk_fallback,,,ACTIVE,proposes_next_test,YES,NEXT_STEP,after room status; after room status board; case 8-07 changes; check would show; check would show whether; compare inspection note; decisions made after; decisions made after room,ACTIVE,proposes_next_test,YES,NEXT_STEP,after room status; after room status board; case 8-07 changes; check would show; check would show whether; compare inspection note; decisions made after; decisions made after room,ACTIVE,proposes_next_test,YES
FBV2_DOC_08_hotel_room_turnover,Hotel Room Turnover Desk,FBV2_0120,FBV2_DOC_08_hotel_room_turnover,Hotel Room Turnover Desk,8,How should a hotel desk route room turnover issues?,The month-end count showed lost property bag in the cases that moved before noon. Files without maintenance knock list leaned more heavily on hotel room turnover case 8-08.,The month-end count showed lost property bag in the cases that moved before noon. Files without maintenance knock list leaned more heavily on hotel room turnover case 8-08.,RESULT,"[""lost property bag"", ""maintenance knock list"", ""hotel room turnover case 8-08""]",DESCRIPTIVE,reports_usefulness,RELEVANT,RESULT,"[""lost property bag"", ""maintenance knock list"", ""hotel room turnover case 8-08""]",DESCRIPTIVE,reports_usefulness,RELEVANT,fresh_blind_v2_gold_by_construction_seed_20260623,YES,RELEVANT,CLAIM,count showed lost; count showed lost property; hotel room turnover; hotel room turnover case; knock list leaned; knock list leaned more; leaned more heavily; list leaned more,noun_chunks_topk_fallback,,,ACTIVE,asserts,YES,METHOD,count showed lost; count showed lost property; hotel room turnover; hotel room turnover case; knock list leaned; knock list leaned more; leaned more heavily; list leaned more,ACTIVE,recommends,YES,RESULT,count showed lost; count showed lost property; hotel room turnover; hotel room turnover case; knock list leaned; knock list leaned more; leaned more heavily; list leaned more,DESCRIPTIVE,reports_usefulness,YES
FBV2_DOC_08_hotel_room_turnover,Hotel Room Turnover Desk,FBV2_0121,FBV2_DOC_08_hotel_room_turnover,Hotel Room Turnover Desk,9,How should a hotel desk route room turnover issues?,"A clerk opens the folder with linen cart count, guest arrival window, and hotel room turnover case 8-09 on the same page. The entries orient the reader before any claim about priority appears.","A clerk opens the folder with linen cart count, guest arrival window, and hotel room turnover case 8-09 on the same page. The entries orient the reader before any claim about priority appears.",BACKGROUND,"[""linen cart count"", ""guest arrival window"", ""hotel room turnover case 8-09""]",DESCRIPTIVE,sets_context,NOT_RELEVANT,BACKGROUND,"[""linen cart count"", ""guest arrival window"", ""hotel room turnover case 8-09""]",DESCRIPTIVE,sets_context,NOT_RELEVANT,fresh_blind_v2_gold_by_construction_seed_20260623,NO,NOT_RELEVANT,BACKGROUND,about priority appears; any claim about; any claim about priority; cart count guest; cart count guest arrival; claim about priority; claim about priority appears; count guest arrival,noun_chunks_topk_fallback,,,DESCRIPTIVE,sets_context,MAYBE,BACKGROUND,about priority appears; any claim about; any claim about priority; cart count guest; cart count guest arrival; claim about priority; claim about priority appears; count guest arrival,DESCRIPTIVE,sets_context,MAYBE,BACKGROUND,about priority appears; any claim about; any claim about priority; cart count guest; cart count guest arrival; claim about priority; claim about priority appears; count guest arrival,DESCRIPTIVE,sets_context,NO
FBV2_DOC_08_hotel_room_turnover,Hotel Room Turnover Desk,FBV2_0122,FBV2_DOC_08_hotel_room_turnover,Hotel Room Turnover Desk,10,How should a hotel desk route room turnover issues?,The team calls room status board the visible case item built from minibar seal plus hotel room turnover case 8-10. That item is what later notes attach to.,The team calls room status board the visible case item built from minibar seal plus hotel room turnover case 8-10. That item is what later notes attach to.,DEFINE,"[""room status board"", ""minibar seal"", ""hotel room turnover case 8-10""]",DESCRIPTIVE,defines,RELEVANT,DEFINE,"[""room status board"", ""minibar seal"", ""hotel room turnover case 8-10""]",DESCRIPTIVE,defines,RELEVANT,fresh_blind_v2_gold_by_construction_seed_20260623,YES,RELEVANT,DEFINE,calls room status; calls room status board; case item built; hotel room turnover; hotel room turnover case; later notes attach; minibar seal plus; minibar seal plus hotel,noun_chunks_topk_fallback,,,DESCRIPTIVE,defines,YES,DEFINE,calls room status; calls room status board; case item built; hotel room turnover; hotel room turnover case; later notes attach; minibar seal plus; minibar seal plus hotel,DESCRIPTIVE,defines,YES,DEFINE,calls room status; calls room status board; case item built; hotel room turnover; hotel room turnover case; later notes attach; minibar seal plus; minibar seal plus hotel,DESCRIPTIVE,defines,YES
FBV2_DOC_08_hotel_room_turnover,Hotel Room Turnover Desk,FBV2_0123,FBV2_DOC_08_hotel_room_turnover,Hotel Room Turnover Desk,11,How should a hotel desk route room turnover issues?,"The phrase maintenance knock list points to the record where housekeeper assignment and hotel room turnover case 8-11 are stored together. Staff use it only for the routing object, not for the entire service.","The phrase maintenance knock list points to the record where housekeeper assignment and hotel room turnover case 8-11 are stored together. Staff use it only for the routing object, not for the entire service.",DEFINE,"[""maintenance knock list"", ""housekeeper assignment"", ""hotel room turnover case 8-11""]",DESCRIPTIVE,defines,RELEVANT,DEFINE,"[""maintenance knock list"", ""housekeeper assignment"", ""hotel room turnover case 8-11""]",DESCRIPTIVE,defines,RELEVANT,fresh_blind_v2_gold_by_construction_seed_20260623,YES,RELEVANT,DEFINE,stored together Staff; hotel room turnover; hotel room turnover case; knock list points; maintenance knock list; maintenance knock list points; phrase maintenance knock; phrase maintenance knock list,noun_chunks_topk_fallback,,,DESCRIPTIVE,defines,YES,DEFINE,stored together Staff; hotel room turnover; hotel room turnover case; knock list points; maintenance knock list; maintenance knock list points; phrase maintenance knock; phrase maintenance knock list,DESCRIPTIVE,defines,YES,DEFINE,stored together Staff; hotel room turnover; hotel room turnover case; knock list points; maintenance knock list; maintenance knock list points; phrase maintenance knock; phrase maintenance knock list,DESCRIPTIVE,defines,YES
FBV2_DOC_08_hotel_room_turnover,Hotel Room Turnover Desk,FBV2_0124,FBV2_DOC_08_hotel_room_turnover,Hotel Room Turnover Desk,12,How should a hotel desk route room turnover issues?,"In the weekly review, guest arrival window appeared in most reopened cases while inspection note was usually present in clean handoffs. Reviewers used hotel room turnover case 8-12 to trace the difference.","In the weekly review, guest arrival window appeared in most reopened cases while inspection note was usually present in clean handoffs. Reviewers used hotel room turnover case 8-12 to trace the difference.",RESULT,"[""guest arrival window"", ""inspection note"", ""hotel room turnover case 8-12""]",DESCRIPTIVE,reports_usefulness,RELEVANT,RESULT,"[""guest arrival window"", ""inspection note"", ""hotel room turnover case 8-12""]",DESCRIPTIVE,reports_usefulness,RELEVANT,fresh_blind_v2_gold_by_construction_seed_20260623,YES,RELEVANT,RESULT,clean handoffs Reviewers; clean handoffs Reviewers used; handoffs Reviewers used; handoffs Reviewers used hotel; Reviewers used hotel; Reviewers used hotel room; arrival window appeared; cases while inspection,noun_chunks_topk_fallback,,human review,DESCRIPTIVE,reports_usefulness,YES,METHOD,clean handoffs Reviewers; clean handoffs Reviewers used; handoffs Reviewers used; handoffs Reviewers used hotel; Reviewers used hotel; Reviewers used hotel room; arrival window appeared; cases while inspection,ACTIVE,recommends,YES,RESULT,clean handoffs Reviewers; clean handoffs Reviewers used; handoffs Reviewers used; handoffs Reviewers used hotel; Reviewers used hotel; Reviewers used hotel room; arrival window appeared; cases while inspection,DESCRIPTIVE,reports_usefulness,YES
FBV2_DOC_08_hotel_room_turnover,Hotel Room Turnover Desk,FBV2_0125,FBV2_DOC_08_hotel_room_turnover,Hotel Room Turnover Desk,13,How should a hotel desk route room turnover issues?,A late-day entry has minibar seal in the queue and lost property bag on a separate sheet. The coordinator links both to hotel room turnover case 8-13 before moving the case.,A late-day entry has minibar seal in the queue and lost property bag on a separate sheet. The coordinator links both to hotel room turnover case 8-13 before moving the case.,EXAMPLE,"[""minibar seal"", ""lost property bag"", ""hotel room turnover case 8-13""]",DESCRIPTIVE,gives_example,RELEVANT,EXAMPLE,"[""minibar seal"", ""lost property bag"", ""hotel room turnover case 8-13""]",DESCRIPTIVE,gives_example,RELEVANT,fresh_blind_v2_gold_by_construction_seed_20260623,YES,RELEVANT,METHOD,coordinator links both; hotel room turnover; hotel room turnover case; lost property bag; room turnover case; room turnover case 8-13; turnover case 8-13; case,noun_chunks_topk_fallback,,,ACTIVE,recommends,YES,EXAMPLE,coordinator links both; hotel room turnover; hotel room turnover case; lost property bag; room turnover case; room turnover case 8-13; turnover case 8-13; case,DESCRIPTIVE,gives_example,YES,EXAMPLE,coordinator links both; hotel room turnover; hotel room turnover case; lost property bag; room turnover case; room turnover case 8-13; turnover case 8-13; case,DESCRIPTIVE,gives_example,YES
FBV2_DOC_08_hotel_room_turnover,Hotel Room Turnover Desk,FBV2_0126,FBV2_DOC_08_hotel_room_turnover,Hotel Room Turnover Desk,14,How should a hotel desk route room turnover issues?,"At shift handover, housekeeper assignment and linen cart count frame the queue that includes hotel room turnover case 8-14. The note gives the coordinator enough scene detail to place later entries.","At shift handover, housekeeper assignment and linen cart count frame the queue that includes hotel room turnover case 8-14. The note gives the coordinator enough scene detail to place later entries.",BACKGROUND,"[""housekeeper assignment"", ""linen cart count"", ""hotel room turnover case 8-14""]",DESCRIPTIVE,sets_context,PARTIAL,BACKGROUND,"[""housekeeper assignment"", ""linen cart count"", ""hotel room turnover case 8-14""]",DESCRIPTIVE,sets_context,PARTIAL,fresh_blind_v2_gold_by_construction_seed_20260623,MAYBE,PARTIAL,BACKGROUND,cart count frame; coordinator enough scene; coordinator enough scene detail; enough scene detail; handover housekeeper assignment; hotel room turnover; hotel room turnover case; includes hotel room,noun_chunks_topk_fallback,,,DESCRIPTIVE,sets_context,MAYBE,BACKGROUND,cart count frame; coordinator enough scene; coordinator enough scene detail; enough scene detail; handover housekeeper assignment; hotel room turnover; hotel room turnover case; includes hotel room,DESCRIPTIVE,sets_context,MAYBE,BACKGROUND,cart count frame; coordinator enough scene; coordinator enough scene detail; enough scene detail; handover housekeeper assignment; hotel room turnover; hotel room turnover case; includes hotel room,DESCRIPTIVE,sets_context,MAYBE
FBV2_DOC_08_hotel_room_turnover,Hotel Room Turnover Desk,FBV2_0127,FBV2_DOC_08_hotel_room_turnover,Hotel Room Turnover Desk,15,How should a hotel desk route room turnover issues?,inspection note cannot carry the route by itself if room status board is blank. The desk leaves hotel room turnover case 8-15 in review until another record confirms it.,inspection note cannot carry the route by itself if room status board is blank. The desk leaves hotel room turnover case 8-15 in review until another record confirms it.,LIMITATION,"[""inspection note"", ""room status board"", ""hotel room turnover case 8-15""]",NEGATED,limits,RELEVANT,LIMITATION,"[""inspection note"", ""room status board"", ""hotel room turnover case 8-15""]",NEGATED,limits,RELEVANT,fresh_blind_v2_gold_by_construction_seed_20260623,YES,RELEVANT,LIMITATION,room status board; hotel room turnover case,llm_open,room status board; hotel room turnover case,,NEGATED,limits,YES,LIMITATION,room status board; hotel room turnover case,NEGATED,limits,YES,LIMITATION,room status board; hotel room turnover case,NEGATED,limits,YES
FBV2_DOC_08_hotel_room_turnover,Hotel Room Turnover Desk,FBV2_0128,FBV2_DOC_08_hotel_room_turnover,Hotel Room Turnover Desk,16,How should a hotel desk route room turnover issues?,Match lost property bag to maintenance knock list before assigning hotel room turnover case 8-16. The queue owner signs the file after the two entries line up.,Match lost property bag to maintenance knock list before assigning hotel room turnover case 8-16. The queue owner signs the file after the two entries line up.,METHOD,"[""lost property bag"", ""maintenance knock list"", ""hotel room turnover case 8-16""]",ACTIVE,requires,RELEVANT,METHOD,"[""lost property bag"", ""maintenance knock list"", ""hotel room turnover case 8-16""]",ACTIVE,requires,RELEVANT,fresh_blind_v2_gold_by_construction_seed_20260623,YES,RELEVANT,METHOD,Match lost property; Match lost property bag; assigning hotel room; assigning hotel room turnover; entries line up; hotel room turnover; hotel room turnover case; lost property bag,noun_chunks_topk_fallback,,,ACTIVE,recommends,YES,METHOD,Match lost property; Match lost property bag; assigning hotel room; assigning hotel room turnover; entries line up; hotel room turnover; hotel room turnover case; lost property bag,ACTIVE,recommends,YES,METHOD,Match lost property; Match lost property bag; assigning hotel room; assigning hotel room turnover; entries line up; hotel room turnover; hotel room turnover case; lost property bag,ACTIVE,requires,YES
FBV2_DOC_09_recycling_contamination_audit,Recycling Contamination Audit,FBV2_0129,FBV2_DOC_09_recycling_contamination_audit,Recycling Contamination Audit,1,How should a materials crew route contamination checks?,"Map bin photo sample to driver observation card, then send recycling contamination audit case 9-01 to the same queue. The case remains visible until the owner confirms receipt.","Map bin photo sample to driver observation card, then send recycling contamination audit case 9-01 to the same queue. The case remains visible until the owner confirms receipt.",METHOD,"[""bin photo sample"", ""driver observation card"", ""recycling contamination audit case 9-01""]",ACTIVE,requires,RELEVANT,METHOD,"[""bin photo sample"", ""driver observation card"", ""recycling contamination audit case 9-01""]",ACTIVE,requires,RELEVANT,fresh_blind_v2_gold_by_construction_seed_20260623,YES,RELEVANT,METHOD,Map bin photo; Map bin photo sample; audit case 9-01; bin photo sample; case remains visible; case remains visible until; contamination audit case; contamination audit case 9-01,noun_chunks_topk_fallback,,,ACTIVE,maps_to,YES,METHOD,Map bin photo; Map bin photo sample; audit case 9-01; bin photo sample; case remains visible; case remains visible until; contamination audit case; contamination audit case 9-01,ACTIVE,maps_to,YES,METHOD,Map bin photo; Map bin photo sample; audit case 9-01; bin photo sample; case remains visible; case remains visible until; contamination audit case; contamination audit case 9-01,ACTIVE,requires,YES
FBV2_DOC_09_recycling_contamination_audit,Recycling Contamination Audit,FBV2_0130,FBV2_DOC_09_recycling_contamination_audit,Recycling Contamination Audit,2,How should a materials crew route contamination checks?,"During the pilot, route tag matched the queue state more often than rejection sticker. The team used recycling contamination audit case 9-02 to confirm the pattern.","During the pilot, route tag matched the queue state more often than rejection sticker. The team used recycling contamination audit case 9-02 to confirm the pattern.",RESULT,"[""route tag"", ""rejection sticker"", ""recycling contamination audit case 9-02""]",DESCRIPTIVE,reports_usefulness,RELEVANT,RESULT,"[""route tag"", ""rejection sticker"", ""recycling contamination audit case 9-02""]",DESCRIPTIVE,reports_usefulness,RELEVANT,fresh_blind_v2_gold_by_construction_seed_20260623,YES,RELEVANT,EXAMPLE,audit case 9-02; contamination audit case; contamination audit case 9-02; pilot route tag; pilot route tag matched; queue state more; queue state more often; recycling contamination audit,noun_chunks_topk_fallback,,,DESCRIPTIVE,gives_example,YES,RESULT,audit case 9-02; contamination audit case; contamination audit case 9-02; pilot route tag; pilot route tag matched; queue state more; queue state more often; recycling contamination audit,DESCRIPTIVE,reports_usefulness,YES,RESULT,audit case 9-02; contamination audit case; contamination audit case 9-02; pilot route tag; pilot route tag matched; queue state more; queue state more often; recycling contamination audit,DESCRIPTIVE,reports_usefulness,YES
FBV2_DOC_09_recycling_contamination_audit,Recycling Contamination Audit,FBV2_0131,FBV2_DOC_09_recycling_contamination_audit,Recycling Contamination Audit,3,How should a materials crew route contamination checks?,The closeout review placed sorting belt note in the files that needed fewer callbacks. load weight ticket and recycling contamination audit case 9-03 explained most of the remaining delays.,The closeout review placed sorting belt note in the files that needed fewer callbacks. load weight ticket and recycling contamination audit case 9-03 explained most of the remaining delays.,RESULT,"[""sorting belt note"", ""load weight ticket"", ""recycling contamination audit case 9-03""]",DESCRIPTIVE,supports_retrieval,RELEVANT,RESULT,"[""sorting belt note"", ""load weight ticket"", ""recycling contamination audit case 9-03""]",DESCRIPTIVE,supports_retrieval,RELEVANT,fresh_blind_v2_gold_by_construction_seed_20260623,YES,RELEVANT,BACKGROUND,9-03 explained most; audit case 9-03; audit case 9-03 explained; callbacks load weight; callbacks load weight ticket; case 9-03 explained; case 9-03 explained most; closeout review placed,noun_chunks_topk_fallback,,,DESCRIPTIVE,sets_context,MAYBE,RESULT,9-03 explained most; audit case 9-03; audit case 9-03 explained; callbacks load weight; callbacks load weight ticket; case 9-03 explained; case 9-03 explained most; closeout review placed,DESCRIPTIVE,reports_usefulness,YES,RESULT,9-03 explained most; audit case 9-03; audit case 9-03 explained; callbacks load weight; callbacks load weight ticket; case 9-03 explained; case 9-03 explained most; closeout review placed,DESCRIPTIVE,supports_retrieval,YES
FBV2_DOC_09_recycling_contamination_audit,Recycling Contamination Audit,FBV2_0132,FBV2_DOC_09_recycling_contamination_audit,Recycling Contamination Audit,4,How should a materials crew route contamination checks?,"Before the coordinator touches the queue, driver observation card and education leaflet batch are checked against recycling contamination audit case 9-04. The detail marks the operational setting for the case.","Before the coordinator touches the queue, driver observation card and education leaflet batch are checked against recycling contamination audit case 9-04. The detail marks the operational setting for the case.",BACKGROUND,"[""driver observation card"", ""education leaflet batch"", ""recycling contamination audit case 9-04""]",DESCRIPTIVE,sets_context,PARTIAL,BACKGROUND,"[""driver observation card"", ""education leaflet batch"", ""recycling contamination audit case 9-04""]",DESCRIPTIVE,sets_context,PARTIAL,fresh_blind_v2_gold_by_construction_seed_20260623,MAYBE,PARTIAL,BACKGROUND,against recycling contamination; against recycling contamination audit; audit case 9-04; checked against recycling; checked against recycling contamination; contamination audit case; contamination audit case 9-04; driver observation card,noun_chunks_topk_fallback,,,DESCRIPTIVE,sets_context,MAYBE,BACKGROUND,against recycling contamination; against recycling contamination audit; audit case 9-04; checked against recycling; checked against recycling contamination; contamination audit case; contamination audit case 9-04; driver observation card,DESCRIPTIVE,sets_context,MAYBE,BACKGROUND,against recycling contamination; against recycling contamination audit; audit case 9-04; checked against recycling; checked against recycling contamination; contamination audit case; contamination audit case 9-04; driver observation card,DESCRIPTIVE,sets_context,MAYBE
FBV2_DOC_09_recycling_contamination_audit,Recycling Contamination Audit,FBV2_0133,FBV2_DOC_09_recycling_contamination_audit,Recycling Contamination Audit,5,How should a materials crew route contamination checks?,"The office can hold out files containing rejection sticker, then compare them with cases built around transfer station bay. That review would test whether recycling contamination audit case 9-05 moves earlier.","The office can hold out files containing rejection sticker, then compare them with cases built around transfer station bay. That review would test whether recycling contamination audit case 9-05 moves earlier.",NEXT_STEP,"[""rejection sticker"", ""transfer station bay"", ""recycling contamination audit case 9-05""]",ACTIVE,proposes_next_test,RELEVANT,NEXT_STEP,"[""rejection sticker"", ""transfer station bay"", ""recycling contamination audit case 9-05""]",ACTIVE,proposes_next_test,RELEVANT,fresh_blind_v2_gold_by_construction_seed_20260623,YES,RELEVANT,NEXT_STEP,9-05 moves earlier; around transfer station; around transfer station bay; audit case 9-05; audit case 9-05 moves; built around transfer; built around transfer station; can hold out,noun_chunks_topk_fallback,,,ACTIVE,proposes_next_test,YES,NEXT_STEP,9-05 moves earlier; around transfer station; around transfer station bay; audit case 9-05; audit case 9-05 moves; built around transfer; built around transfer station; can hold out,ACTIVE,proposes_next_test,YES,NEXT_STEP,9-05 moves earlier; around transfer station; around transfer station bay; audit case 9-05; audit case 9-05 moves; built around transfer; built around transfer station; can hold out,ACTIVE,proposes_next_test,YES
FBV2_DOC_09_recycling_contamination_audit,Recycling Contamination Audit,FBV2_0134,FBV2_DOC_09_recycling_contamination_audit,Recycling Contamination Audit,6,How should a materials crew route contamination checks?,A coordinator should treat load weight ticket with care when bin photo sample has no matching timestamp. recycling contamination audit case 9-06 remains open until the file catches up.,A coordinator should treat load weight ticket with care when bin photo sample has no matching timestamp. recycling contamination audit case 9-06 remains open until the file catches up.,LIMITATION,"[""load weight ticket"", ""bin photo sample"", ""recycling contamination audit case 9-06""]",LIMITED,warns_about,RELEVANT,LIMITATION,"[""load weight ticket"", ""bin photo sample"", ""recycling contamination audit case 9-06""]",LIMITED,warns_about,RELEVANT,fresh_blind_v2_gold_by_construction_seed_20260623,YES,RELEVANT,NEXT_STEP,9-06 remains open; 9-06 remains open until; audit case 9-06; audit case 9-06 remains; bin photo sample; case 9-06 remains; case 9-06 remains open; contamination audit case,noun_chunks_topk_fallback,,,ACTIVE,proposes_next_test,YES,LIMITATION,9-06 remains open; 9-06 remains open until; audit case 9-06; audit case 9-06 remains; bin photo sample; case 9-06 remains; case 9-06 remains open; contamination audit case,LIMITED,warns_about,YES,LIMITATION,9-06 remains open; 9-06 remains open until; audit case 9-06; audit case 9-06 remains; bin photo sample; case 9-06 remains; case 9-06 remains open; contamination audit case,LIMITED,warns_about,YES
FBV2_DOC_09_recycling_contamination_audit,Recycling Contamination Audit,FBV2_0135,FBV2_DOC_09_recycling_contamination_audit,Recycling Contamination Audit,7,How should a materials crew route contamination checks?,education leaflet batch cannot carry the route by itself if route tag is blank. The desk leaves recycling contamination audit case 9-07 in review until another record confirms it.,education leaflet batch cannot carry the route by itself if route tag is blank. The desk leaves recycling contamination audit case 9-07 in review until another record confirms it.,LIMITATION,"[""education leaflet batch"", ""route tag"", ""recycling contamination audit case 9-07""]",NEGATED,limits,RELEVANT,LIMITATION,"[""education leaflet batch"", ""route tag"", ""recycling contamination audit case 9-07""]",NEGATED,limits,RELEVANT,fresh_blind_v2_gold_by_construction_seed_20260623,YES,RELEVANT,NEXT_STEP,another record confirms; audit case 9-07; batch cannot carry; contamination audit case; contamination audit case 9-07; desk leaves recycling; desk leaves recycling contamination; education leaflet batch,noun_chunks_topk_fallback,,,ACTIVE,proposes_next_test,YES,LIMITATION,another record confirms; audit case 9-07; batch cannot carry; contamination audit case; contamination audit case 9-07; desk leaves recycling; desk leaves recycling contamination; education leaflet batch,NEGATED,limits,YES,LIMITATION,another record confirms; audit case 9-07; batch cannot carry; contamination audit case; contamination audit case 9-07; desk leaves recycling; desk leaves recycling contamination; education leaflet batch,NEGATED,limits,YES
FBV2_DOC_09_recycling_contamination_audit,Recycling Contamination Audit,FBV2_0136,FBV2_DOC_09_recycling_contamination_audit,Recycling Contamination Audit,8,How should a materials crew route contamination checks?,"The phrase transfer station bay points to the record where sorting belt note and recycling contamination audit case 9-08 are stored together. Staff use it only for the routing object, not for the entire service.","The phrase transfer station bay points to the record where sorting belt note and recycling contamination audit case 9-08 are stored together. Staff use it only for the routing object, not for the entire service.",DEFINE,"[""transfer station bay"", ""sorting belt note"", ""recycling contamination audit case 9-08""]",DESCRIPTIVE,defines,RELEVANT,DEFINE,"[""transfer station bay"", ""sorting belt note"", ""recycling contamination audit case 9-08""]",DESCRIPTIVE,defines,RELEVANT,fresh_blind_v2_gold_by_construction_seed_20260623,YES,RELEVANT,DEFINE,stored together Staff; audit case 9-08; contamination audit case; contamination audit case 9-08; phrase transfer station; phrase transfer station bay; recycling contamination audit; recycling contamination audit case,noun_chunks_topk_fallback,,,DESCRIPTIVE,defines,YES,DEFINE,stored together Staff; audit case 9-08; contamination audit case; contamination audit case 9-08; phrase transfer station; phrase transfer station bay; recycling contamination audit; recycling contamination audit case,DESCRIPTIVE,defines,YES,DEFINE,stored together Staff; audit case 9-08; contamination audit case; contamination audit case 9-08; phrase transfer station; phrase transfer station bay; recycling contamination audit; recycling contamination audit case,DESCRIPTIVE,defines,YES
FBV2_DOC_09_recycling_contamination_audit,Recycling Contamination Audit,FBV2_0137,FBV2_DOC_09_recycling_contamination_audit,Recycling Contamination Audit,9,How should a materials crew route contamination checks?,bin photo sample deserves priority only when driver observation card shows the same pressure. Otherwise recycling contamination audit case 9-09 may exaggerate the urgency of the case.,bin photo sample deserves priority only when driver observation card shows the same pressure. Otherwise recycling contamination audit case 9-09 may exaggerate the urgency of the case.,CLAIM,"[""bin photo sample"", ""driver observation card"", ""recycling contamination audit case 9-09""]",ACTIVE,asserts,RELEVANT,CLAIM,"[""bin photo sample"", ""driver observation card"", ""recycling contamination audit case 9-09""]",ACTIVE,asserts,RELEVANT,fresh_blind_v2_gold_by_construction_seed_20260623,YES,RELEVANT,CLAIM,Otherwise recycling contamination; Otherwise recycling contamination audit; pressure Otherwise recycling; pressure Otherwise recycling contamination; same pressure Otherwise; same pressure Otherwise recycling; 9-09 may exaggerate; audit case 9-09,noun_chunks_topk_fallback,,,ACTIVE,asserts,YES,CLAIM,Otherwise recycling contamination; Otherwise recycling contamination audit; pressure Otherwise recycling; pressure Otherwise recycling contamination; same pressure Otherwise; same pressure Otherwise recycling; 9-09 may exaggerate; audit case 9-09,ACTIVE,asserts,YES,CLAIM,Otherwise recycling contamination; Otherwise recycling contamination audit; pressure Otherwise recycling; pressure Otherwise recycling contamination; same pressure Otherwise; same pressure Otherwise recycling; 9-09 may exaggerate; audit case 9-09,ACTIVE,asserts,YES
FBV2_DOC_09_recycling_contamination_audit,Recycling Contamination Audit,FBV2_0138,FBV2_DOC_09_recycling_contamination_audit,Recycling Contamination Audit,10,How should a materials crew route contamination checks?,rejection sticker is filed next to route tag whenever recycling contamination audit case 9-10 is active. That arrangement shows which parts of the work are already on the board.,rejection sticker is filed next to route tag whenever recycling contamination audit case 9-10 is active. That arrangement shows which parts of the work are already on the board.,BACKGROUND,"[""route tag"", ""rejection sticker"", ""recycling contamination audit case 9-10""]",DESCRIPTIVE,sets_context,PARTIAL,BACKGROUND,"[""route tag"", ""rejection sticker"", ""recycling contamination audit case 9-10""]",DESCRIPTIVE,sets_context,PARTIAL,fresh_blind_v2_gold_by_construction_seed_20260623,MAYBE,PARTIAL,METHOD,route tag; audit case 9-10; contamination audit case; contamination audit case 9-10; recycling contamination audit; recycling contamination audit case; route tag whenever; route tag whenever recycling,noun_chunks_topk_fallback,route tag,,ACTIVE,recommends,YES,METHOD,route tag; audit case 9-10; contamination audit case; contamination audit case 9-10; recycling contamination audit; recycling contamination audit case; route tag whenever; route tag whenever recycling,ACTIVE,recommends,YES,BACKGROUND,route tag; audit case 9-10; contamination audit case; contamination audit case 9-10; recycling contamination audit; recycling contamination audit case; route tag whenever; route tag whenever recycling,DESCRIPTIVE,sets_context,MAYBE
FBV2_DOC_09_recycling_contamination_audit,Recycling Contamination Audit,FBV2_0139,FBV2_DOC_09_recycling_contamination_audit,Recycling Contamination Audit,11,How should a materials crew route contamination checks?,"For this office, sorting belt note is the case-facing reference that holds load weight ticket and recycling contamination audit case 9-11. The label stays with the file until the desk closes it.","For this office, sorting belt note is the case-facing reference that holds load weight ticket and recycling contamination audit case 9-11. The label stays with the file until the desk closes it.",DEFINE,"[""sorting belt note"", ""load weight ticket"", ""recycling contamination audit case 9-11""]",DESCRIPTIVE,defines,RELEVANT,DEFINE,"[""sorting belt note"", ""load weight ticket"", ""recycling contamination audit case 9-11""]",DESCRIPTIVE,defines,RELEVANT,fresh_blind_v2_gold_by_construction_seed_20260623,YES,RELEVANT,BACKGROUND,audit case 9-11; contamination audit case; contamination audit case 9-11; holds load weight; holds load weight ticket; load weight ticket; office sorting belt; office sorting belt note,noun_chunks_topk_fallback,,,DESCRIPTIVE,sets_context,MAYBE,DEFINE,audit case 9-11; contamination audit case; contamination audit case 9-11; holds load weight; holds load weight ticket; load weight ticket; office sorting belt; office sorting belt note,DESCRIPTIVE,defines,YES,DEFINE,audit case 9-11; contamination audit case; contamination audit case 9-11; holds load weight; holds load weight ticket; load weight ticket; office sorting belt; office sorting belt note,DESCRIPTIVE,defines,YES
FBV2_DOC_09_recycling_contamination_audit,Recycling Contamination Audit,FBV2_0140,FBV2_DOC_09_recycling_contamination_audit,Recycling Contamination Audit,12,How should a materials crew route contamination checks?,A routine case shows driver observation card on the morning list and education leaflet batch in the afternoon packet. recycling contamination audit case 9-12 then explains why the owner changed the lane.,A routine case shows driver observation card on the morning list and education leaflet batch in the afternoon packet. recycling contamination audit case 9-12 then explains why the owner changed the lane.,EXAMPLE,"[""driver observation card"", ""education leaflet batch"", ""recycling contamination audit case 9-12""]",DESCRIPTIVE,gives_example,RELEVANT,EXAMPLE,"[""driver observation card"", ""education leaflet batch"", ""recycling contamination audit case 9-12""]",DESCRIPTIVE,gives_example,RELEVANT,fresh_blind_v2_gold_by_construction_seed_20260623,YES,RELEVANT,EXAMPLE,afternoon packet recycling; afternoon packet recycling contamination; audit case 9-12; case shows driver; case shows driver observation; contamination audit case; contamination audit case 9-12; driver observation card,noun_chunks_topk_fallback,,,DESCRIPTIVE,gives_example,YES,EXAMPLE,afternoon packet recycling; afternoon packet recycling contamination; audit case 9-12; case shows driver; case shows driver observation; contamination audit case; contamination audit case 9-12; driver observation card,DESCRIPTIVE,gives_example,YES,EXAMPLE,afternoon packet recycling; afternoon packet recycling contamination; audit case 9-12; case shows driver; case shows driver observation; contamination audit case; contamination audit case 9-12; driver observation card,DESCRIPTIVE,gives_example,YES
FBV2_DOC_09_recycling_contamination_audit,Recycling Contamination Audit,FBV2_0141,FBV2_DOC_09_recycling_contamination_audit,Recycling Contamination Audit,13,How should a materials crew route contamination checks?,A late-day entry has rejection sticker in the queue and transfer station bay on a separate sheet. The coordinator links both to recycling contamination audit case 9-13 before moving the case.,A late-day entry has rejection sticker in the queue and transfer station bay on a separate sheet. The coordinator links both to recycling contamination audit case 9-13 before moving the case.,EXAMPLE,"[""rejection sticker"", ""transfer station bay"", ""recycling contamination audit case 9-13""]",DESCRIPTIVE,gives_example,RELEVANT,EXAMPLE,"[""rejection sticker"", ""transfer station bay"", ""recycling contamination audit case 9-13""]",DESCRIPTIVE,gives_example,RELEVANT,fresh_blind_v2_gold_by_construction_seed_20260623,YES,RELEVANT,METHOD,audit case 9-13; contamination audit case; contamination audit case 9-13; coordinator links both; recycling contamination audit; recycling contamination audit case; transfer station bay; audit case,noun_chunks_topk_fallback,,,ACTIVE,recommends,YES,EXAMPLE,audit case 9-13; contamination audit case; contamination audit case 9-13; coordinator links both; recycling contamination audit; recycling contamination audit case; transfer station bay; audit case,DESCRIPTIVE,gives_example,YES,EXAMPLE,audit case 9-13; contamination audit case; contamination audit case 9-13; coordinator links both; recycling contamination audit; recycling contamination audit case; transfer station bay; audit case,DESCRIPTIVE,gives_example,YES
FBV2_DOC_09_recycling_contamination_audit,Recycling Contamination Audit,FBV2_0142,FBV2_DOC_09_recycling_contamination_audit,Recycling Contamination Audit,14,How should a materials crew route contamination checks?,A second pass should track load weight ticket from intake to closure and record when bin photo sample appears. The team can then see whether recycling contamination audit case 9-14 predicts a route change.,A second pass should track load weight ticket from intake to closure and record when bin photo sample appears. The team can then see whether recycling contamination audit case 9-14 predicts a route change.,NEXT_STEP,"[""load weight ticket"", ""bin photo sample"", ""recycling contamination audit case 9-14""]",ACTIVE,proposes_next_test,RELEVANT,NEXT_STEP,"[""load weight ticket"", ""bin photo sample"", ""recycling contamination audit case 9-14""]",ACTIVE,proposes_next_test,RELEVANT,fresh_blind_v2_gold_by_construction_seed_20260623,YES,RELEVANT,METHOD,audit case 9-14; audit case 9-14 predicts; bin photo sample; bin photo sample appears; case 9-14 predicts; contamination audit case; contamination audit case 9-14; load weight ticket,noun_chunks_topk_fallback,,,ACTIVE,recommends,YES,NEXT_STEP,audit case 9-14; audit case 9-14 predicts; bin photo sample; bin photo sample appears; case 9-14 predicts; contamination audit case; contamination audit case 9-14; load weight ticket,ACTIVE,proposes_next_test,YES,NEXT_STEP,audit case 9-14; audit case 9-14 predicts; bin photo sample; bin photo sample appears; case 9-14 predicts; contamination audit case; contamination audit case 9-14; load weight ticket,ACTIVE,proposes_next_test,YES
FBV2_DOC_09_recycling_contamination_audit,Recycling Contamination Audit,FBV2_0143,FBV2_DOC_09_recycling_contamination_audit,Recycling Contamination Audit,15,How should a materials crew route contamination checks?,The queue is easier to defend when education leaflet batch anchors the file and route tag narrows it. A route based on recycling contamination audit case 9-15 alone is less stable.,The queue is easier to defend when education leaflet batch anchors the file and route tag narrows it. A route based on recycling contamination audit case 9-15 alone is less stable.,CLAIM,"[""education leaflet batch"", ""route tag"", ""recycling contamination audit case 9-15""]",ACTIVE,asserts,RELEVANT,CLAIM,"[""education leaflet batch"", ""route tag"", ""recycling contamination audit case 9-15""]",ACTIVE,asserts,RELEVANT,fresh_blind_v2_gold_by_construction_seed_20260623,YES,RELEVANT,CLAIM,education leaflet batch; route tag; recycling contamination audit case 9-15,llm_open,education leaflet batch; route tag; recycling contamination audit case 9-15,,ACTIVE,asserts,YES,CLAIM,education leaflet batch; route tag; recycling contamination audit case 9-15,ACTIVE,asserts,YES,CLAIM,education leaflet batch; route tag; recycling contamination audit case 9-15,ACTIVE,asserts,YES
FBV2_DOC_09_recycling_contamination_audit,Recycling Contamination Audit,FBV2_0144,FBV2_DOC_09_recycling_contamination_audit,Recycling Contamination Audit,16,How should a materials crew route contamination checks?,Move transfer station bay only after sorting belt note is present and recycling contamination audit case 9-16 has a staff owner. The desk keeps unmatched files in the open column.,Move transfer station bay only after sorting belt note is present and recycling contamination audit case 9-16 has a staff owner. The desk keeps unmatched files in the open column.,METHOD,"[""transfer station bay"", ""sorting belt note"", ""recycling contamination audit case 9-16""]",ACTIVE,requires,RELEVANT,METHOD,"[""transfer station bay"", ""sorting belt note"", ""recycling contamination audit case 9-16""]",ACTIVE,requires,RELEVANT,fresh_blind_v2_gold_by_construction_seed_20260623,YES,RELEVANT,METHOD,Move transfer station; Move transfer station bay; after sorting belt; after sorting belt note; audit case 9-16; bay only after; bay only after sorting; contamination audit case,noun_chunks_topk_fallback,,,ACTIVE,recommends,YES,NEXT_STEP,Move transfer station; Move transfer station bay; after sorting belt; after sorting belt note; audit case 9-16; bay only after; bay only after sorting; contamination audit case,ACTIVE,proposes_next_test,YES,METHOD,Move transfer station; Move transfer station bay; after sorting belt; after sorting belt note; audit case 9-16; bay only after; bay only after sorting; contamination audit case,ACTIVE,requires,YES
FBV2_DOC_10_community_sports_fixture,Community Sports Fixture Desk,FBV2_0145,FBV2_DOC_10_community_sports_fixture,Community Sports Fixture Desk,1,How should a league office route fixture and field conflicts?,A desk sample showed pitch booking sheet reducing search time when weather closure notice was also attached. community sports fixture case 10-01 was the field most often opened during review.,A desk sample showed pitch booking sheet reducing search time when weather closure notice was also attached. community sports fixture case 10-01 was the field most often opened during review.,RESULT,"[""pitch booking sheet"", ""weather closure notice"", ""community sports fixture case 10-01""]",DESCRIPTIVE,supports_retrieval,RELEVANT,RESULT,"[""pitch booking sheet"", ""weather closure notice"", ""community sports fixture case 10-01""]",DESCRIPTIVE,supports_retrieval,RELEVANT,fresh_blind_v2_gold_by_construction_seed_20260623,YES,RELEVANT,EXAMPLE,also attached community; also attached community sports; attached community sports; attached community sports fixture; booking sheet reducing; booking sheet reducing search; case 10-01 was; closure notice was,noun_chunks_topk_fallback,,,DESCRIPTIVE,gives_example,YES,RESULT,also attached community; also attached community sports; attached community sports; attached community sports fixture; booking sheet reducing; booking sheet reducing search; case 10-01 was; closure notice was,DESCRIPTIVE,reports_usefulness,YES,RESULT,also attached community; also attached community sports; attached community sports; attached community sports fixture; booking sheet reducing; booking sheet reducing search; case 10-01 was; closure notice was,DESCRIPTIVE,supports_retrieval,YES
FBV2_DOC_10_community_sports_fixture,Community Sports Fixture Desk,FBV2_0146,FBV2_DOC_10_community_sports_fixture,Community Sports Fixture Desk,2,How should a league office route fixture and field conflicts?,referee availability grid sits beside kit clash record at the opening desk while community sports fixture case 10-02 waits for review. Staff read the packet to understand the day before any routing choice moves.,referee availability grid sits beside kit clash record at the opening desk while community sports fixture case 10-02 waits for review. Staff read the packet to understand the day before any routing choice moves.,BACKGROUND,"[""referee availability grid"", ""kit clash record"", ""community sports fixture case 10-02""]",DESCRIPTIVE,sets_context,PARTIAL,BACKGROUND,"[""referee availability grid"", ""kit clash record"", ""community sports fixture case 10-02""]",DESCRIPTIVE,sets_context,PARTIAL,fresh_blind_v2_gold_by_construction_seed_20260623,MAYBE,PARTIAL,BACKGROUND,review Staff read; any routing choice; any routing choice moves; availability grid sits; availability grid sits beside; beside kit clash; beside kit clash record; case 10-02 waits,noun_chunks_topk_fallback,,,DESCRIPTIVE,sets_context,MAYBE,BACKGROUND,review Staff read; any routing choice; any routing choice moves; availability grid sits; availability grid sits beside; beside kit clash; beside kit clash record; case 10-02 waits,DESCRIPTIVE,sets_context,MAYBE,BACKGROUND,review Staff read; any routing choice; any routing choice moves; availability grid sits; availability grid sits beside; beside kit clash; beside kit clash record; case 10-02 waits,DESCRIPTIVE,sets_context,MAYBE
FBV2_DOC_10_community_sports_fixture,Community Sports Fixture Desk,FBV2_0147,FBV2_DOC_10_community_sports_fixture,Community Sports Fixture Desk,3,How should a league office route fixture and field conflicts?,club travel note is the table entry that carries score submission form and community sports fixture case 10-03 together. The coordinator treats the entry as one unit during handoff.,club travel note is the table entry that carries score submission form and community sports fixture case 10-03 together. The coordinator treats the entry as one unit during handoff.,DEFINE,"[""club travel note"", ""score submission form"", ""community sports fixture case 10-03""]",DESCRIPTIVE,defines,RELEVANT,DEFINE,"[""club travel note"", ""score submission form"", ""community sports fixture case 10-03""]",DESCRIPTIVE,defines,RELEVANT,fresh_blind_v2_gold_by_construction_seed_20260623,YES,RELEVANT,DEFINE,carries score submission; carries score submission form; case 10-03 together; club travel note; community sports fixture; community sports fixture case; fixture case 10-03; fixture case 10-03 together,noun_chunks_topk_fallback,,evaluation,DESCRIPTIVE,defines,YES,DEFINE,carries score submission; carries score submission form; case 10-03 together; club travel note; community sports fixture; community sports fixture case; fixture case 10-03; fixture case 10-03 together,DESCRIPTIVE,defines,YES,DEFINE,carries score submission; carries score submission form; case 10-03 together; club travel note; community sports fixture; community sports fixture case; fixture case 10-03; fixture case 10-03 together,DESCRIPTIVE,defines,YES
FBV2_DOC_10_community_sports_fixture,Community Sports Fixture Desk,FBV2_0148,FBV2_DOC_10_community_sports_fixture,Community Sports Fixture Desk,4,How should a league office route fixture and field conflicts?,The desk can sample twenty files where weather closure notice and floodlight slot disagree. Reviewers would inspect whether community sports fixture case 10-04 helps choose the final lane.,The desk can sample twenty files where weather closure notice and floodlight slot disagree. Reviewers would inspect whether community sports fixture case 10-04 helps choose the final lane.,NEXT_STEP,"[""weather closure notice"", ""floodlight slot"", ""community sports fixture case 10-04""]",ACTIVE,proposes_next_test,RELEVANT,NEXT_STEP,"[""weather closure notice"", ""floodlight slot"", ""community sports fixture case 10-04""]",ACTIVE,proposes_next_test,RELEVANT,fresh_blind_v2_gold_by_construction_seed_20260623,YES,RELEVANT,METHOD,disagree Reviewers would; disagree Reviewers would inspect; floodlight slot disagree Reviewers; Reviewers would inspect; Reviewers would inspect whether; slot disagree Reviewers; slot disagree Reviewers would; 10-04 helps choose,noun_chunks_topk_fallback,,human review,ACTIVE,recommends,YES,NEXT_STEP,disagree Reviewers would; disagree Reviewers would inspect; floodlight slot disagree Reviewers; Reviewers would inspect; Reviewers would inspect whether; slot disagree Reviewers; slot disagree Reviewers would; 10-04 helps choose,ACTIVE,proposes_next_test,YES,NEXT_STEP,disagree Reviewers would; disagree Reviewers would inspect; floodlight slot disagree Reviewers; Reviewers would inspect; Reviewers would inspect whether; slot disagree Reviewers; slot disagree Reviewers would; 10-04 helps choose,ACTIVE,proposes_next_test,YES
FBV2_DOC_10_community_sports_fixture,Community Sports Fixture Desk,FBV2_0149,FBV2_DOC_10_community_sports_fixture,Community Sports Fixture Desk,5,How should a league office route fixture and field conflicts?,A later audit should separate cases with kit clash record from cases with only appeal email. The comparison would show whether community sports fixture case 10-05 adds routing value.,A later audit should separate cases with kit clash record from cases with only appeal email. The comparison would show whether community sports fixture case 10-05 adds routing value.,NEXT_STEP,"[""kit clash record"", ""appeal email"", ""community sports fixture case 10-05""]",ACTIVE,proposes_next_test,RELEVANT,NEXT_STEP,"[""kit clash record"", ""appeal email"", ""community sports fixture case 10-05""]",ACTIVE,proposes_next_test,RELEVANT,fresh_blind_v2_gold_by_construction_seed_20260623,YES,RELEVANT,NEXT_STEP,10-05 adds routing; 10-05 adds routing value; adds routing value; cases; case 10-05 adds; case 10-05 adds routing; community sports fixture; community sports fixture case,noun_chunks_topk_fallback,,,ACTIVE,proposes_next_test,YES,NEXT_STEP,10-05 adds routing; 10-05 adds routing value; adds routing value; cases; case 10-05 adds; case 10-05 adds routing; community sports fixture; community sports fixture case,ACTIVE,proposes_next_test,YES,NEXT_STEP,10-05 adds routing; 10-05 adds routing value; adds routing value; cases; case 10-05 adds; case 10-05 adds routing; community sports fixture; community sports fixture case,ACTIVE,proposes_next_test,YES
FBV2_DOC_10_community_sports_fixture,Community Sports Fixture Desk,FBV2_0150,FBV2_DOC_10_community_sports_fixture,Community Sports Fixture Desk,6,How should a league office route fixture and field conflicts?,score submission form deserves priority only when pitch booking sheet shows the same pressure. Otherwise community sports fixture case 10-06 may exaggerate the urgency of the case.,score submission form deserves priority only when pitch booking sheet shows the same pressure. Otherwise community sports fixture case 10-06 may exaggerate the urgency of the case.,CLAIM,"[""score submission form"", ""pitch booking sheet"", ""community sports fixture case 10-06""]",ACTIVE,asserts,RELEVANT,CLAIM,"[""score submission form"", ""pitch booking sheet"", ""community sports fixture case 10-06""]",ACTIVE,asserts,RELEVANT,fresh_blind_v2_gold_by_construction_seed_20260623,YES,RELEVANT,CLAIM,Otherwise community sports; Otherwise community sports fixture; pressure Otherwise community; pressure Otherwise community sports; same pressure Otherwise; same pressure Otherwise community; 10-06 may exaggerate; booking sheet shows,noun_chunks_topk_fallback,,evaluation,ACTIVE,asserts,YES,CLAIM,Otherwise community sports; Otherwise community sports fixture; pressure Otherwise community; pressure Otherwise community sports; same pressure Otherwise; same pressure Otherwise community; 10-06 may exaggerate; booking sheet shows,ACTIVE,asserts,YES,CLAIM,Otherwise community sports; Otherwise community sports fixture; pressure Otherwise community; pressure Otherwise community sports; same pressure Otherwise; same pressure Otherwise community; 10-06 may exaggerate; booking sheet shows,ACTIVE,asserts,YES
FBV2_DOC_10_community_sports_fixture,Community Sports Fixture Desk,FBV2_0151,FBV2_DOC_10_community_sports_fixture,Community Sports Fixture Desk,7,How should a league office route fixture and field conflicts?,"During the pilot, floodlight slot matched the queue state more often than referee availability grid. The team used community sports fixture case 10-07 to confirm the pattern.","During the pilot, floodlight slot matched the queue state more often than referee availability grid. The team used community sports fixture case 10-07 to confirm the pattern.",RESULT,"[""floodlight slot"", ""referee availability grid"", ""community sports fixture case 10-07""]",DESCRIPTIVE,supports_retrieval,RELEVANT,RESULT,"[""floodlight slot"", ""referee availability grid"", ""community sports fixture case 10-07""]",DESCRIPTIVE,supports_retrieval,RELEVANT,fresh_blind_v2_gold_by_construction_seed_20260623,YES,RELEVANT,EXAMPLE,community sports fixture; community sports fixture case; fixture case 10-07; floodlight slot matched; pilot floodlight slot; pilot floodlight slot matched; queue state more; queue state more often,noun_chunks_topk_fallback,,,DESCRIPTIVE,gives_example,YES,RESULT,community sports fixture; community sports fixture case; fixture case 10-07; floodlight slot matched; pilot floodlight slot; pilot floodlight slot matched; queue state more; queue state more often,DESCRIPTIVE,reports_usefulness,YES,RESULT,community sports fixture; community sports fixture case; fixture case 10-07; floodlight slot matched; pilot floodlight slot; pilot floodlight slot matched; queue state more; queue state more often,DESCRIPTIVE,supports_retrieval,YES
FBV2_DOC_10_community_sports_fixture,Community Sports Fixture Desk,FBV2_0152,FBV2_DOC_10_community_sports_fixture,Community Sports Fixture Desk,8,How should a league office route fixture and field conflicts?,"For this office, appeal email is the case-facing reference that holds club travel note and community sports fixture case 10-08. The label stays with the file until the desk closes it.","For this office, appeal email is the case-facing reference that holds club travel note and community sports fixture case 10-08. The label stays with the file until the desk closes it.",DEFINE,"[""appeal email"", ""club travel note"", ""community sports fixture case 10-08""]",DESCRIPTIVE,defines,RELEVANT,DEFINE,"[""appeal email"", ""club travel note"", ""community sports fixture case 10-08""]",DESCRIPTIVE,defines,RELEVANT,fresh_blind_v2_gold_by_construction_seed_20260623,YES,RELEVANT,BACKGROUND,club travel note; community sports fixture; community sports fixture case; fixture case 10-08; holds club travel; holds club travel note; office appeal email; sports fixture case,noun_chunks_topk_fallback,,,DESCRIPTIVE,sets_context,MAYBE,METHOD,club travel note; community sports fixture; community sports fixture case; fixture case 10-08; holds club travel; holds club travel note; office appeal email; sports fixture case,ACTIVE,recommends,YES,DEFINE,club travel note; community sports fixture; community sports fixture case; fixture case 10-08; holds club travel; holds club travel note; office appeal email; sports fixture case,DESCRIPTIVE,defines,YES
FBV2_DOC_10_community_sports_fixture,Community Sports Fixture Desk,FBV2_0153,FBV2_DOC_10_community_sports_fixture,Community Sports Fixture Desk,9,How should a league office route fixture and field conflicts?,community sports fixture case 10-09 arrives with pitch booking sheet attached and weather closure notice still unsigned. The desk keeps both items visible so the surrounding situation is clear.,community sports fixture case 10-09 arrives with pitch booking sheet attached and weather closure notice still unsigned. The desk keeps both items visible so the surrounding situation is clear.,BACKGROUND,"[""pitch booking sheet"", ""weather closure notice"", ""community sports fixture case 10-09""]",DESCRIPTIVE,sets_context,NOT_RELEVANT,BACKGROUND,"[""pitch booking sheet"", ""weather closure notice"", ""community sports fixture case 10-09""]",DESCRIPTIVE,sets_context,NOT_RELEVANT,fresh_blind_v2_gold_by_construction_seed_20260623,NO,NOT_RELEVANT,EXAMPLE,sports fixture; pitch booking sheet; weather closure notice,llm_open,sports fixture; pitch booking sheet; weather closure notice,,DESCRIPTIVE,gives_example,YES,BACKGROUND,sports fixture; pitch booking sheet; weather closure notice,DESCRIPTIVE,sets_context,MAYBE,BACKGROUND,sports fixture; pitch booking sheet; weather closure notice,DESCRIPTIVE,sets_context,NO
FBV2_DOC_10_community_sports_fixture,Community Sports Fixture Desk,FBV2_0154,FBV2_DOC_10_community_sports_fixture,Community Sports Fixture Desk,10,How should a league office route fixture and field conflicts?,Match referee availability grid to kit clash record before assigning community sports fixture case 10-10. The queue owner signs the file after the two entries line up.,Match referee availability grid to kit clash record before assigning community sports fixture case 10-10. The queue owner signs the file after the two entries line up.,METHOD,"[""referee availability grid"", ""kit clash record"", ""community sports fixture case 10-10""]",ACTIVE,requires,RELEVANT,METHOD,"[""referee availability grid"", ""kit clash record"", ""community sports fixture case 10-10""]",ACTIVE,requires,RELEVANT,fresh_blind_v2_gold_by_construction_seed_20260623,YES,RELEVANT,METHOD,Match referee availability; Match referee availability grid; assigning community sports; assigning community sports fixture; community sports fixture; community sports fixture case; entries line up; fixture case 10-10,noun_chunks_topk_fallback,,,ACTIVE,recommends,YES,METHOD,Match referee availability; Match referee availability grid; assigning community sports; assigning community sports fixture; community sports fixture; community sports fixture case; entries line up; fixture case 10-10,ACTIVE,recommends,YES,METHOD,Match referee availability; Match referee availability grid; assigning community sports; assigning community sports fixture; community sports fixture; community sports fixture case; entries line up; fixture case 10-10,ACTIVE,requires,YES
FBV2_DOC_10_community_sports_fixture,Community Sports Fixture Desk,FBV2_0155,FBV2_DOC_10_community_sports_fixture,Community Sports Fixture Desk,11,How should a league office route fixture and field conflicts?,"Read club travel note, verify score submission form, and route community sports fixture case 10-11 through the lane already assigned to that case. Any mismatch stays in review.","Read club travel note, verify score submission form, and route community sports fixture case 10-11 through the lane already assigned to that case. Any mismatch stays in review.",METHOD,"[""club travel note"", ""score submission form"", ""community sports fixture case 10-11""]",ACTIVE,maps_to,RELEVANT,METHOD,"[""club travel note"", ""score submission form"", ""community sports fixture case 10-11""]",ACTIVE,maps_to,RELEVANT,fresh_blind_v2_gold_by_construction_seed_20260623,YES,RELEVANT,METHOD,route community sports fixture case; score submission form,llm_open,route community sports fixture case; score submission form,evaluation; mismatch review,ACTIVE,recommends,YES,DEFINE,route community sports fixture case; score submission form,DESCRIPTIVE,defines,YES,METHOD,route community sports fixture case; score submission form,ACTIVE,maps_to,YES
FBV2_DOC_10_community_sports_fixture,Community Sports Fixture Desk,FBV2_0156,FBV2_DOC_10_community_sports_fixture,Community Sports Fixture Desk,12,How should a league office route fixture and field conflicts?,A sample handoff begins with weather closure notice in place and floodlight slot missing from the packet. community sports fixture case 10-12 gives the reviewer the reason for keeping the file open.,A sample handoff begins with weather closure notice in place and floodlight slot missing from the packet. community sports fixture case 10-12 gives the reviewer the reason for keeping the file open.,EXAMPLE,"[""weather closure notice"", ""floodlight slot"", ""community sports fixture case 10-12""]",DESCRIPTIVE,gives_example,RELEVANT,EXAMPLE,"[""weather closure notice"", ""floodlight slot"", ""community sports fixture case 10-12""]",DESCRIPTIVE,gives_example,RELEVANT,fresh_blind_v2_gold_by_construction_seed_20260623,YES,RELEVANT,EXAMPLE,case 10-12 gives; community sports fixture; community sports fixture case; fixture case 10-12; fixture case 10-12 gives; floodlight slot missing; packet community sports; packet community sports fixture,noun_chunks_topk_fallback,,human review,DESCRIPTIVE,gives_example,YES,EXAMPLE,case 10-12 gives; community sports fixture; community sports fixture case; fixture case 10-12; fixture case 10-12 gives; floodlight slot missing; packet community sports; packet community sports fixture,DESCRIPTIVE,gives_example,YES,EXAMPLE,case 10-12 gives; community sports fixture; community sports fixture case; fixture case 10-12; fixture case 10-12 gives; floodlight slot missing; packet community sports; packet community sports fixture,DESCRIPTIVE,gives_example,YES
FBV2_DOC_10_community_sports_fixture,Community Sports Fixture Desk,FBV2_0157,FBV2_DOC_10_community_sports_fixture,Community Sports Fixture Desk,13,How should a league office route fixture and field conflicts?,"kit clash record can lag behind the desk conversation, so appeal email may show a fresher view of community sports fixture case 10-13. The coordinator cannot close the file from that record alone.","kit clash record can lag behind the desk conversation, so appeal email may show a fresher view of community sports fixture case 10-13. The coordinator cannot close the file from that record alone.",LIMITATION,"[""kit clash record"", ""appeal email"", ""community sports fixture case 10-13""]",NEGATED,limits,RELEVANT,LIMITATION,"[""kit clash record"", ""appeal email"", ""community sports fixture case 10-13""]",NEGATED,limits,RELEVANT,fresh_blind_v2_gold_by_construction_seed_20260623,YES,RELEVANT,LIMITATION,appeal email may; appeal email may show; can lag behind; clash record can; clash record can lag; community sports fixture; community sports fixture case; coordinator cannot close,noun_chunks_topk_fallback,,,NEGATED,limits,YES,LIMITATION,appeal email may; appeal email may show; can lag behind; clash record can; clash record can lag; community sports fixture; community sports fixture case; coordinator cannot close,NEGATED,limits,YES,LIMITATION,appeal email may; appeal email may show; can lag behind; clash record can; clash record can lag; community sports fixture; community sports fixture case; coordinator cannot close,NEGATED,limits,YES
FBV2_DOC_10_community_sports_fixture,Community Sports Fixture Desk,FBV2_0158,FBV2_DOC_10_community_sports_fixture,Community Sports Fixture Desk,14,How should a league office route fixture and field conflicts?,"One closed case includes score submission form and pitch booking sheet, but the desk later reopens it after reading community sports fixture case 10-14. The file shows how a small detail changes the lane.","One closed case includes score submission form and pitch booking sheet, but the desk later reopens it after reading community sports fixture case 10-14. The file shows how a small detail changes the lane.",EXAMPLE,"[""score submission form"", ""pitch booking sheet"", ""community sports fixture case 10-14""]",DESCRIPTIVE,gives_example,RELEVANT,EXAMPLE,"[""score submission form"", ""pitch booking sheet"", ""community sports fixture case 10-14""]",DESCRIPTIVE,gives_example,RELEVANT,fresh_blind_v2_gold_by_construction_seed_20260623,YES,RELEVANT,EXAMPLE,One closed case; One closed case includes; after reading community; after reading community sports; booking sheet but; case includes score; case includes score submission; closed case includes,noun_chunks_topk_fallback,,evaluation,DESCRIPTIVE,gives_example,YES,EXAMPLE,One closed case; One closed case includes; after reading community; after reading community sports; booking sheet but; case includes score; case includes score submission; closed case includes,DESCRIPTIVE,gives_example,YES,EXAMPLE,One closed case; One closed case includes; after reading community; after reading community sports; booking sheet but; case includes score; case includes score submission; closed case includes,DESCRIPTIVE,gives_example,YES
FBV2_DOC_10_community_sports_fixture,Community Sports Fixture Desk,FBV2_0159,FBV2_DOC_10_community_sports_fixture,Community Sports Fixture Desk,15,How should a league office route fixture and field conflicts?,floodlight slot loses value when referee availability grid is copied from an older shift. The case tied to community sports fixture case 10-15 needs review before it moves.,floodlight slot loses value when referee availability grid is copied from an older shift. The case tied to community sports fixture case 10-15 needs review before it moves.,LIMITATION,"[""floodlight slot"", ""referee availability grid"", ""community sports fixture case 10-15""]",NEGATED,limits,RELEVANT,LIMITATION,"[""floodlight slot"", ""referee availability grid"", ""community sports fixture case 10-15""]",NEGATED,limits,RELEVANT,fresh_blind_v2_gold_by_construction_seed_20260623,YES,RELEVANT,LIMITATION,referee availability grid; community sports fixture case,llm_open,referee availability grid; community sports fixture case,,LIMITED,warns_about,YES,LIMITATION,referee availability grid; community sports fixture case,LIMITED,warns_about,YES,LIMITATION,referee availability grid; community sports fixture case,NEGATED,limits,YES
FBV2_DOC_10_community_sports_fixture,Community Sports Fixture Desk,FBV2_0160,FBV2_DOC_10_community_sports_fixture,Community Sports Fixture Desk,16,How should a league office route fixture and field conflicts?,Pairing appeal email with club travel note gives the coordinator a sturdier basis for judging community sports fixture case 10-16. A case routed from only one of those records is easier to misplace.,Pairing appeal email with club travel note gives the coordinator a sturdier basis for judging community sports fixture case 10-16. A case routed from only one of those records is easier to misplace.,CLAIM,"[""appeal email"", ""club travel note"", ""community sports fixture case 10-16""]",NEGATED,asserts,RELEVANT,CLAIM,"[""appeal email"", ""club travel note"", ""community sports fixture case 10-16""]",NEGATED,asserts,RELEVANT,fresh_blind_v2_gold_by_construction_seed_20260623,YES,RELEVANT,CLAIM,pairing appeal email; club travel note; case 10-16,llm_open,pairing appeal email; club travel note; case 10-16,,ACTIVE,asserts,YES,CLAIM,pairing appeal email; club travel note; case 10-16,ACTIVE,asserts,YES,CLAIM,pairing appeal email; club travel note; case 10-16,NEGATED,asserts,YES
