doc_id,title,segment_id,source_doc,source_topic,segment_index,route_question,text,segment_text,role,entities,operative_status,relation,answer_relevance,gold_role,gold_entities,gold_operative_status,gold_relation,gold_answer_relevance,annotation_notes,gold_answer_relevant,answer_relevant
FBV2_DOC_01_blood_bank_platelet_allocation,Blood Bank Platelet Allocation,FBV2_0001,FBV2_DOC_01_blood_bank_platelet_allocation,Blood Bank Platelet Allocation,1,How should a transfusion desk route platelet allocation choices?,A second pass should track platelet expiry window from intake to closure and record when trauma cooler appears. The team can then see whether blood bank platelet allocation case 1-01 predicts a route change.,A second pass should track platelet expiry window from intake to closure and record when trauma cooler appears. The team can then see whether blood bank platelet allocation case 1-01 predicts a route change.,,,,,,,,,,,fresh_blind_v2_human_annotation_template,,
FBV2_DOC_01_blood_bank_platelet_allocation,Blood Bank Platelet Allocation,FBV2_0002,FBV2_DOC_01_blood_bank_platelet_allocation,Blood Bank Platelet Allocation,2,How should a transfusion desk route platelet allocation choices?,A sample handoff begins with crossmatch tray in place and donor batch record missing from the packet. blood bank platelet allocation case 1-02 gives the reviewer the reason for keeping the file open.,A sample handoff begins with crossmatch tray in place and donor batch record missing from the packet. blood bank platelet allocation case 1-02 gives the reviewer the reason for keeping the file open.,,,,,,,,,,,fresh_blind_v2_human_annotation_template,,
FBV2_DOC_01_blood_bank_platelet_allocation,Blood Bank Platelet Allocation,FBV2_0003,FBV2_DOC_01_blood_bank_platelet_allocation,Blood Bank Platelet Allocation,3,How should a transfusion desk route platelet allocation choices?,"Sort oncology ward request by time, attach night courier sheet, and send blood bank platelet allocation case 1-03 to the lane with the matching staff owner. Leave disputed entries open.","Sort oncology ward request by time, attach night courier sheet, and send blood bank platelet allocation case 1-03 to the lane with the matching staff owner. Leave disputed entries open.",,,,,,,,,,,fresh_blind_v2_human_annotation_template,,
FBV2_DOC_01_blood_bank_platelet_allocation,Blood Bank Platelet Allocation,FBV2_0004,FBV2_DOC_01_blood_bank_platelet_allocation,Blood Bank Platelet Allocation,4,How should a transfusion desk route platelet allocation choices?,"On this desk, trauma cooler is the shared reference the team checks before any reassignment. It links blood fridge log with blood bank platelet allocation case 1-04 so the same object is visible to everyone.","On this desk, trauma cooler is the shared reference the team checks before any reassignment. It links blood fridge log with blood bank platelet allocation case 1-04 so the same object is visible to everyone.",,,,,,,,,,,fresh_blind_v2_human_annotation_template,,
FBV2_DOC_01_blood_bank_platelet_allocation,Blood Bank Platelet Allocation,FBV2_0005,FBV2_DOC_01_blood_bank_platelet_allocation,Blood Bank Platelet Allocation,5,How should a transfusion desk route platelet allocation choices?,donor batch record sits beside compatibility hold at the opening desk while blood bank platelet allocation case 1-05 waits for review. Staff read the packet to understand the day before any routing choice moves.,donor batch record sits beside compatibility hold at the opening desk while blood bank platelet allocation case 1-05 waits for review. Staff read the packet to understand the day before any routing choice moves.,,,,,,,,,,,fresh_blind_v2_human_annotation_template,,
FBV2_DOC_01_blood_bank_platelet_allocation,Blood Bank Platelet Allocation,FBV2_0006,FBV2_DOC_01_blood_bank_platelet_allocation,Blood Bank Platelet Allocation,6,How should a transfusion desk route platelet allocation choices?,A coordinator should treat night courier sheet with care when platelet expiry window has no matching timestamp. blood bank platelet allocation case 1-06 remains open until the file catches up.,A coordinator should treat night courier sheet with care when platelet expiry window has no matching timestamp. blood bank platelet allocation case 1-06 remains open until the file catches up.,,,,,,,,,,,fresh_blind_v2_human_annotation_template,,
FBV2_DOC_01_blood_bank_platelet_allocation,Blood Bank Platelet Allocation,FBV2_0007,FBV2_DOC_01_blood_bank_platelet_allocation,Blood Bank Platelet Allocation,7,How should a transfusion desk route platelet allocation choices?,A desk sample showed blood fridge log reducing search time when crossmatch tray was also attached. blood bank platelet allocation case 1-07 was the field most often opened during review.,A desk sample showed blood fridge log reducing search time when crossmatch tray was also attached. blood bank platelet allocation case 1-07 was the field most often opened during review.,,,,,,,,,,,fresh_blind_v2_human_annotation_template,,
FBV2_DOC_01_blood_bank_platelet_allocation,Blood Bank Platelet Allocation,FBV2_0008,FBV2_DOC_01_blood_bank_platelet_allocation,Blood Bank Platelet Allocation,8,How should a transfusion desk route platelet allocation choices?,The safer choice comes from reading compatibility hold beside oncology ward request. Treating blood bank platelet allocation case 1-08 alone as decisive makes the handoff weaker.,The safer choice comes from reading compatibility hold beside oncology ward request. Treating blood bank platelet allocation case 1-08 alone as decisive makes the handoff weaker.,,,,,,,,,,,fresh_blind_v2_human_annotation_template,,
FBV2_DOC_01_blood_bank_platelet_allocation,Blood Bank Platelet Allocation,FBV2_0009,FBV2_DOC_01_blood_bank_platelet_allocation,Blood Bank Platelet Allocation,9,How should a transfusion desk route platelet allocation choices?,"One Tuesday file carries platelet expiry window, trauma cooler, and a late note about blood bank platelet allocation case 1-09. The desk uses that mix to show how a small mismatch changes routing.","One Tuesday file carries platelet expiry window, trauma cooler, and a late note about blood bank platelet allocation case 1-09. The desk uses that mix to show how a small mismatch changes routing.",,,,,,,,,,,fresh_blind_v2_human_annotation_template,,
FBV2_DOC_01_blood_bank_platelet_allocation,Blood Bank Platelet Allocation,FBV2_0010,FBV2_DOC_01_blood_bank_platelet_allocation,Blood Bank Platelet Allocation,10,How should a transfusion desk route platelet allocation choices?,"First compare crossmatch tray with donor batch record, then place blood bank platelet allocation case 1-10 in the matching queue. If the two records disagree, hold the case for desk review.","First compare crossmatch tray with donor batch record, then place blood bank platelet allocation case 1-10 in the matching queue. If the two records disagree, hold the case for desk review.",,,,,,,,,,,fresh_blind_v2_human_annotation_template,,
FBV2_DOC_01_blood_bank_platelet_allocation,Blood Bank Platelet Allocation,FBV2_0011,FBV2_DOC_01_blood_bank_platelet_allocation,Blood Bank Platelet Allocation,11,How should a transfusion desk route platelet allocation choices?,A sample of closed files showed oncology ward request missing from several late cases. The same sample had night courier sheet and blood bank platelet allocation case 1-11 in the files that moved cleanly.,A sample of closed files showed oncology ward request missing from several late cases. The same sample had night courier sheet and blood bank platelet allocation case 1-11 in the files that moved cleanly.,,,,,,,,,,,fresh_blind_v2_human_annotation_template,,
FBV2_DOC_01_blood_bank_platelet_allocation,Blood Bank Platelet Allocation,FBV2_0012,FBV2_DOC_01_blood_bank_platelet_allocation,Blood Bank Platelet Allocation,12,How should a transfusion desk route platelet allocation choices?,The desk can misread trauma cooler when blood fridge log arrives late. blood bank platelet allocation case 1-12 stays provisional while the two records are reconciled.,The desk can misread trauma cooler when blood fridge log arrives late. blood bank platelet allocation case 1-12 stays provisional while the two records are reconciled.,,,,,,,,,,,fresh_blind_v2_human_annotation_template,,
FBV2_DOC_01_blood_bank_platelet_allocation,Blood Bank Platelet Allocation,FBV2_0013,FBV2_DOC_01_blood_bank_platelet_allocation,Blood Bank Platelet Allocation,13,How should a transfusion desk route platelet allocation choices?,A follow-up table should pair donor batch record with the owner who handled compatibility hold. That table would show whether blood bank platelet allocation case 1-13 belongs earlier in the queue.,A follow-up table should pair donor batch record with the owner who handled compatibility hold. That table would show whether blood bank platelet allocation case 1-13 belongs earlier in the queue.,,,,,,,,,,,fresh_blind_v2_human_annotation_template,,
FBV2_DOC_01_blood_bank_platelet_allocation,Blood Bank Platelet Allocation,FBV2_0014,FBV2_DOC_01_blood_bank_platelet_allocation,Blood Bank Platelet Allocation,14,How should a transfusion desk route platelet allocation choices?,"At shift handover, night courier sheet and platelet expiry window frame the queue that includes blood bank platelet allocation case 1-14. The note gives the coordinator enough scene detail to place later entries.","At shift handover, night courier sheet and platelet expiry window frame the queue that includes blood bank platelet allocation case 1-14. The note gives the coordinator enough scene detail to place later entries.",,,,,,,,,,,fresh_blind_v2_human_annotation_template,,
FBV2_DOC_01_blood_bank_platelet_allocation,Blood Bank Platelet Allocation,FBV2_0015,FBV2_DOC_01_blood_bank_platelet_allocation,Blood Bank Platelet Allocation,15,How should a transfusion desk route platelet allocation choices?,A coordinator can trust blood fridge log more when crossmatch tray matches the same timeline. That pairing keeps blood bank platelet allocation case 1-15 from becoming the sole signal.,A coordinator can trust blood fridge log more when crossmatch tray matches the same timeline. That pairing keeps blood bank platelet allocation case 1-15 from becoming the sole signal.,,,,,,,,,,,fresh_blind_v2_human_annotation_template,,
FBV2_DOC_01_blood_bank_platelet_allocation,Blood Bank Platelet Allocation,FBV2_0016,FBV2_DOC_01_blood_bank_platelet_allocation,Blood Bank Platelet Allocation,16,How should a transfusion desk route platelet allocation choices?,"The phrase compatibility hold points to the record where oncology ward request and blood bank platelet allocation case 1-16 are stored together. Staff use it only for the routing object, not for the entire service.","The phrase compatibility hold points to the record where oncology ward request and blood bank platelet allocation case 1-16 are stored together. Staff use it only for the routing object, not for the entire service.",,,,,,,,,,,fresh_blind_v2_human_annotation_template,,
FBV2_DOC_02_library_interlibrary_loan,Interlibrary Loan Queue,FBV2_0017,FBV2_DOC_02_library_interlibrary_loan,Interlibrary Loan Queue,1,How should a library desk route borrowing and lending requests?,Reviewers counted more timely handoffs when request slip was checked before copyright page count. The audit trail pointed back to library interlibrary loan case 2-01 on the disputed cases.,Reviewers counted more timely handoffs when request slip was checked before copyright page count. The audit trail pointed back to library interlibrary loan case 2-01 on the disputed cases.,,,,,,,,,,,fresh_blind_v2_human_annotation_template,,
FBV2_DOC_02_library_interlibrary_loan,Interlibrary Loan Queue,FBV2_0018,FBV2_DOC_02_library_interlibrary_loan,Interlibrary Loan Queue,2,How should a library desk route borrowing and lending requests?,lending library notice loses value when patron pickup shelf is copied from an older shift. The case tied to library interlibrary loan case 2-02 needs review before it moves.,lending library notice loses value when patron pickup shelf is copied from an older shift. The case tied to library interlibrary loan case 2-02 needs review before it moves.,,,,,,,,,,,fresh_blind_v2_human_annotation_template,,
FBV2_DOC_02_library_interlibrary_loan,Interlibrary Loan Queue,FBV2_0019,FBV2_DOC_02_library_interlibrary_loan,Interlibrary Loan Queue,3,How should a library desk route borrowing and lending requests?,"One file has scanner station arriving before shipping label, while library interlibrary loan case 2-03 remains unsigned. The coordinator keeps the case open until the two desk records match.","One file has scanner station arriving before shipping label, while library interlibrary loan case 2-03 remains unsigned. The coordinator keeps the case open until the two desk records match.",,,,,,,,,,,fresh_blind_v2_human_annotation_template,,
FBV2_DOC_02_library_interlibrary_loan,Interlibrary Loan Queue,FBV2_0020,FBV2_DOC_02_library_interlibrary_loan,Interlibrary Loan Queue,4,How should a library desk route borrowing and lending requests?,A desk sample showed copyright page count reducing search time when journal issue record was also attached. library interlibrary loan case 2-04 was the field most often opened during review.,A desk sample showed copyright page count reducing search time when journal issue record was also attached. library interlibrary loan case 2-04 was the field most often opened during review.,,,,,,,,,,,fresh_blind_v2_human_annotation_template,,
FBV2_DOC_02_library_interlibrary_loan,Interlibrary Loan Queue,FBV2_0021,FBV2_DOC_02_library_interlibrary_loan,Interlibrary Loan Queue,5,How should a library desk route borrowing and lending requests?,"The phrase patron pickup shelf points to the record where renewal hold and library interlibrary loan case 2-05 are stored together. Staff use it only for the routing object, not for the entire service.","The phrase patron pickup shelf points to the record where renewal hold and library interlibrary loan case 2-05 are stored together. Staff use it only for the routing object, not for the entire service.",,,,,,,,,,,fresh_blind_v2_human_annotation_template,,
FBV2_DOC_02_library_interlibrary_loan,Interlibrary Loan Queue,FBV2_0022,FBV2_DOC_02_library_interlibrary_loan,Interlibrary Loan Queue,6,How should a library desk route borrowing and lending requests?,"Map shipping label to request slip, then send library interlibrary loan case 2-06 to the same queue. The case remains visible until the owner confirms receipt.","Map shipping label to request slip, then send library interlibrary loan case 2-06 to the same queue. The case remains visible until the owner confirms receipt.",,,,,,,,,,,fresh_blind_v2_human_annotation_template,,
FBV2_DOC_02_library_interlibrary_loan,Interlibrary Loan Queue,FBV2_0023,FBV2_DOC_02_library_interlibrary_loan,Interlibrary Loan Queue,7,How should a library desk route borrowing and lending requests?,lending library notice is filed next to journal issue record whenever library interlibrary loan case 2-07 is active. That arrangement shows which parts of the work are already on the board.,lending library notice is filed next to journal issue record whenever library interlibrary loan case 2-07 is active. That arrangement shows which parts of the work are already on the board.,,,,,,,,,,,fresh_blind_v2_human_annotation_template,,
FBV2_DOC_02_library_interlibrary_loan,Interlibrary Loan Queue,FBV2_0024,FBV2_DOC_02_library_interlibrary_loan,Interlibrary Loan Queue,8,How should a library desk route borrowing and lending requests?,A caller asks about renewal hold while the desk is still waiting for scanner station. The coordinator checks library interlibrary loan case 2-08 before assigning the next owner.,A caller asks about renewal hold while the desk is still waiting for scanner station. The coordinator checks library interlibrary loan case 2-08 before assigning the next owner.,,,,,,,,,,,fresh_blind_v2_human_annotation_template,,
FBV2_DOC_02_library_interlibrary_loan,Interlibrary Loan Queue,FBV2_0025,FBV2_DOC_02_library_interlibrary_loan,Interlibrary Loan Queue,9,How should a library desk route borrowing and lending requests?,The team can run a two-week check on request slip and record how often copyright page count changes the decision. library interlibrary loan case 2-09 should be logged before and after the desk action.,The team can run a two-week check on request slip and record how often copyright page count changes the decision. library interlibrary loan case 2-09 should be logged before and after the desk action.,,,,,,,,,,,fresh_blind_v2_human_annotation_template,,
FBV2_DOC_02_library_interlibrary_loan,Interlibrary Loan Queue,FBV2_0026,FBV2_DOC_02_library_interlibrary_loan,Interlibrary Loan Queue,10,How should a library desk route borrowing and lending requests?,The desk gains a clearer queue when lending library notice and patron pickup shelf travel together. Separating them leaves library interlibrary loan case 2-10 too much room to steer the decision.,The desk gains a clearer queue when lending library notice and patron pickup shelf travel together. Separating them leaves library interlibrary loan case 2-10 too much room to steer the decision.,,,,,,,,,,,fresh_blind_v2_human_annotation_template,,
FBV2_DOC_02_library_interlibrary_loan,Interlibrary Loan Queue,FBV2_0027,FBV2_DOC_02_library_interlibrary_loan,Interlibrary Loan Queue,11,How should a library desk route borrowing and lending requests?,"At shift handover, scanner station and shipping label frame the queue that includes library interlibrary loan case 2-11. The note gives the coordinator enough scene detail to place later entries.","At shift handover, scanner station and shipping label frame the queue that includes library interlibrary loan case 2-11. The note gives the coordinator enough scene detail to place later entries.",,,,,,,,,,,fresh_blind_v2_human_annotation_template,,
FBV2_DOC_02_library_interlibrary_loan,Interlibrary Loan Queue,FBV2_0028,FBV2_DOC_02_library_interlibrary_loan,Interlibrary Loan Queue,12,How should a library desk route borrowing and lending requests?,"Within the office, copyright page count is the working label for a case bundle containing journal issue record and library interlibrary loan case 2-12. It is narrower than the whole daily queue.","Within the office, copyright page count is the working label for a case bundle containing journal issue record and library interlibrary loan case 2-12. It is narrower than the whole daily queue.",,,,,,,,,,,fresh_blind_v2_human_annotation_template,,
FBV2_DOC_02_library_interlibrary_loan,Interlibrary Loan Queue,FBV2_0029,FBV2_DOC_02_library_interlibrary_loan,Interlibrary Loan Queue,13,How should a library desk route borrowing and lending requests?,The safer choice comes from reading patron pickup shelf beside renewal hold. Treating library interlibrary loan case 2-13 alone as decisive makes the handoff weaker.,The safer choice comes from reading patron pickup shelf beside renewal hold. Treating library interlibrary loan case 2-13 alone as decisive makes the handoff weaker.,,,,,,,,,,,fresh_blind_v2_human_annotation_template,,
FBV2_DOC_02_library_interlibrary_loan,Interlibrary Loan Queue,FBV2_0030,FBV2_DOC_02_library_interlibrary_loan,Interlibrary Loan Queue,14,How should a library desk route borrowing and lending requests?,"Map shipping label to request slip, then send library interlibrary loan case 2-14 to the same queue. The case remains visible until the owner confirms receipt.","Map shipping label to request slip, then send library interlibrary loan case 2-14 to the same queue. The case remains visible until the owner confirms receipt.",,,,,,,,,,,fresh_blind_v2_human_annotation_template,,
FBV2_DOC_02_library_interlibrary_loan,Interlibrary Loan Queue,FBV2_0031,FBV2_DOC_02_library_interlibrary_loan,Interlibrary Loan Queue,15,How should a library desk route borrowing and lending requests?,"A file can look complete when journal issue record is present, yet lending library notice may still be missing. That gap keeps library interlibrary loan case 2-15 from being final.","A file can look complete when journal issue record is present, yet lending library notice may still be missing. That gap keeps library interlibrary loan case 2-15 from being final.",,,,,,,,,,,fresh_blind_v2_human_annotation_template,,
FBV2_DOC_02_library_interlibrary_loan,Interlibrary Loan Queue,FBV2_0032,FBV2_DOC_02_library_interlibrary_loan,Interlibrary Loan Queue,16,How should a library desk route borrowing and lending requests?,A later audit should separate cases with renewal hold from cases with only scanner station. The comparison would show whether library interlibrary loan case 2-16 adds routing value.,A later audit should separate cases with renewal hold from cases with only scanner station. The comparison would show whether library interlibrary loan case 2-16 adds routing value.,,,,,,,,,,,fresh_blind_v2_human_annotation_template,,
FBV2_DOC_03_emergency_shelter_intake,Emergency Shelter Intake,FBV2_0033,FBV2_DOC_03_emergency_shelter_intake,Emergency Shelter Intake,1,How should a shelter desk route intake and placement decisions?,A coordinator can trust intake form more when transport voucher matches the same timeline. That pairing keeps emergency shelter intake case 3-01 from becoming the sole signal.,A coordinator can trust intake form more when transport voucher matches the same timeline. That pairing keeps emergency shelter intake case 3-01 from becoming the sole signal.,,,,,,,,,,,fresh_blind_v2_human_annotation_template,,
FBV2_DOC_03_emergency_shelter_intake,Emergency Shelter Intake,FBV2_0034,FBV2_DOC_03_emergency_shelter_intake,Emergency Shelter Intake,2,How should a shelter desk route intake and placement decisions?,The office log pairs family room list with bed turnover sheet because emergency shelter intake case 3-02 often changes during the day. This record sets the working scene for the later decision.,The office log pairs family room list with bed turnover sheet because emergency shelter intake case 3-02 often changes during the day. This record sets the working scene for the later decision.,,,,,,,,,,,fresh_blind_v2_human_annotation_template,,
FBV2_DOC_03_emergency_shelter_intake,Emergency Shelter Intake,FBV2_0035,FBV2_DOC_03_emergency_shelter_intake,Emergency Shelter Intake,3,How should a shelter desk route intake and placement decisions?,"Map pet accommodation note to caseworker callback, then send emergency shelter intake case 3-03 to the same queue. The case remains visible until the owner confirms receipt.","Map pet accommodation note to caseworker callback, then send emergency shelter intake case 3-03 to the same queue. The case remains visible until the owner confirms receipt.",,,,,,,,,,,fresh_blind_v2_human_annotation_template,,
FBV2_DOC_03_emergency_shelter_intake,Emergency Shelter Intake,FBV2_0036,FBV2_DOC_03_emergency_shelter_intake,Emergency Shelter Intake,4,How should a shelter desk route intake and placement decisions?,The desk can sample twenty files where transport voucher and meal token drawer disagree. Reviewers would inspect whether emergency shelter intake case 3-04 helps choose the final lane.,The desk can sample twenty files where transport voucher and meal token drawer disagree. Reviewers would inspect whether emergency shelter intake case 3-04 helps choose the final lane.,,,,,,,,,,,fresh_blind_v2_human_annotation_template,,
FBV2_DOC_03_emergency_shelter_intake,Emergency Shelter Intake,FBV2_0037,FBV2_DOC_03_emergency_shelter_intake,Emergency Shelter Intake,5,How should a shelter desk route intake and placement decisions?,A later audit should separate cases with bed turnover sheet from cases with only quiet room request. The comparison would show whether emergency shelter intake case 3-05 adds routing value.,A later audit should separate cases with bed turnover sheet from cases with only quiet room request. The comparison would show whether emergency shelter intake case 3-05 adds routing value.,,,,,,,,,,,fresh_blind_v2_human_annotation_template,,
FBV2_DOC_03_emergency_shelter_intake,Emergency Shelter Intake,FBV2_0038,FBV2_DOC_03_emergency_shelter_intake,Emergency Shelter Intake,6,How should a shelter desk route intake and placement decisions?,Reviewers counted more timely handoffs when caseworker callback was checked before intake form. The audit trail pointed back to emergency shelter intake case 3-06 on the disputed cases.,Reviewers counted more timely handoffs when caseworker callback was checked before intake form. The audit trail pointed back to emergency shelter intake case 3-06 on the disputed cases.,,,,,,,,,,,fresh_blind_v2_human_annotation_template,,
FBV2_DOC_03_emergency_shelter_intake,Emergency Shelter Intake,FBV2_0039,FBV2_DOC_03_emergency_shelter_intake,Emergency Shelter Intake,7,How should a shelter desk route intake and placement decisions?,The desk gains a clearer queue when meal token drawer and family room list travel together. Separating them leaves emergency shelter intake case 3-07 too much room to steer the decision.,The desk gains a clearer queue when meal token drawer and family room list travel together. Separating them leaves emergency shelter intake case 3-07 too much room to steer the decision.,,,,,,,,,,,fresh_blind_v2_human_annotation_template,,
FBV2_DOC_03_emergency_shelter_intake,Emergency Shelter Intake,FBV2_0040,FBV2_DOC_03_emergency_shelter_intake,Emergency Shelter Intake,8,How should a shelter desk route intake and placement decisions?,quiet room request is the table entry that carries pet accommodation note and emergency shelter intake case 3-08 together. The coordinator treats the entry as one unit during handoff.,quiet room request is the table entry that carries pet accommodation note and emergency shelter intake case 3-08 together. The coordinator treats the entry as one unit during handoff.,,,,,,,,,,,fresh_blind_v2_human_annotation_template,,
FBV2_DOC_03_emergency_shelter_intake,Emergency Shelter Intake,FBV2_0041,FBV2_DOC_03_emergency_shelter_intake,Emergency Shelter Intake,9,How should a shelter desk route intake and placement decisions?,A routine case shows intake form on the morning list and transport voucher in the afternoon packet. emergency shelter intake case 3-09 then explains why the owner changed the lane.,A routine case shows intake form on the morning list and transport voucher in the afternoon packet. emergency shelter intake case 3-09 then explains why the owner changed the lane.,,,,,,,,,,,fresh_blind_v2_human_annotation_template,,
FBV2_DOC_03_emergency_shelter_intake,Emergency Shelter Intake,FBV2_0042,FBV2_DOC_03_emergency_shelter_intake,Emergency Shelter Intake,10,How should a shelter desk route intake and placement decisions?,"family room list can lag behind the desk conversation, so bed turnover sheet may show a fresher view of emergency shelter intake case 3-10. The coordinator cannot close the file from that record alone.","family room list can lag behind the desk conversation, so bed turnover sheet may show a fresher view of emergency shelter intake case 3-10. The coordinator cannot close the file from that record alone.",,,,,,,,,,,fresh_blind_v2_human_annotation_template,,
FBV2_DOC_03_emergency_shelter_intake,Emergency Shelter Intake,FBV2_0043,FBV2_DOC_03_emergency_shelter_intake,Emergency Shelter Intake,11,How should a shelter desk route intake and placement decisions?,"One Tuesday file carries pet accommodation note, caseworker callback, and a late note about emergency shelter intake case 3-11. The desk uses that mix to show how a small mismatch changes routing.","One Tuesday file carries pet accommodation note, caseworker callback, and a late note about emergency shelter intake case 3-11. The desk uses that mix to show how a small mismatch changes routing.",,,,,,,,,,,fresh_blind_v2_human_annotation_template,,
FBV2_DOC_03_emergency_shelter_intake,Emergency Shelter Intake,FBV2_0044,FBV2_DOC_03_emergency_shelter_intake,Emergency Shelter Intake,12,How should a shelter desk route intake and placement decisions?,"A file can look complete when transport voucher is present, yet meal token drawer may still be missing. That gap keeps emergency shelter intake case 3-12 from being final.","A file can look complete when transport voucher is present, yet meal token drawer may still be missing. That gap keeps emergency shelter intake case 3-12 from being final.",,,,,,,,,,,fresh_blind_v2_human_annotation_template,,
FBV2_DOC_03_emergency_shelter_intake,Emergency Shelter Intake,FBV2_0045,FBV2_DOC_03_emergency_shelter_intake,Emergency Shelter Intake,13,How should a shelter desk route intake and placement decisions?,A sample of closed files showed bed turnover sheet missing from several late cases. The same sample had quiet room request and emergency shelter intake case 3-13 in the files that moved cleanly.,A sample of closed files showed bed turnover sheet missing from several late cases. The same sample had quiet room request and emergency shelter intake case 3-13 in the files that moved cleanly.,,,,,,,,,,,fresh_blind_v2_human_annotation_template,,
FBV2_DOC_03_emergency_shelter_intake,Emergency Shelter Intake,FBV2_0046,FBV2_DOC_03_emergency_shelter_intake,Emergency Shelter Intake,14,How should a shelter desk route intake and placement decisions?,"Before the coordinator touches the queue, caseworker callback and intake form are checked against emergency shelter intake case 3-14. The detail marks the operational setting for the case.","Before the coordinator touches the queue, caseworker callback and intake form are checked against emergency shelter intake case 3-14. The detail marks the operational setting for the case.",,,,,,,,,,,fresh_blind_v2_human_annotation_template,,
FBV2_DOC_03_emergency_shelter_intake,Emergency Shelter Intake,FBV2_0047,FBV2_DOC_03_emergency_shelter_intake,Emergency Shelter Intake,15,How should a shelter desk route intake and placement decisions?,Match meal token drawer to family room list before assigning emergency shelter intake case 3-15. The queue owner signs the file after the two entries line up.,Match meal token drawer to family room list before assigning emergency shelter intake case 3-15. The queue owner signs the file after the two entries line up.,,,,,,,,,,,fresh_blind_v2_human_annotation_template,,
FBV2_DOC_03_emergency_shelter_intake,Emergency Shelter Intake,FBV2_0048,FBV2_DOC_03_emergency_shelter_intake,Emergency Shelter Intake,16,How should a shelter desk route intake and placement decisions?,quiet room request is the table entry that carries pet accommodation note and emergency shelter intake case 3-16 together. The coordinator treats the entry as one unit during handoff.,quiet room request is the table entry that carries pet accommodation note and emergency shelter intake case 3-16 together. The coordinator treats the entry as one unit during handoff.,,,,,,,,,,,fresh_blind_v2_human_annotation_template,,
FBV2_DOC_04_veterinary_surgery_roster,Veterinary Surgery Roster,FBV2_0049,FBV2_DOC_04_veterinary_surgery_roster,Veterinary Surgery Roster,1,How should a clinic route surgery scheduling conflicts?,A sample handoff begins with anesthesia chart in place and surgeon availability board missing from the packet. veterinary surgery roster case 4-01 gives the reviewer the reason for keeping the file open.,A sample handoff begins with anesthesia chart in place and surgeon availability board missing from the packet. veterinary surgery roster case 4-01 gives the reviewer the reason for keeping the file open.,,,,,,,,,,,fresh_blind_v2_human_annotation_template,,
FBV2_DOC_04_veterinary_surgery_roster,Veterinary Surgery Roster,FBV2_0050,FBV2_DOC_04_veterinary_surgery_roster,Veterinary Surgery Roster,2,How should a clinic route surgery scheduling conflicts?,kennel card does not settle the case when fasting confirmation points to a different queue. Staff keep veterinary surgery roster case 4-02 open until a person resolves the conflict.,kennel card does not settle the case when fasting confirmation points to a different queue. Staff keep veterinary surgery roster case 4-02 open until a person resolves the conflict.,,,,,,,,,,,fresh_blind_v2_human_annotation_template,,
FBV2_DOC_04_veterinary_surgery_roster,Veterinary Surgery Roster,FBV2_0051,FBV2_DOC_04_veterinary_surgery_roster,Veterinary Surgery Roster,3,How should a clinic route surgery scheduling conflicts?,A desk sample showed sterile pack cart reducing search time when recovery bay was also attached. veterinary surgery roster case 4-03 was the field most often opened during review.,A desk sample showed sterile pack cart reducing search time when recovery bay was also attached. veterinary surgery roster case 4-03 was the field most often opened during review.,,,,,,,,,,,fresh_blind_v2_human_annotation_template,,
FBV2_DOC_04_veterinary_surgery_roster,Veterinary Surgery Roster,FBV2_0052,FBV2_DOC_04_veterinary_surgery_roster,Veterinary Surgery Roster,4,How should a clinic route surgery scheduling conflicts?,The safer choice comes from reading surgeon availability board beside lab panel printout. Treating veterinary surgery roster case 4-04 alone as decisive makes the handoff weaker.,The safer choice comes from reading surgeon availability board beside lab panel printout. Treating veterinary surgery roster case 4-04 alone as decisive makes the handoff weaker.,,,,,,,,,,,fresh_blind_v2_human_annotation_template,,
FBV2_DOC_04_veterinary_surgery_roster,Veterinary Surgery Roster,FBV2_0053,FBV2_DOC_04_veterinary_surgery_roster,Veterinary Surgery Roster,5,How should a clinic route surgery scheduling conflicts?,"A clerk opens the folder with fasting confirmation, client consent form, and veterinary surgery roster case 4-05 on the same page. The entries orient the reader before any claim about priority appears.","A clerk opens the folder with fasting confirmation, client consent form, and veterinary surgery roster case 4-05 on the same page. The entries orient the reader before any claim about priority appears.",,,,,,,,,,,fresh_blind_v2_human_annotation_template,,
FBV2_DOC_04_veterinary_surgery_roster,Veterinary Surgery Roster,FBV2_0054,FBV2_DOC_04_veterinary_surgery_roster,Veterinary Surgery Roster,6,How should a clinic route surgery scheduling conflicts?,"Group recovery bay with cases that share anesthesia chart, then attach veterinary surgery roster case 4-06 before closure. The clerk records who accepted the handoff.","Group recovery bay with cases that share anesthesia chart, then attach veterinary surgery roster case 4-06 before closure. The clerk records who accepted the handoff.",,,,,,,,,,,fresh_blind_v2_human_annotation_template,,
FBV2_DOC_04_veterinary_surgery_roster,Veterinary Surgery Roster,FBV2_0055,FBV2_DOC_04_veterinary_surgery_roster,Veterinary Surgery Roster,7,How should a clinic route surgery scheduling conflicts?,"The office can hold out files containing lab panel printout, then compare them with cases built around kennel card. That review would test whether veterinary surgery roster case 4-07 moves earlier.","The office can hold out files containing lab panel printout, then compare them with cases built around kennel card. That review would test whether veterinary surgery roster case 4-07 moves earlier.",,,,,,,,,,,fresh_blind_v2_human_annotation_template,,
FBV2_DOC_04_veterinary_surgery_roster,Veterinary Surgery Roster,FBV2_0056,FBV2_DOC_04_veterinary_surgery_roster,Veterinary Surgery Roster,8,How should a clinic route surgery scheduling conflicts?,"One closed case includes client consent form and sterile pack cart, but the desk later reopens it after reading veterinary surgery roster case 4-08. The file shows how a small detail changes the lane.","One closed case includes client consent form and sterile pack cart, but the desk later reopens it after reading veterinary surgery roster case 4-08. The file shows how a small detail changes the lane.",,,,,,,,,,,fresh_blind_v2_human_annotation_template,,
FBV2_DOC_04_veterinary_surgery_roster,Veterinary Surgery Roster,FBV2_0057,FBV2_DOC_04_veterinary_surgery_roster,Veterinary Surgery Roster,9,How should a clinic route surgery scheduling conflicts?,The trial desk saw fewer repeated calls after anesthesia chart was paired with surgeon availability board. Staff later pulled veterinary surgery roster case 4-09 when checking why the change helped.,The trial desk saw fewer repeated calls after anesthesia chart was paired with surgeon availability board. Staff later pulled veterinary surgery roster case 4-09 when checking why the change helped.,,,,,,,,,,,fresh_blind_v2_human_annotation_template,,
FBV2_DOC_04_veterinary_surgery_roster,Veterinary Surgery Roster,FBV2_0058,FBV2_DOC_04_veterinary_surgery_roster,Veterinary Surgery Roster,10,How should a clinic route surgery scheduling conflicts?,The office should reserve a blind sample of files containing kennel card. Reviewers can compare those files with fasting confirmation and score how veterinary surgery roster case 4-10 affected handoff.,The office should reserve a blind sample of files containing kennel card. Reviewers can compare those files with fasting confirmation and score how veterinary surgery roster case 4-10 affected handoff.,,,,,,,,,,,fresh_blind_v2_human_annotation_template,,
FBV2_DOC_04_veterinary_surgery_roster,Veterinary Surgery Roster,FBV2_0059,FBV2_DOC_04_veterinary_surgery_roster,Veterinary Surgery Roster,11,How should a clinic route surgery scheduling conflicts?,The desk can misread sterile pack cart when recovery bay arrives late. veterinary surgery roster case 4-11 stays provisional while the two records are reconciled.,The desk can misread sterile pack cart when recovery bay arrives late. veterinary surgery roster case 4-11 stays provisional while the two records are reconciled.,,,,,,,,,,,fresh_blind_v2_human_annotation_template,,
FBV2_DOC_04_veterinary_surgery_roster,Veterinary Surgery Roster,FBV2_0060,FBV2_DOC_04_veterinary_surgery_roster,Veterinary Surgery Roster,12,How should a clinic route surgery scheduling conflicts?,Match surgeon availability board to lab panel printout before assigning veterinary surgery roster case 4-12. The queue owner signs the file after the two entries line up.,Match surgeon availability board to lab panel printout before assigning veterinary surgery roster case 4-12. The queue owner signs the file after the two entries line up.,,,,,,,,,,,fresh_blind_v2_human_annotation_template,,
FBV2_DOC_04_veterinary_surgery_roster,Veterinary Surgery Roster,FBV2_0061,FBV2_DOC_04_veterinary_surgery_roster,Veterinary Surgery Roster,13,How should a clinic route surgery scheduling conflicts?,"A clerk opens the folder with fasting confirmation, client consent form, and veterinary surgery roster case 4-13 on the same page. The entries orient the reader before any claim about priority appears.","A clerk opens the folder with fasting confirmation, client consent form, and veterinary surgery roster case 4-13 on the same page. The entries orient the reader before any claim about priority appears.",,,,,,,,,,,fresh_blind_v2_human_annotation_template,,
FBV2_DOC_04_veterinary_surgery_roster,Veterinary Surgery Roster,FBV2_0062,FBV2_DOC_04_veterinary_surgery_roster,Veterinary Surgery Roster,14,How should a clinic route surgery scheduling conflicts?,"Within the office, recovery bay is the working label for a case bundle containing anesthesia chart and veterinary surgery roster case 4-14. It is narrower than the whole daily queue.","Within the office, recovery bay is the working label for a case bundle containing anesthesia chart and veterinary surgery roster case 4-14. It is narrower than the whole daily queue.",,,,,,,,,,,fresh_blind_v2_human_annotation_template,,
FBV2_DOC_04_veterinary_surgery_roster,Veterinary Surgery Roster,FBV2_0063,FBV2_DOC_04_veterinary_surgery_roster,Veterinary Surgery Roster,15,How should a clinic route surgery scheduling conflicts?,"The phrase lab panel printout points to the record where kennel card and veterinary surgery roster case 4-15 are stored together. Staff use it only for the routing object, not for the entire service.","The phrase lab panel printout points to the record where kennel card and veterinary surgery roster case 4-15 are stored together. Staff use it only for the routing object, not for the entire service.",,,,,,,,,,,fresh_blind_v2_human_annotation_template,,
FBV2_DOC_04_veterinary_surgery_roster,Veterinary Surgery Roster,FBV2_0064,FBV2_DOC_04_veterinary_surgery_roster,Veterinary Surgery Roster,16,How should a clinic route surgery scheduling conflicts?,client consent form deserves priority only when sterile pack cart shows the same pressure. Otherwise veterinary surgery roster case 4-16 may exaggerate the urgency of the case.,client consent form deserves priority only when sterile pack cart shows the same pressure. Otherwise veterinary surgery roster case 4-16 may exaggerate the urgency of the case.,,,,,,,,,,,fresh_blind_v2_human_annotation_template,,
FBV2_DOC_05_ferry_terminal_loading,Ferry Terminal Loading,FBV2_0065,FBV2_DOC_05_ferry_terminal_loading,Ferry Terminal Loading,1,How should a terminal route vehicle loading and ramp changes?,"During the pilot, lane marshal sheet matched the queue state more often than ramp inspection card. The team used ferry terminal loading case 5-01 to confirm the pattern.","During the pilot, lane marshal sheet matched the queue state more often than ramp inspection card. The team used ferry terminal loading case 5-01 to confirm the pattern.",,,,,,,,,,,fresh_blind_v2_human_annotation_template,,
FBV2_DOC_05_ferry_terminal_loading,Ferry Terminal Loading,FBV2_0066,FBV2_DOC_05_ferry_terminal_loading,Ferry Terminal Loading,2,How should a terminal route vehicle loading and ramp changes?,vehicle height tag is the table entry that carries standby queue and ferry terminal loading case 5-02 together. The coordinator treats the entry as one unit during handoff.,vehicle height tag is the table entry that carries standby queue and ferry terminal loading case 5-02 together. The coordinator treats the entry as one unit during handoff.,,,,,,,,,,,fresh_blind_v2_human_annotation_template,,
FBV2_DOC_05_ferry_terminal_loading,Ferry Terminal Loading,FBV2_0067,FBV2_DOC_05_ferry_terminal_loading,Ferry Terminal Loading,3,How should a terminal route vehicle loading and ramp changes?,tidal clearance note cannot carry the route by itself if deck balance sheet is blank. The desk leaves ferry terminal loading case 5-03 in review until another record confirms it.,tidal clearance note cannot carry the route by itself if deck balance sheet is blank. The desk leaves ferry terminal loading case 5-03 in review until another record confirms it.,,,,,,,,,,,fresh_blind_v2_human_annotation_template,,
FBV2_DOC_05_ferry_terminal_loading,Ferry Terminal Loading,FBV2_0068,FBV2_DOC_05_ferry_terminal_loading,Ferry Terminal Loading,4,How should a terminal route vehicle loading and ramp changes?,"The phrase ramp inspection card points to the record where hazmat declaration and ferry terminal loading case 5-04 are stored together. Staff use it only for the routing object, not for the entire service.","The phrase ramp inspection card points to the record where hazmat declaration and ferry terminal loading case 5-04 are stored together. Staff use it only for the routing object, not for the entire service.",,,,,,,,,,,fresh_blind_v2_human_annotation_template,,
FBV2_DOC_05_ferry_terminal_loading,Ferry Terminal Loading,FBV2_0069,FBV2_DOC_05_ferry_terminal_loading,Ferry Terminal Loading,5,How should a terminal route vehicle loading and ramp changes?,"standby queue is useful until boarding cut-off time changes after the first review. At that point, ferry terminal loading case 5-05 needs a second check before the route is trusted.","standby queue is useful until boarding cut-off time changes after the first review. At that point, ferry terminal loading case 5-05 needs a second check before the route is trusted.",,,,,,,,,,,fresh_blind_v2_human_annotation_template,,
FBV2_DOC_05_ferry_terminal_loading,Ferry Terminal Loading,FBV2_0070,FBV2_DOC_05_ferry_terminal_loading,Ferry Terminal Loading,6,How should a terminal route vehicle loading and ramp changes?,The queue is easier to defend when deck balance sheet anchors the file and lane marshal sheet narrows it. A route based on ferry terminal loading case 5-06 alone is less stable.,The queue is easier to defend when deck balance sheet anchors the file and lane marshal sheet narrows it. A route based on ferry terminal loading case 5-06 alone is less stable.,,,,,,,,,,,fresh_blind_v2_human_annotation_template,,
FBV2_DOC_05_ferry_terminal_loading,Ferry Terminal Loading,FBV2_0071,FBV2_DOC_05_ferry_terminal_loading,Ferry Terminal Loading,7,How should a terminal route vehicle loading and ramp changes?,Pairing hazmat declaration with vehicle height tag gives the coordinator a sturdier basis for judging ferry terminal loading case 5-07. A case routed from only one of those records is easier to misplace.,Pairing hazmat declaration with vehicle height tag gives the coordinator a sturdier basis for judging ferry terminal loading case 5-07. A case routed from only one of those records is easier to misplace.,,,,,,,,,,,fresh_blind_v2_human_annotation_template,,
FBV2_DOC_05_ferry_terminal_loading,Ferry Terminal Loading,FBV2_0072,FBV2_DOC_05_ferry_terminal_loading,Ferry Terminal Loading,8,How should a terminal route vehicle loading and ramp changes?,"One closed case includes boarding cut-off time and tidal clearance note, but the desk later reopens it after reading ferry terminal loading case 5-08. The file shows how a small detail changes the lane.","One closed case includes boarding cut-off time and tidal clearance note, but the desk later reopens it after reading ferry terminal loading case 5-08. The file shows how a small detail changes the lane.",,,,,,,,,,,fresh_blind_v2_human_annotation_template,,
FBV2_DOC_05_ferry_terminal_loading,Ferry Terminal Loading,FBV2_0073,FBV2_DOC_05_ferry_terminal_loading,Ferry Terminal Loading,9,How should a terminal route vehicle loading and ramp changes?,lane marshal sheet sits beside ramp inspection card at the opening desk while ferry terminal loading case 5-09 waits for review. Staff read the packet to understand the day before any routing choice moves.,lane marshal sheet sits beside ramp inspection card at the opening desk while ferry terminal loading case 5-09 waits for review. Staff read the packet to understand the day before any routing choice moves.,,,,,,,,,,,fresh_blind_v2_human_annotation_template,,
FBV2_DOC_05_ferry_terminal_loading,Ferry Terminal Loading,FBV2_0074,FBV2_DOC_05_ferry_terminal_loading,Ferry Terminal Loading,10,How should a terminal route vehicle loading and ramp changes?,"A clerk opens the folder with vehicle height tag, standby queue, and ferry terminal loading case 5-10 on the same page. The entries orient the reader before any claim about priority appears.","A clerk opens the folder with vehicle height tag, standby queue, and ferry terminal loading case 5-10 on the same page. The entries orient the reader before any claim about priority appears.",,,,,,,,,,,fresh_blind_v2_human_annotation_template,,
FBV2_DOC_05_ferry_terminal_loading,Ferry Terminal Loading,FBV2_0075,FBV2_DOC_05_ferry_terminal_loading,Ferry Terminal Loading,11,How should a terminal route vehicle loading and ramp changes?,"Group tidal clearance note with cases that share deck balance sheet, then attach ferry terminal loading case 5-11 before closure. The clerk records who accepted the handoff.","Group tidal clearance note with cases that share deck balance sheet, then attach ferry terminal loading case 5-11 before closure. The clerk records who accepted the handoff.",,,,,,,,,,,fresh_blind_v2_human_annotation_template,,
FBV2_DOC_05_ferry_terminal_loading,Ferry Terminal Loading,FBV2_0076,FBV2_DOC_05_ferry_terminal_loading,Ferry Terminal Loading,12,How should a terminal route vehicle loading and ramp changes?,"The office can hold out files containing ramp inspection card, then compare them with cases built around hazmat declaration. That review would test whether ferry terminal loading case 5-12 moves earlier.","The office can hold out files containing ramp inspection card, then compare them with cases built around hazmat declaration. That review would test whether ferry terminal loading case 5-12 moves earlier.",,,,,,,,,,,fresh_blind_v2_human_annotation_template,,
FBV2_DOC_05_ferry_terminal_loading,Ferry Terminal Loading,FBV2_0077,FBV2_DOC_05_ferry_terminal_loading,Ferry Terminal Loading,13,How should a terminal route vehicle loading and ramp changes?,"One closed case includes standby queue and boarding cut-off time, but the desk later reopens it after reading ferry terminal loading case 5-13. The file shows how a small detail changes the lane.","One closed case includes standby queue and boarding cut-off time, but the desk later reopens it after reading ferry terminal loading case 5-13. The file shows how a small detail changes the lane.",,,,,,,,,,,fresh_blind_v2_human_annotation_template,,
FBV2_DOC_05_ferry_terminal_loading,Ferry Terminal Loading,FBV2_0078,FBV2_DOC_05_ferry_terminal_loading,Ferry Terminal Loading,14,How should a terminal route vehicle loading and ramp changes?,"First compare deck balance sheet with lane marshal sheet, then place ferry terminal loading case 5-14 in the matching queue. If the two records disagree, hold the case for desk review.","First compare deck balance sheet with lane marshal sheet, then place ferry terminal loading case 5-14 in the matching queue. If the two records disagree, hold the case for desk review.",,,,,,,,,,,fresh_blind_v2_human_annotation_template,,
FBV2_DOC_05_ferry_terminal_loading,Ferry Terminal Loading,FBV2_0079,FBV2_DOC_05_ferry_terminal_loading,Ferry Terminal Loading,15,How should a terminal route vehicle loading and ramp changes?,The closeout review placed hazmat declaration in the files that needed fewer callbacks. vehicle height tag and ferry terminal loading case 5-15 explained most of the remaining delays.,The closeout review placed hazmat declaration in the files that needed fewer callbacks. vehicle height tag and ferry terminal loading case 5-15 explained most of the remaining delays.,,,,,,,,,,,fresh_blind_v2_human_annotation_template,,
FBV2_DOC_05_ferry_terminal_loading,Ferry Terminal Loading,FBV2_0080,FBV2_DOC_05_ferry_terminal_loading,Ferry Terminal Loading,16,How should a terminal route vehicle loading and ramp changes?,The team can run a two-week check on boarding cut-off time and record how often tidal clearance note changes the decision. ferry terminal loading case 5-16 should be logged before and after the desk action.,The team can run a two-week check on boarding cut-off time and record how often tidal clearance note changes the decision. ferry terminal loading case 5-16 should be logged before and after the desk action.,,,,,,,,,,,fresh_blind_v2_human_annotation_template,,
FBV2_DOC_06_pharmacy_compounding_queue,Pharmacy Compounding Queue,FBV2_0081,FBV2_DOC_06_pharmacy_compounding_queue,Pharmacy Compounding Queue,1,How should a pharmacy route sterile compounding work?,A clerk might see hood cleaning log already attached but ingredient lot card still waiting in the tray. The case tied to pharmacy compounding queue case 6-01 stays out of the closed column.,A clerk might see hood cleaning log already attached but ingredient lot card still waiting in the tray. The case tied to pharmacy compounding queue case 6-01 stays out of the closed column.,,,,,,,,,,,fresh_blind_v2_human_annotation_template,,
FBV2_DOC_06_pharmacy_compounding_queue,Pharmacy Compounding Queue,FBV2_0082,FBV2_DOC_06_pharmacy_compounding_queue,Pharmacy Compounding Queue,2,How should a pharmacy route sterile compounding work?,"One closed case includes batch worksheet and beyond-use time, but the desk later reopens it after reading pharmacy compounding queue case 6-02. The file shows how a small detail changes the lane.","One closed case includes batch worksheet and beyond-use time, but the desk later reopens it after reading pharmacy compounding queue case 6-02. The file shows how a small detail changes the lane.",,,,,,,,,,,fresh_blind_v2_human_annotation_template,,
FBV2_DOC_06_pharmacy_compounding_queue,Pharmacy Compounding Queue,FBV2_0083,FBV2_DOC_06_pharmacy_compounding_queue,Pharmacy Compounding Queue,3,How should a pharmacy route sterile compounding work?,"First compare dose label with pharmacist check tray, then place pharmacy compounding queue case 6-03 in the matching queue. If the two records disagree, hold the case for desk review.","First compare dose label with pharmacist check tray, then place pharmacy compounding queue case 6-03 in the matching queue. If the two records disagree, hold the case for desk review.",,,,,,,,,,,fresh_blind_v2_human_annotation_template,,
FBV2_DOC_06_pharmacy_compounding_queue,Pharmacy Compounding Queue,FBV2_0084,FBV2_DOC_06_pharmacy_compounding_queue,Pharmacy Compounding Queue,4,How should a pharmacy route sterile compounding work?,"The morning sheet lists ingredient lot card and delivery tote, then places pharmacy compounding queue case 6-04 in the pending column. The passage supplies local context rather than a directive.","The morning sheet lists ingredient lot card and delivery tote, then places pharmacy compounding queue case 6-04 in the pending column. The passage supplies local context rather than a directive.",,,,,,,,,,,fresh_blind_v2_human_annotation_template,,
FBV2_DOC_06_pharmacy_compounding_queue,Pharmacy Compounding Queue,FBV2_0085,FBV2_DOC_06_pharmacy_compounding_queue,Pharmacy Compounding Queue,5,How should a pharmacy route sterile compounding work?,"beyond-use time carries more routing weight when quarantine bin confirms the same case detail. Without that pairing, pharmacy compounding queue case 6-05 can pull attention away from the real priority.","beyond-use time carries more routing weight when quarantine bin confirms the same case detail. Without that pairing, pharmacy compounding queue case 6-05 can pull attention away from the real priority.",,,,,,,,,,,fresh_blind_v2_human_annotation_template,,
FBV2_DOC_06_pharmacy_compounding_queue,Pharmacy Compounding Queue,FBV2_0086,FBV2_DOC_06_pharmacy_compounding_queue,Pharmacy Compounding Queue,6,How should a pharmacy route sterile compounding work?,pharmacist check tray loses value when hood cleaning log is copied from an older shift. The case tied to pharmacy compounding queue case 6-06 needs review before it moves.,pharmacist check tray loses value when hood cleaning log is copied from an older shift. The case tied to pharmacy compounding queue case 6-06 needs review before it moves.,,,,,,,,,,,fresh_blind_v2_human_annotation_template,,
FBV2_DOC_06_pharmacy_compounding_queue,Pharmacy Compounding Queue,FBV2_0087,FBV2_DOC_06_pharmacy_compounding_queue,Pharmacy Compounding Queue,7,How should a pharmacy route sterile compounding work?,The office should reserve a blind sample of files containing delivery tote. Reviewers can compare those files with batch worksheet and score how pharmacy compounding queue case 6-07 affected handoff.,The office should reserve a blind sample of files containing delivery tote. Reviewers can compare those files with batch worksheet and score how pharmacy compounding queue case 6-07 affected handoff.,,,,,,,,,,,fresh_blind_v2_human_annotation_template,,
FBV2_DOC_06_pharmacy_compounding_queue,Pharmacy Compounding Queue,FBV2_0088,FBV2_DOC_06_pharmacy_compounding_queue,Pharmacy Compounding Queue,8,How should a pharmacy route sterile compounding work?,The trial desk saw fewer repeated calls after quarantine bin was paired with dose label. Staff later pulled pharmacy compounding queue case 6-08 when checking why the change helped.,The trial desk saw fewer repeated calls after quarantine bin was paired with dose label. Staff later pulled pharmacy compounding queue case 6-08 when checking why the change helped.,,,,,,,,,,,fresh_blind_v2_human_annotation_template,,
FBV2_DOC_06_pharmacy_compounding_queue,Pharmacy Compounding Queue,FBV2_0089,FBV2_DOC_06_pharmacy_compounding_queue,Pharmacy Compounding Queue,9,How should a pharmacy route sterile compounding work?,Pairing hood cleaning log with ingredient lot card gives the coordinator a sturdier basis for judging pharmacy compounding queue case 6-09. A case routed from only one of those records is easier to misplace.,Pairing hood cleaning log with ingredient lot card gives the coordinator a sturdier basis for judging pharmacy compounding queue case 6-09. A case routed from only one of those records is easier to misplace.,,,,,,,,,,,fresh_blind_v2_human_annotation_template,,
FBV2_DOC_06_pharmacy_compounding_queue,Pharmacy Compounding Queue,FBV2_0090,FBV2_DOC_06_pharmacy_compounding_queue,Pharmacy Compounding Queue,10,How should a pharmacy route sterile compounding work?,"batch worksheet names the desk artifact that joins beyond-use time with pharmacy compounding queue case 6-10. Once the artifact is opened, both entries travel through the queue as a pair.","batch worksheet names the desk artifact that joins beyond-use time with pharmacy compounding queue case 6-10. Once the artifact is opened, both entries travel through the queue as a pair.",,,,,,,,,,,fresh_blind_v2_human_annotation_template,,
FBV2_DOC_06_pharmacy_compounding_queue,Pharmacy Compounding Queue,FBV2_0091,FBV2_DOC_06_pharmacy_compounding_queue,Pharmacy Compounding Queue,11,How should a pharmacy route sterile compounding work?,"During the pilot, dose label matched the queue state more often than pharmacist check tray. The team used pharmacy compounding queue case 6-11 to confirm the pattern.","During the pilot, dose label matched the queue state more often than pharmacist check tray. The team used pharmacy compounding queue case 6-11 to confirm the pattern.",,,,,,,,,,,fresh_blind_v2_human_annotation_template,,
FBV2_DOC_06_pharmacy_compounding_queue,Pharmacy Compounding Queue,FBV2_0092,FBV2_DOC_06_pharmacy_compounding_queue,Pharmacy Compounding Queue,12,How should a pharmacy route sterile compounding work?,"The morning sheet lists ingredient lot card and delivery tote, then places pharmacy compounding queue case 6-12 in the pending column. The passage supplies local context rather than a directive.","The morning sheet lists ingredient lot card and delivery tote, then places pharmacy compounding queue case 6-12 in the pending column. The passage supplies local context rather than a directive.",,,,,,,,,,,fresh_blind_v2_human_annotation_template,,
FBV2_DOC_06_pharmacy_compounding_queue,Pharmacy Compounding Queue,FBV2_0093,FBV2_DOC_06_pharmacy_compounding_queue,Pharmacy Compounding Queue,13,How should a pharmacy route sterile compounding work?,beyond-use time cannot carry the route by itself if quarantine bin is blank. The desk leaves pharmacy compounding queue case 6-13 in review until another record confirms it.,beyond-use time cannot carry the route by itself if quarantine bin is blank. The desk leaves pharmacy compounding queue case 6-13 in review until another record confirms it.,,,,,,,,,,,fresh_blind_v2_human_annotation_template,,
FBV2_DOC_06_pharmacy_compounding_queue,Pharmacy Compounding Queue,FBV2_0094,FBV2_DOC_06_pharmacy_compounding_queue,Pharmacy Compounding Queue,14,How should a pharmacy route sterile compounding work?,A follow-up table should pair pharmacist check tray with the owner who handled hood cleaning log. That table would show whether pharmacy compounding queue case 6-14 belongs earlier in the queue.,A follow-up table should pair pharmacist check tray with the owner who handled hood cleaning log. That table would show whether pharmacy compounding queue case 6-14 belongs earlier in the queue.,,,,,,,,,,,fresh_blind_v2_human_annotation_template,,
FBV2_DOC_06_pharmacy_compounding_queue,Pharmacy Compounding Queue,FBV2_0095,FBV2_DOC_06_pharmacy_compounding_queue,Pharmacy Compounding Queue,15,How should a pharmacy route sterile compounding work?,"Read delivery tote, verify batch worksheet, and route pharmacy compounding queue case 6-15 through the lane already assigned to that case. Any mismatch stays in review.","Read delivery tote, verify batch worksheet, and route pharmacy compounding queue case 6-15 through the lane already assigned to that case. Any mismatch stays in review.",,,,,,,,,,,fresh_blind_v2_human_annotation_template,,
FBV2_DOC_06_pharmacy_compounding_queue,Pharmacy Compounding Queue,FBV2_0096,FBV2_DOC_06_pharmacy_compounding_queue,Pharmacy Compounding Queue,16,How should a pharmacy route sterile compounding work?,The team calls quarantine bin the visible case item built from dose label plus pharmacy compounding queue case 6-16. That item is what later notes attach to.,The team calls quarantine bin the visible case item built from dose label plus pharmacy compounding queue case 6-16. That item is what later notes attach to.,,,,,,,,,,,fresh_blind_v2_human_annotation_template,,
FBV2_DOC_07_fire_hydrant_inspection,Fire Hydrant Inspection Rounds,FBV2_0097,FBV2_DOC_07_fire_hydrant_inspection,Fire Hydrant Inspection Rounds,1,How should a field unit route hydrant inspection records?,hydrant bonnet tag does not settle the case when street repair notice points to a different queue. Staff keep fire hydrant inspection case 7-01 open until a person resolves the conflict.,hydrant bonnet tag does not settle the case when street repair notice points to a different queue. Staff keep fire hydrant inspection case 7-01 open until a person resolves the conflict.,,,,,,,,,,,fresh_blind_v2_human_annotation_template,,
FBV2_DOC_07_fire_hydrant_inspection,Fire Hydrant Inspection Rounds,FBV2_0098,FBV2_DOC_07_fire_hydrant_inspection,Fire Hydrant Inspection Rounds,2,How should a field unit route hydrant inspection records?,"Check flow pressure reading, copy the active line from crew tablet entry, and mark fire hydrant inspection case 7-02 only after the coordinator accepts the pair. The desk then releases the case.","Check flow pressure reading, copy the active line from crew tablet entry, and mark fire hydrant inspection case 7-02 only after the coordinator accepts the pair. The desk then releases the case.",,,,,,,,,,,fresh_blind_v2_human_annotation_template,,
FBV2_DOC_07_fire_hydrant_inspection,Fire Hydrant Inspection Rounds,FBV2_0099,FBV2_DOC_07_fire_hydrant_inspection,Fire Hydrant Inspection Rounds,3,How should a field unit route hydrant inspection records?,valve cap photo loses value when district map page is copied from an older shift. The case tied to fire hydrant inspection case 7-03 needs review before it moves.,valve cap photo loses value when district map page is copied from an older shift. The case tied to fire hydrant inspection case 7-03 needs review before it moves.,,,,,,,,,,,fresh_blind_v2_human_annotation_template,,
FBV2_DOC_07_fire_hydrant_inspection,Fire Hydrant Inspection Rounds,FBV2_0100,FBV2_DOC_07_fire_hydrant_inspection,Fire Hydrant Inspection Rounds,4,How should a field unit route hydrant inspection records?,street repair notice is the table entry that carries paint mark and fire hydrant inspection case 7-04 together. The coordinator treats the entry as one unit during handoff.,street repair notice is the table entry that carries paint mark and fire hydrant inspection case 7-04 together. The coordinator treats the entry as one unit during handoff.,,,,,,,,,,,fresh_blind_v2_human_annotation_template,,
FBV2_DOC_07_fire_hydrant_inspection,Fire Hydrant Inspection Rounds,FBV2_0101,FBV2_DOC_07_fire_hydrant_inspection,Fire Hydrant Inspection Rounds,5,How should a field unit route hydrant inspection records?,fire hydrant inspection case 7-05 arrives with crew tablet entry attached and repair ticket still unsigned. The desk keeps both items visible so the surrounding situation is clear.,fire hydrant inspection case 7-05 arrives with crew tablet entry attached and repair ticket still unsigned. The desk keeps both items visible so the surrounding situation is clear.,,,,,,,,,,,fresh_blind_v2_human_annotation_template,,
FBV2_DOC_07_fire_hydrant_inspection,Fire Hydrant Inspection Rounds,FBV2_0102,FBV2_DOC_07_fire_hydrant_inspection,Fire Hydrant Inspection Rounds,6,How should a field unit route hydrant inspection records?,A later audit should separate cases with district map page from cases with only hydrant bonnet tag. The comparison would show whether fire hydrant inspection case 7-06 adds routing value.,A later audit should separate cases with district map page from cases with only hydrant bonnet tag. The comparison would show whether fire hydrant inspection case 7-06 adds routing value.,,,,,,,,,,,fresh_blind_v2_human_annotation_template,,
FBV2_DOC_07_fire_hydrant_inspection,Fire Hydrant Inspection Rounds,FBV2_0103,FBV2_DOC_07_fire_hydrant_inspection,Fire Hydrant Inspection Rounds,7,How should a field unit route hydrant inspection records?,"One closed case includes paint mark and flow pressure reading, but the desk later reopens it after reading fire hydrant inspection case 7-07. The file shows how a small detail changes the lane.","One closed case includes paint mark and flow pressure reading, but the desk later reopens it after reading fire hydrant inspection case 7-07. The file shows how a small detail changes the lane.",,,,,,,,,,,fresh_blind_v2_human_annotation_template,,
FBV2_DOC_07_fire_hydrant_inspection,Fire Hydrant Inspection Rounds,FBV2_0104,FBV2_DOC_07_fire_hydrant_inspection,Fire Hydrant Inspection Rounds,8,How should a field unit route hydrant inspection records?,The queue is easier to defend when repair ticket anchors the file and valve cap photo narrows it. A route based on fire hydrant inspection case 7-08 alone is less stable.,The queue is easier to defend when repair ticket anchors the file and valve cap photo narrows it. A route based on fire hydrant inspection case 7-08 alone is less stable.,,,,,,,,,,,fresh_blind_v2_human_annotation_template,,
FBV2_DOC_07_fire_hydrant_inspection,Fire Hydrant Inspection Rounds,FBV2_0105,FBV2_DOC_07_fire_hydrant_inspection,Fire Hydrant Inspection Rounds,9,How should a field unit route hydrant inspection records?,"At shift handover, hydrant bonnet tag and street repair notice frame the queue that includes fire hydrant inspection case 7-09. The note gives the coordinator enough scene detail to place later entries.","At shift handover, hydrant bonnet tag and street repair notice frame the queue that includes fire hydrant inspection case 7-09. The note gives the coordinator enough scene detail to place later entries.",,,,,,,,,,,fresh_blind_v2_human_annotation_template,,
FBV2_DOC_07_fire_hydrant_inspection,Fire Hydrant Inspection Rounds,FBV2_0106,FBV2_DOC_07_fire_hydrant_inspection,Fire Hydrant Inspection Rounds,10,How should a field unit route hydrant inspection records?,A later sample should compare flow pressure reading with desk decisions made after crew tablet entry. The check would show whether fire hydrant inspection case 7-10 changes the queue or only documents it.,A later sample should compare flow pressure reading with desk decisions made after crew tablet entry. The check would show whether fire hydrant inspection case 7-10 changes the queue or only documents it.,,,,,,,,,,,fresh_blind_v2_human_annotation_template,,
FBV2_DOC_07_fire_hydrant_inspection,Fire Hydrant Inspection Rounds,FBV2_0107,FBV2_DOC_07_fire_hydrant_inspection,Fire Hydrant Inspection Rounds,11,How should a field unit route hydrant inspection records?,The safer choice comes from reading valve cap photo beside district map page. Treating fire hydrant inspection case 7-11 alone as decisive makes the handoff weaker.,The safer choice comes from reading valve cap photo beside district map page. Treating fire hydrant inspection case 7-11 alone as decisive makes the handoff weaker.,,,,,,,,,,,fresh_blind_v2_human_annotation_template,,
FBV2_DOC_07_fire_hydrant_inspection,Fire Hydrant Inspection Rounds,FBV2_0108,FBV2_DOC_07_fire_hydrant_inspection,Fire Hydrant Inspection Rounds,12,How should a field unit route hydrant inspection records?,The closeout review placed street repair notice in the files that needed fewer callbacks. paint mark and fire hydrant inspection case 7-12 explained most of the remaining delays.,The closeout review placed street repair notice in the files that needed fewer callbacks. paint mark and fire hydrant inspection case 7-12 explained most of the remaining delays.,,,,,,,,,,,fresh_blind_v2_human_annotation_template,,
FBV2_DOC_07_fire_hydrant_inspection,Fire Hydrant Inspection Rounds,FBV2_0109,FBV2_DOC_07_fire_hydrant_inspection,Fire Hydrant Inspection Rounds,13,How should a field unit route hydrant inspection records?,"Group crew tablet entry with cases that share repair ticket, then attach fire hydrant inspection case 7-13 before closure. The clerk records who accepted the handoff.","Group crew tablet entry with cases that share repair ticket, then attach fire hydrant inspection case 7-13 before closure. The clerk records who accepted the handoff.",,,,,,,,,,,fresh_blind_v2_human_annotation_template,,
FBV2_DOC_07_fire_hydrant_inspection,Fire Hydrant Inspection Rounds,FBV2_0110,FBV2_DOC_07_fire_hydrant_inspection,Fire Hydrant Inspection Rounds,14,How should a field unit route hydrant inspection records?,"The phrase district map page points to the record where hydrant bonnet tag and fire hydrant inspection case 7-14 are stored together. Staff use it only for the routing object, not for the entire service.","The phrase district map page points to the record where hydrant bonnet tag and fire hydrant inspection case 7-14 are stored together. Staff use it only for the routing object, not for the entire service.",,,,,,,,,,,fresh_blind_v2_human_annotation_template,,
FBV2_DOC_07_fire_hydrant_inspection,Fire Hydrant Inspection Rounds,FBV2_0111,FBV2_DOC_07_fire_hydrant_inspection,Fire Hydrant Inspection Rounds,15,How should a field unit route hydrant inspection records?,"One closed case includes paint mark and flow pressure reading, but the desk later reopens it after reading fire hydrant inspection case 7-15. The file shows how a small detail changes the lane.","One closed case includes paint mark and flow pressure reading, but the desk later reopens it after reading fire hydrant inspection case 7-15. The file shows how a small detail changes the lane.",,,,,,,,,,,fresh_blind_v2_human_annotation_template,,
FBV2_DOC_07_fire_hydrant_inspection,Fire Hydrant Inspection Rounds,FBV2_0112,FBV2_DOC_07_fire_hydrant_inspection,Fire Hydrant Inspection Rounds,16,How should a field unit route hydrant inspection records?,"During the pilot, repair ticket matched the queue state more often than valve cap photo. The team used fire hydrant inspection case 7-16 to confirm the pattern.","During the pilot, repair ticket matched the queue state more often than valve cap photo. The team used fire hydrant inspection case 7-16 to confirm the pattern.",,,,,,,,,,,fresh_blind_v2_human_annotation_template,,
FBV2_DOC_08_hotel_room_turnover,Hotel Room Turnover Desk,FBV2_0113,FBV2_DOC_08_hotel_room_turnover,Hotel Room Turnover Desk,1,How should a hotel desk route room turnover issues?,hotel room turnover case 8-01 should not override linen cart count unless guest arrival window also supports the change. The stronger route comes from the combined case record.,hotel room turnover case 8-01 should not override linen cart count unless guest arrival window also supports the change. The stronger route comes from the combined case record.,,,,,,,,,,,fresh_blind_v2_human_annotation_template,,
FBV2_DOC_08_hotel_room_turnover,Hotel Room Turnover Desk,FBV2_0114,FBV2_DOC_08_hotel_room_turnover,Hotel Room Turnover Desk,2,How should a hotel desk route room turnover issues?,A later sample should compare room status board with desk decisions made after minibar seal. The check would show whether hotel room turnover case 8-02 changes the queue or only documents it.,A later sample should compare room status board with desk decisions made after minibar seal. The check would show whether hotel room turnover case 8-02 changes the queue or only documents it.,,,,,,,,,,,fresh_blind_v2_human_annotation_template,,
FBV2_DOC_08_hotel_room_turnover,Hotel Room Turnover Desk,FBV2_0115,FBV2_DOC_08_hotel_room_turnover,Hotel Room Turnover Desk,3,How should a hotel desk route room turnover issues?,"maintenance knock list can lag behind the desk conversation, so housekeeper assignment may show a fresher view of hotel room turnover case 8-03. The coordinator cannot close the file from that record alone.","maintenance knock list can lag behind the desk conversation, so housekeeper assignment may show a fresher view of hotel room turnover case 8-03. The coordinator cannot close the file from that record alone.",,,,,,,,,,,fresh_blind_v2_human_annotation_template,,
FBV2_DOC_08_hotel_room_turnover,Hotel Room Turnover Desk,FBV2_0116,FBV2_DOC_08_hotel_room_turnover,Hotel Room Turnover Desk,4,How should a hotel desk route room turnover issues?,"Map guest arrival window to inspection note, then send hotel room turnover case 8-04 to the same queue. The case remains visible until the owner confirms receipt.","Map guest arrival window to inspection note, then send hotel room turnover case 8-04 to the same queue. The case remains visible until the owner confirms receipt.",,,,,,,,,,,fresh_blind_v2_human_annotation_template,,
FBV2_DOC_08_hotel_room_turnover,Hotel Room Turnover Desk,FBV2_0117,FBV2_DOC_08_hotel_room_turnover,Hotel Room Turnover Desk,5,How should a hotel desk route room turnover issues?,The desk gains a clearer queue when minibar seal and lost property bag travel together. Separating them leaves hotel room turnover case 8-05 too much room to steer the decision.,The desk gains a clearer queue when minibar seal and lost property bag travel together. Separating them leaves hotel room turnover case 8-05 too much room to steer the decision.,,,,,,,,,,,fresh_blind_v2_human_annotation_template,,
FBV2_DOC_08_hotel_room_turnover,Hotel Room Turnover Desk,FBV2_0118,FBV2_DOC_08_hotel_room_turnover,Hotel Room Turnover Desk,6,How should a hotel desk route room turnover issues?,A caller asks about housekeeper assignment while the desk is still waiting for linen cart count. The coordinator checks hotel room turnover case 8-06 before assigning the next owner.,A caller asks about housekeeper assignment while the desk is still waiting for linen cart count. The coordinator checks hotel room turnover case 8-06 before assigning the next owner.,,,,,,,,,,,fresh_blind_v2_human_annotation_template,,
FBV2_DOC_08_hotel_room_turnover,Hotel Room Turnover Desk,FBV2_0119,FBV2_DOC_08_hotel_room_turnover,Hotel Room Turnover Desk,7,How should a hotel desk route room turnover issues?,A later sample should compare inspection note with desk decisions made after room status board. The check would show whether hotel room turnover case 8-07 changes the queue or only documents it.,A later sample should compare inspection note with desk decisions made after room status board. The check would show whether hotel room turnover case 8-07 changes the queue or only documents it.,,,,,,,,,,,fresh_blind_v2_human_annotation_template,,
FBV2_DOC_08_hotel_room_turnover,Hotel Room Turnover Desk,FBV2_0120,FBV2_DOC_08_hotel_room_turnover,Hotel Room Turnover Desk,8,How should a hotel desk route room turnover issues?,The month-end count showed lost property bag in the cases that moved before noon. Files without maintenance knock list leaned more heavily on hotel room turnover case 8-08.,The month-end count showed lost property bag in the cases that moved before noon. Files without maintenance knock list leaned more heavily on hotel room turnover case 8-08.,,,,,,,,,,,fresh_blind_v2_human_annotation_template,,
FBV2_DOC_08_hotel_room_turnover,Hotel Room Turnover Desk,FBV2_0121,FBV2_DOC_08_hotel_room_turnover,Hotel Room Turnover Desk,9,How should a hotel desk route room turnover issues?,"A clerk opens the folder with linen cart count, guest arrival window, and hotel room turnover case 8-09 on the same page. The entries orient the reader before any claim about priority appears.","A clerk opens the folder with linen cart count, guest arrival window, and hotel room turnover case 8-09 on the same page. The entries orient the reader before any claim about priority appears.",,,,,,,,,,,fresh_blind_v2_human_annotation_template,,
FBV2_DOC_08_hotel_room_turnover,Hotel Room Turnover Desk,FBV2_0122,FBV2_DOC_08_hotel_room_turnover,Hotel Room Turnover Desk,10,How should a hotel desk route room turnover issues?,The team calls room status board the visible case item built from minibar seal plus hotel room turnover case 8-10. That item is what later notes attach to.,The team calls room status board the visible case item built from minibar seal plus hotel room turnover case 8-10. That item is what later notes attach to.,,,,,,,,,,,fresh_blind_v2_human_annotation_template,,
FBV2_DOC_08_hotel_room_turnover,Hotel Room Turnover Desk,FBV2_0123,FBV2_DOC_08_hotel_room_turnover,Hotel Room Turnover Desk,11,How should a hotel desk route room turnover issues?,"The phrase maintenance knock list points to the record where housekeeper assignment and hotel room turnover case 8-11 are stored together. Staff use it only for the routing object, not for the entire service.","The phrase maintenance knock list points to the record where housekeeper assignment and hotel room turnover case 8-11 are stored together. Staff use it only for the routing object, not for the entire service.",,,,,,,,,,,fresh_blind_v2_human_annotation_template,,
FBV2_DOC_08_hotel_room_turnover,Hotel Room Turnover Desk,FBV2_0124,FBV2_DOC_08_hotel_room_turnover,Hotel Room Turnover Desk,12,How should a hotel desk route room turnover issues?,"In the weekly review, guest arrival window appeared in most reopened cases while inspection note was usually present in clean handoffs. Reviewers used hotel room turnover case 8-12 to trace the difference.","In the weekly review, guest arrival window appeared in most reopened cases while inspection note was usually present in clean handoffs. Reviewers used hotel room turnover case 8-12 to trace the difference.",,,,,,,,,,,fresh_blind_v2_human_annotation_template,,
FBV2_DOC_08_hotel_room_turnover,Hotel Room Turnover Desk,FBV2_0125,FBV2_DOC_08_hotel_room_turnover,Hotel Room Turnover Desk,13,How should a hotel desk route room turnover issues?,A late-day entry has minibar seal in the queue and lost property bag on a separate sheet. The coordinator links both to hotel room turnover case 8-13 before moving the case.,A late-day entry has minibar seal in the queue and lost property bag on a separate sheet. The coordinator links both to hotel room turnover case 8-13 before moving the case.,,,,,,,,,,,fresh_blind_v2_human_annotation_template,,
FBV2_DOC_08_hotel_room_turnover,Hotel Room Turnover Desk,FBV2_0126,FBV2_DOC_08_hotel_room_turnover,Hotel Room Turnover Desk,14,How should a hotel desk route room turnover issues?,"At shift handover, housekeeper assignment and linen cart count frame the queue that includes hotel room turnover case 8-14. The note gives the coordinator enough scene detail to place later entries.","At shift handover, housekeeper assignment and linen cart count frame the queue that includes hotel room turnover case 8-14. The note gives the coordinator enough scene detail to place later entries.",,,,,,,,,,,fresh_blind_v2_human_annotation_template,,
FBV2_DOC_08_hotel_room_turnover,Hotel Room Turnover Desk,FBV2_0127,FBV2_DOC_08_hotel_room_turnover,Hotel Room Turnover Desk,15,How should a hotel desk route room turnover issues?,inspection note cannot carry the route by itself if room status board is blank. The desk leaves hotel room turnover case 8-15 in review until another record confirms it.,inspection note cannot carry the route by itself if room status board is blank. The desk leaves hotel room turnover case 8-15 in review until another record confirms it.,,,,,,,,,,,fresh_blind_v2_human_annotation_template,,
FBV2_DOC_08_hotel_room_turnover,Hotel Room Turnover Desk,FBV2_0128,FBV2_DOC_08_hotel_room_turnover,Hotel Room Turnover Desk,16,How should a hotel desk route room turnover issues?,Match lost property bag to maintenance knock list before assigning hotel room turnover case 8-16. The queue owner signs the file after the two entries line up.,Match lost property bag to maintenance knock list before assigning hotel room turnover case 8-16. The queue owner signs the file after the two entries line up.,,,,,,,,,,,fresh_blind_v2_human_annotation_template,,
FBV2_DOC_09_recycling_contamination_audit,Recycling Contamination Audit,FBV2_0129,FBV2_DOC_09_recycling_contamination_audit,Recycling Contamination Audit,1,How should a materials crew route contamination checks?,"Map bin photo sample to driver observation card, then send recycling contamination audit case 9-01 to the same queue. The case remains visible until the owner confirms receipt.","Map bin photo sample to driver observation card, then send recycling contamination audit case 9-01 to the same queue. The case remains visible until the owner confirms receipt.",,,,,,,,,,,fresh_blind_v2_human_annotation_template,,
FBV2_DOC_09_recycling_contamination_audit,Recycling Contamination Audit,FBV2_0130,FBV2_DOC_09_recycling_contamination_audit,Recycling Contamination Audit,2,How should a materials crew route contamination checks?,"During the pilot, route tag matched the queue state more often than rejection sticker. The team used recycling contamination audit case 9-02 to confirm the pattern.","During the pilot, route tag matched the queue state more often than rejection sticker. The team used recycling contamination audit case 9-02 to confirm the pattern.",,,,,,,,,,,fresh_blind_v2_human_annotation_template,,
FBV2_DOC_09_recycling_contamination_audit,Recycling Contamination Audit,FBV2_0131,FBV2_DOC_09_recycling_contamination_audit,Recycling Contamination Audit,3,How should a materials crew route contamination checks?,The closeout review placed sorting belt note in the files that needed fewer callbacks. load weight ticket and recycling contamination audit case 9-03 explained most of the remaining delays.,The closeout review placed sorting belt note in the files that needed fewer callbacks. load weight ticket and recycling contamination audit case 9-03 explained most of the remaining delays.,,,,,,,,,,,fresh_blind_v2_human_annotation_template,,
FBV2_DOC_09_recycling_contamination_audit,Recycling Contamination Audit,FBV2_0132,FBV2_DOC_09_recycling_contamination_audit,Recycling Contamination Audit,4,How should a materials crew route contamination checks?,"Before the coordinator touches the queue, driver observation card and education leaflet batch are checked against recycling contamination audit case 9-04. The detail marks the operational setting for the case.","Before the coordinator touches the queue, driver observation card and education leaflet batch are checked against recycling contamination audit case 9-04. The detail marks the operational setting for the case.",,,,,,,,,,,fresh_blind_v2_human_annotation_template,,
FBV2_DOC_09_recycling_contamination_audit,Recycling Contamination Audit,FBV2_0133,FBV2_DOC_09_recycling_contamination_audit,Recycling Contamination Audit,5,How should a materials crew route contamination checks?,"The office can hold out files containing rejection sticker, then compare them with cases built around transfer station bay. That review would test whether recycling contamination audit case 9-05 moves earlier.","The office can hold out files containing rejection sticker, then compare them with cases built around transfer station bay. That review would test whether recycling contamination audit case 9-05 moves earlier.",,,,,,,,,,,fresh_blind_v2_human_annotation_template,,
FBV2_DOC_09_recycling_contamination_audit,Recycling Contamination Audit,FBV2_0134,FBV2_DOC_09_recycling_contamination_audit,Recycling Contamination Audit,6,How should a materials crew route contamination checks?,A coordinator should treat load weight ticket with care when bin photo sample has no matching timestamp. recycling contamination audit case 9-06 remains open until the file catches up.,A coordinator should treat load weight ticket with care when bin photo sample has no matching timestamp. recycling contamination audit case 9-06 remains open until the file catches up.,,,,,,,,,,,fresh_blind_v2_human_annotation_template,,
FBV2_DOC_09_recycling_contamination_audit,Recycling Contamination Audit,FBV2_0135,FBV2_DOC_09_recycling_contamination_audit,Recycling Contamination Audit,7,How should a materials crew route contamination checks?,education leaflet batch cannot carry the route by itself if route tag is blank. The desk leaves recycling contamination audit case 9-07 in review until another record confirms it.,education leaflet batch cannot carry the route by itself if route tag is blank. The desk leaves recycling contamination audit case 9-07 in review until another record confirms it.,,,,,,,,,,,fresh_blind_v2_human_annotation_template,,
FBV2_DOC_09_recycling_contamination_audit,Recycling Contamination Audit,FBV2_0136,FBV2_DOC_09_recycling_contamination_audit,Recycling Contamination Audit,8,How should a materials crew route contamination checks?,"The phrase transfer station bay points to the record where sorting belt note and recycling contamination audit case 9-08 are stored together. Staff use it only for the routing object, not for the entire service.","The phrase transfer station bay points to the record where sorting belt note and recycling contamination audit case 9-08 are stored together. Staff use it only for the routing object, not for the entire service.",,,,,,,,,,,fresh_blind_v2_human_annotation_template,,
FBV2_DOC_09_recycling_contamination_audit,Recycling Contamination Audit,FBV2_0137,FBV2_DOC_09_recycling_contamination_audit,Recycling Contamination Audit,9,How should a materials crew route contamination checks?,bin photo sample deserves priority only when driver observation card shows the same pressure. Otherwise recycling contamination audit case 9-09 may exaggerate the urgency of the case.,bin photo sample deserves priority only when driver observation card shows the same pressure. Otherwise recycling contamination audit case 9-09 may exaggerate the urgency of the case.,,,,,,,,,,,fresh_blind_v2_human_annotation_template,,
FBV2_DOC_09_recycling_contamination_audit,Recycling Contamination Audit,FBV2_0138,FBV2_DOC_09_recycling_contamination_audit,Recycling Contamination Audit,10,How should a materials crew route contamination checks?,rejection sticker is filed next to route tag whenever recycling contamination audit case 9-10 is active. That arrangement shows which parts of the work are already on the board.,rejection sticker is filed next to route tag whenever recycling contamination audit case 9-10 is active. That arrangement shows which parts of the work are already on the board.,,,,,,,,,,,fresh_blind_v2_human_annotation_template,,
FBV2_DOC_09_recycling_contamination_audit,Recycling Contamination Audit,FBV2_0139,FBV2_DOC_09_recycling_contamination_audit,Recycling Contamination Audit,11,How should a materials crew route contamination checks?,"For this office, sorting belt note is the case-facing reference that holds load weight ticket and recycling contamination audit case 9-11. The label stays with the file until the desk closes it.","For this office, sorting belt note is the case-facing reference that holds load weight ticket and recycling contamination audit case 9-11. The label stays with the file until the desk closes it.",,,,,,,,,,,fresh_blind_v2_human_annotation_template,,
FBV2_DOC_09_recycling_contamination_audit,Recycling Contamination Audit,FBV2_0140,FBV2_DOC_09_recycling_contamination_audit,Recycling Contamination Audit,12,How should a materials crew route contamination checks?,A routine case shows driver observation card on the morning list and education leaflet batch in the afternoon packet. recycling contamination audit case 9-12 then explains why the owner changed the lane.,A routine case shows driver observation card on the morning list and education leaflet batch in the afternoon packet. recycling contamination audit case 9-12 then explains why the owner changed the lane.,,,,,,,,,,,fresh_blind_v2_human_annotation_template,,
FBV2_DOC_09_recycling_contamination_audit,Recycling Contamination Audit,FBV2_0141,FBV2_DOC_09_recycling_contamination_audit,Recycling Contamination Audit,13,How should a materials crew route contamination checks?,A late-day entry has rejection sticker in the queue and transfer station bay on a separate sheet. The coordinator links both to recycling contamination audit case 9-13 before moving the case.,A late-day entry has rejection sticker in the queue and transfer station bay on a separate sheet. The coordinator links both to recycling contamination audit case 9-13 before moving the case.,,,,,,,,,,,fresh_blind_v2_human_annotation_template,,
FBV2_DOC_09_recycling_contamination_audit,Recycling Contamination Audit,FBV2_0142,FBV2_DOC_09_recycling_contamination_audit,Recycling Contamination Audit,14,How should a materials crew route contamination checks?,A second pass should track load weight ticket from intake to closure and record when bin photo sample appears. The team can then see whether recycling contamination audit case 9-14 predicts a route change.,A second pass should track load weight ticket from intake to closure and record when bin photo sample appears. The team can then see whether recycling contamination audit case 9-14 predicts a route change.,,,,,,,,,,,fresh_blind_v2_human_annotation_template,,
FBV2_DOC_09_recycling_contamination_audit,Recycling Contamination Audit,FBV2_0143,FBV2_DOC_09_recycling_contamination_audit,Recycling Contamination Audit,15,How should a materials crew route contamination checks?,The queue is easier to defend when education leaflet batch anchors the file and route tag narrows it. A route based on recycling contamination audit case 9-15 alone is less stable.,The queue is easier to defend when education leaflet batch anchors the file and route tag narrows it. A route based on recycling contamination audit case 9-15 alone is less stable.,,,,,,,,,,,fresh_blind_v2_human_annotation_template,,
FBV2_DOC_09_recycling_contamination_audit,Recycling Contamination Audit,FBV2_0144,FBV2_DOC_09_recycling_contamination_audit,Recycling Contamination Audit,16,How should a materials crew route contamination checks?,Move transfer station bay only after sorting belt note is present and recycling contamination audit case 9-16 has a staff owner. The desk keeps unmatched files in the open column.,Move transfer station bay only after sorting belt note is present and recycling contamination audit case 9-16 has a staff owner. The desk keeps unmatched files in the open column.,,,,,,,,,,,fresh_blind_v2_human_annotation_template,,
FBV2_DOC_10_community_sports_fixture,Community Sports Fixture Desk,FBV2_0145,FBV2_DOC_10_community_sports_fixture,Community Sports Fixture Desk,1,How should a league office route fixture and field conflicts?,A desk sample showed pitch booking sheet reducing search time when weather closure notice was also attached. community sports fixture case 10-01 was the field most often opened during review.,A desk sample showed pitch booking sheet reducing search time when weather closure notice was also attached. community sports fixture case 10-01 was the field most often opened during review.,,,,,,,,,,,fresh_blind_v2_human_annotation_template,,
FBV2_DOC_10_community_sports_fixture,Community Sports Fixture Desk,FBV2_0146,FBV2_DOC_10_community_sports_fixture,Community Sports Fixture Desk,2,How should a league office route fixture and field conflicts?,referee availability grid sits beside kit clash record at the opening desk while community sports fixture case 10-02 waits for review. Staff read the packet to understand the day before any routing choice moves.,referee availability grid sits beside kit clash record at the opening desk while community sports fixture case 10-02 waits for review. Staff read the packet to understand the day before any routing choice moves.,,,,,,,,,,,fresh_blind_v2_human_annotation_template,,
FBV2_DOC_10_community_sports_fixture,Community Sports Fixture Desk,FBV2_0147,FBV2_DOC_10_community_sports_fixture,Community Sports Fixture Desk,3,How should a league office route fixture and field conflicts?,club travel note is the table entry that carries score submission form and community sports fixture case 10-03 together. The coordinator treats the entry as one unit during handoff.,club travel note is the table entry that carries score submission form and community sports fixture case 10-03 together. The coordinator treats the entry as one unit during handoff.,,,,,,,,,,,fresh_blind_v2_human_annotation_template,,
FBV2_DOC_10_community_sports_fixture,Community Sports Fixture Desk,FBV2_0148,FBV2_DOC_10_community_sports_fixture,Community Sports Fixture Desk,4,How should a league office route fixture and field conflicts?,The desk can sample twenty files where weather closure notice and floodlight slot disagree. Reviewers would inspect whether community sports fixture case 10-04 helps choose the final lane.,The desk can sample twenty files where weather closure notice and floodlight slot disagree. Reviewers would inspect whether community sports fixture case 10-04 helps choose the final lane.,,,,,,,,,,,fresh_blind_v2_human_annotation_template,,
FBV2_DOC_10_community_sports_fixture,Community Sports Fixture Desk,FBV2_0149,FBV2_DOC_10_community_sports_fixture,Community Sports Fixture Desk,5,How should a league office route fixture and field conflicts?,A later audit should separate cases with kit clash record from cases with only appeal email. The comparison would show whether community sports fixture case 10-05 adds routing value.,A later audit should separate cases with kit clash record from cases with only appeal email. The comparison would show whether community sports fixture case 10-05 adds routing value.,,,,,,,,,,,fresh_blind_v2_human_annotation_template,,
FBV2_DOC_10_community_sports_fixture,Community Sports Fixture Desk,FBV2_0150,FBV2_DOC_10_community_sports_fixture,Community Sports Fixture Desk,6,How should a league office route fixture and field conflicts?,score submission form deserves priority only when pitch booking sheet shows the same pressure. Otherwise community sports fixture case 10-06 may exaggerate the urgency of the case.,score submission form deserves priority only when pitch booking sheet shows the same pressure. Otherwise community sports fixture case 10-06 may exaggerate the urgency of the case.,,,,,,,,,,,fresh_blind_v2_human_annotation_template,,
FBV2_DOC_10_community_sports_fixture,Community Sports Fixture Desk,FBV2_0151,FBV2_DOC_10_community_sports_fixture,Community Sports Fixture Desk,7,How should a league office route fixture and field conflicts?,"During the pilot, floodlight slot matched the queue state more often than referee availability grid. The team used community sports fixture case 10-07 to confirm the pattern.","During the pilot, floodlight slot matched the queue state more often than referee availability grid. The team used community sports fixture case 10-07 to confirm the pattern.",,,,,,,,,,,fresh_blind_v2_human_annotation_template,,
FBV2_DOC_10_community_sports_fixture,Community Sports Fixture Desk,FBV2_0152,FBV2_DOC_10_community_sports_fixture,Community Sports Fixture Desk,8,How should a league office route fixture and field conflicts?,"For this office, appeal email is the case-facing reference that holds club travel note and community sports fixture case 10-08. The label stays with the file until the desk closes it.","For this office, appeal email is the case-facing reference that holds club travel note and community sports fixture case 10-08. The label stays with the file until the desk closes it.",,,,,,,,,,,fresh_blind_v2_human_annotation_template,,
FBV2_DOC_10_community_sports_fixture,Community Sports Fixture Desk,FBV2_0153,FBV2_DOC_10_community_sports_fixture,Community Sports Fixture Desk,9,How should a league office route fixture and field conflicts?,community sports fixture case 10-09 arrives with pitch booking sheet attached and weather closure notice still unsigned. The desk keeps both items visible so the surrounding situation is clear.,community sports fixture case 10-09 arrives with pitch booking sheet attached and weather closure notice still unsigned. The desk keeps both items visible so the surrounding situation is clear.,,,,,,,,,,,fresh_blind_v2_human_annotation_template,,
FBV2_DOC_10_community_sports_fixture,Community Sports Fixture Desk,FBV2_0154,FBV2_DOC_10_community_sports_fixture,Community Sports Fixture Desk,10,How should a league office route fixture and field conflicts?,Match referee availability grid to kit clash record before assigning community sports fixture case 10-10. The queue owner signs the file after the two entries line up.,Match referee availability grid to kit clash record before assigning community sports fixture case 10-10. The queue owner signs the file after the two entries line up.,,,,,,,,,,,fresh_blind_v2_human_annotation_template,,
FBV2_DOC_10_community_sports_fixture,Community Sports Fixture Desk,FBV2_0155,FBV2_DOC_10_community_sports_fixture,Community Sports Fixture Desk,11,How should a league office route fixture and field conflicts?,"Read club travel note, verify score submission form, and route community sports fixture case 10-11 through the lane already assigned to that case. Any mismatch stays in review.","Read club travel note, verify score submission form, and route community sports fixture case 10-11 through the lane already assigned to that case. Any mismatch stays in review.",,,,,,,,,,,fresh_blind_v2_human_annotation_template,,
FBV2_DOC_10_community_sports_fixture,Community Sports Fixture Desk,FBV2_0156,FBV2_DOC_10_community_sports_fixture,Community Sports Fixture Desk,12,How should a league office route fixture and field conflicts?,A sample handoff begins with weather closure notice in place and floodlight slot missing from the packet. community sports fixture case 10-12 gives the reviewer the reason for keeping the file open.,A sample handoff begins with weather closure notice in place and floodlight slot missing from the packet. community sports fixture case 10-12 gives the reviewer the reason for keeping the file open.,,,,,,,,,,,fresh_blind_v2_human_annotation_template,,
FBV2_DOC_10_community_sports_fixture,Community Sports Fixture Desk,FBV2_0157,FBV2_DOC_10_community_sports_fixture,Community Sports Fixture Desk,13,How should a league office route fixture and field conflicts?,"kit clash record can lag behind the desk conversation, so appeal email may show a fresher view of community sports fixture case 10-13. The coordinator cannot close the file from that record alone.","kit clash record can lag behind the desk conversation, so appeal email may show a fresher view of community sports fixture case 10-13. The coordinator cannot close the file from that record alone.",,,,,,,,,,,fresh_blind_v2_human_annotation_template,,
FBV2_DOC_10_community_sports_fixture,Community Sports Fixture Desk,FBV2_0158,FBV2_DOC_10_community_sports_fixture,Community Sports Fixture Desk,14,How should a league office route fixture and field conflicts?,"One closed case includes score submission form and pitch booking sheet, but the desk later reopens it after reading community sports fixture case 10-14. The file shows how a small detail changes the lane.","One closed case includes score submission form and pitch booking sheet, but the desk later reopens it after reading community sports fixture case 10-14. The file shows how a small detail changes the lane.",,,,,,,,,,,fresh_blind_v2_human_annotation_template,,
FBV2_DOC_10_community_sports_fixture,Community Sports Fixture Desk,FBV2_0159,FBV2_DOC_10_community_sports_fixture,Community Sports Fixture Desk,15,How should a league office route fixture and field conflicts?,floodlight slot loses value when referee availability grid is copied from an older shift. The case tied to community sports fixture case 10-15 needs review before it moves.,floodlight slot loses value when referee availability grid is copied from an older shift. The case tied to community sports fixture case 10-15 needs review before it moves.,,,,,,,,,,,fresh_blind_v2_human_annotation_template,,
FBV2_DOC_10_community_sports_fixture,Community Sports Fixture Desk,FBV2_0160,FBV2_DOC_10_community_sports_fixture,Community Sports Fixture Desk,16,How should a league office route fixture and field conflicts?,Pairing appeal email with club travel note gives the coordinator a sturdier basis for judging community sports fixture case 10-16. A case routed from only one of those records is easier to misplace.,Pairing appeal email with club travel note gives the coordinator a sturdier basis for judging community sports fixture case 10-16. A case routed from only one of those records is easier to misplace.,,,,,,,,,,,fresh_blind_v2_human_annotation_template,,
