segment_id,title,text,gold_role,pred_role,gold_entities,pred_entities,entity_jaccard,entity_precision,entity_recall,entity_f1,matched_pairs,gold_operative_status,pred_operative_status,gold_relation,pred_relation,gold_answer_relevant,pred_answer_relevant,failure_pattern
FBV2_0001,Blood Bank Platelet Allocation,A second pass should track platelet expiry window from intake to closure and record when trauma cooler appears. The team can then see whether blood bank platelet allocation case 1-01 predicts a route change.,NEXT_STEP,NEXT_STEP,"[""platelet expiry window"", ""trauma cooler"", ""blood bank platelet allocation case 1-01""]","[""allocation case 1-01"", ""allocation case 1-01 predicts"", ""bank platelet allocation"", ""bank platelet allocation case"", ""blood bank platelet"", ""blood bank platelet allocation"", ""case 1-01 predicts"", ""platelet allocation case""]",0.222222,0.250000,0.666667,0.363636,"[{""gold"": ""blood bank platelet allocation case 1-01"", ""pred"": ""blood bank platelet allocation"", ""score"": 0.9245578050613403}, {""gold"": ""platelet expiry window"", ""pred"": ""blood bank platelet"", ""score"": 0.5136239528656006}]",ACTIVE,ACTIVE,proposes_next_test,proposes_next_test,YES,YES,entity_exact+entity_jaccard_lt_0.5
FBV2_0002,Blood Bank Platelet Allocation,A sample handoff begins with crossmatch tray in place and donor batch record missing from the packet. blood bank platelet allocation case 1-02 gives the reviewer the reason for keeping the file open.,EXAMPLE,EXAMPLE,"[""crossmatch tray"", ""donor batch record"", ""blood bank platelet allocation case 1-02""]","[""allocation case 1-02"", ""allocation case 1-02 gives"", ""bank platelet allocation"", ""bank platelet allocation case"", ""batch record missing"", ""blood bank platelet"", ""blood bank platelet allocation"", ""case 1-02 gives""]",0.222222,0.250000,0.666667,0.363636,"[{""gold"": ""blood bank platelet allocation case 1-02"", ""pred"": ""blood bank platelet allocation"", ""score"": 0.9198813438415527}, {""gold"": ""donor batch record"", ""pred"": ""batch record missing"", ""score"": 0.5572950839996338}]",DESCRIPTIVE,DESCRIPTIVE,gives_example,gives_example,YES,YES,entity_exact+entity_jaccard_lt_0.5
FBV2_0003,Blood Bank Platelet Allocation,"Sort oncology ward request by time, attach night courier sheet, and send blood bank platelet allocation case 1-03 to the lane with the matching staff owner. Leave disputed entries open.",METHOD,RESULT,"[""oncology ward request"", ""night courier sheet"", ""blood bank platelet allocation case 1-03""]","[""Leave disputed entries"", ""Leave disputed entries open"", ""matching staff owner Leave"", ""owner Leave disputed"", ""owner Leave disputed entries"", ""Sort oncology ward"", ""Sort oncology ward request"", ""staff owner Leave""]",0.100000,0.125000,0.333333,0.181818,"[{""gold"": ""oncology ward request"", ""pred"": ""Sort oncology ward"", ""score"": 0.8000848293304443}]",ACTIVE,DESCRIPTIVE,recommends,reports_usefulness,YES,YES,role+status+relation+entity_exact+entity_jaccard_lt_0.5
FBV2_0004,Blood Bank Platelet Allocation,"On this desk, trauma cooler is the shared reference the team checks before any reassignment. It links blood fridge log with blood bank platelet allocation case 1-04 so the same object is visible to everyone.",DEFINE,LIMITATION,"[""trauma cooler"", ""blood fridge log"", ""blood bank platelet allocation case 1-04""]","[""allocation case 1-04"", ""bank platelet allocation"", ""bank platelet allocation case"", ""blood bank platelet"", ""blood bank platelet allocation"", ""blood fridge log"", ""desk trauma cooler"", ""links blood fridge""]",0.375000,0.375000,1.000000,0.545455,"[{""gold"": ""blood fridge log"", ""pred"": ""blood fridge log"", ""score"": 1.0}, {""gold"": ""blood bank platelet allocation case 1-04"", ""pred"": ""blood bank platelet allocation"", ""score"": 0.9319548606872559}, {""gold"": ""trauma cooler"", ""pred"": ""desk trauma cooler"", ""score"": 0.8288776278495789}]",DESCRIPTIVE,LIMITED,defines,warns_about,YES,YES,role+status+relation+entity_exact+entity_jaccard_lt_0.5
FBV2_0005,Blood Bank Platelet Allocation,donor batch record sits beside compatibility hold at the opening desk while blood bank platelet allocation case 1-05 waits for review. Staff read the packet to understand the day before any routing choice moves.,BACKGROUND,BACKGROUND,"[""donor batch record"", ""compatibility hold"", ""blood bank platelet allocation case 1-05""]","[""review Staff read"", ""allocation case 1-05"", ""allocation case 1-05 waits"", ""any routing choice"", ""any routing choice moves"", ""bank platelet allocation"", ""bank platelet allocation case"", ""batch record sits""]",0.222222,0.250000,0.666667,0.363636,"[{""gold"": ""blood bank platelet allocation case 1-05"", ""pred"": ""bank platelet allocation case"", ""score"": 0.8843187689781189}, {""gold"": ""donor batch record"", ""pred"": ""batch record sits"", ""score"": 0.571027398109436}]",DESCRIPTIVE,DESCRIPTIVE,sets_context,sets_context,MAYBE,MAYBE,entity_exact+entity_jaccard_lt_0.5
FBV2_0006,Blood Bank Platelet Allocation,A coordinator should treat night courier sheet with care when platelet expiry window has no matching timestamp. blood bank platelet allocation case 1-06 remains open until the file catches up.,LIMITATION,LIMITATION,"[""night courier sheet"", ""platelet expiry window"", ""blood bank platelet allocation case 1-06""]","[""1-06 remains open"", ""1-06 remains open until"", ""allocation case 1-06"", ""allocation case 1-06 remains"", ""bank platelet allocation"", ""bank platelet allocation case"", ""blood bank platelet"", ""blood bank platelet allocation""]",0.222222,0.250000,0.666667,0.363636,"[{""gold"": ""blood bank platelet allocation case 1-06"", ""pred"": ""blood bank platelet allocation"", ""score"": 0.9135308861732483}, {""gold"": ""platelet expiry window"", ""pred"": ""blood bank platelet"", ""score"": 0.5136239528656006}]",LIMITED,LIMITED,warns_about,warns_about,YES,YES,entity_exact+entity_jaccard_lt_0.5
FBV2_0007,Blood Bank Platelet Allocation,A desk sample showed blood fridge log reducing search time when crossmatch tray was also attached. blood bank platelet allocation case 1-07 was the field most often opened during review.,RESULT,RESULT,"[""blood fridge log"", ""crossmatch tray"", ""blood bank platelet allocation case 1-07""]","[""allocation case 1-07"", ""allocation case 1-07 was"", ""also attached blood"", ""also attached blood bank"", ""attached blood bank"", ""attached blood bank platelet"", ""bank platelet allocation"", ""bank platelet allocation case""]",0.100000,0.125000,0.333333,0.181818,"[{""gold"": ""blood bank platelet allocation case 1-07"", ""pred"": ""bank platelet allocation case"", ""score"": 0.8886396288871765}]",DESCRIPTIVE,DESCRIPTIVE,supports_retrieval,reports_usefulness,YES,YES,relation+entity_exact+entity_jaccard_lt_0.5
FBV2_0008,Blood Bank Platelet Allocation,The safer choice comes from reading compatibility hold beside oncology ward request. Treating blood bank platelet allocation case 1-08 alone as decisive makes the handoff weaker.,CLAIM,CLAIM,"[""compatibility hold"", ""oncology ward request"", ""blood bank platelet allocation case 1-08""]","[""compatibility hold"", ""oncology ward request"", ""blood bank"", ""platelet allocation case 1-08""]",0.750000,0.750000,1.000000,0.857143,"[{""gold"": ""compatibility hold"", ""pred"": ""compatibility hold"", ""score"": 1.0}, {""gold"": ""oncology ward request"", ""pred"": ""oncology ward request"", ""score"": 1.0}, {""gold"": ""blood bank platelet allocation case 1-08"", ""pred"": ""platelet allocation case 1-08"", ""score"": 0.8459218740463257}]",NEGATED,ACTIVE,asserts,asserts,YES,YES,status+entity_exact
FBV2_0009,Blood Bank Platelet Allocation,"One Tuesday file carries platelet expiry window, trauma cooler, and a late note about blood bank platelet allocation case 1-09. The desk uses that mix to show how a small mismatch changes routing.",EXAMPLE,EXAMPLE,"[""platelet expiry window"", ""trauma cooler"", ""blood bank platelet allocation case 1-09""]","[""One Tuesday file"", ""One Tuesday file carries"", ""Tuesday file carries"", ""Tuesday file carries platelet"", ""about blood bank"", ""about blood bank platelet"", ""allocation case 1-09"", ""bank platelet allocation""]",0.100000,0.125000,0.333333,0.181818,"[{""gold"": ""blood bank platelet allocation case 1-09"", ""pred"": ""about blood bank platelet"", ""score"": 0.8519082069396973}]",DESCRIPTIVE,DESCRIPTIVE,gives_example,gives_example,YES,YES,entity_exact+entity_jaccard_lt_0.5
FBV2_0010,Blood Bank Platelet Allocation,"First compare crossmatch tray with donor batch record, then place blood bank platelet allocation case 1-10 in the matching queue. If the two records disagree, hold the case for desk review.",METHOD,METHOD,"[""crossmatch tray"", ""donor batch record"", ""blood bank platelet allocation case 1-10""]","[""First compare crossmatch"", ""First compare crossmatch tray"", ""allocation case 1-10"", ""bank platelet allocation"", ""bank platelet allocation case"", ""blood bank platelet"", ""blood bank platelet allocation"", ""compare crossmatch tray""]",0.222222,0.250000,0.666667,0.363636,"[{""gold"": ""blood bank platelet allocation case 1-10"", ""pred"": ""blood bank platelet allocation"", ""score"": 0.9372384548187256}, {""gold"": ""crossmatch tray"", ""pred"": ""First compare crossmatch tray"", ""score"": 0.9075309634208679}]",ACTIVE,ACTIVE,requires,recommends,YES,YES,relation+entity_exact+entity_jaccard_lt_0.5
FBV2_0011,Blood Bank Platelet Allocation,A sample of closed files showed oncology ward request missing from several late cases. The same sample had night courier sheet and blood bank platelet allocation case 1-11 in the files that moved cleanly.,RESULT,RESULT,"[""oncology ward request"", ""night courier sheet"", ""blood bank platelet allocation case 1-11""]","[""allocation case 1-11"", ""bank platelet allocation"", ""bank platelet allocation case"", ""blood bank platelet"", ""blood bank platelet allocation"", ""closed files showed"", ""closed files showed oncology"", ""files showed oncology""]",0.222222,0.250000,0.666667,0.363636,"[{""gold"": ""blood bank platelet allocation case 1-11"", ""pred"": ""blood bank platelet allocation"", ""score"": 0.9090244174003601}, {""gold"": ""oncology ward request"", ""pred"": ""files showed oncology"", ""score"": 0.5402164459228516}]",DESCRIPTIVE,DESCRIPTIVE,supports_retrieval,reports_usefulness,YES,YES,relation+entity_exact+entity_jaccard_lt_0.5
FBV2_0012,Blood Bank Platelet Allocation,The desk can misread trauma cooler when blood fridge log arrives late. blood bank platelet allocation case 1-12 stays provisional while the two records are reconciled.,LIMITATION,LIMITATION,"[""trauma cooler"", ""blood fridge log"", ""blood bank platelet allocation case 1-12""]","[""1-12 stays provisional"", ""1-12 stays provisional while"", ""allocation case 1-12"", ""allocation case 1-12 stays"", ""arrives late blood"", ""arrives late blood bank"", ""bank platelet allocation"", ""bank platelet allocation case""]",0.100000,0.125000,0.333333,0.181818,"[{""gold"": ""blood bank platelet allocation case 1-12"", ""pred"": ""bank platelet allocation case"", ""score"": 0.8750494122505188}]",LIMITED,LIMITED,warns_about,warns_about,YES,YES,entity_exact+entity_jaccard_lt_0.5
FBV2_0013,Blood Bank Platelet Allocation,A follow-up table should pair donor batch record with the owner who handled compatibility hold. That table would show whether blood bank platelet allocation case 1-13 belongs earlier in the queue.,NEXT_STEP,NEXT_STEP,"[""donor batch record"", ""compatibility hold"", ""blood bank platelet allocation case 1-13""]","[""1-13 belongs earlier"", ""allocation case 1-13"", ""allocation case 1-13 belongs"", ""bank platelet allocation"", ""bank platelet allocation case"", ""blood bank platelet"", ""blood bank platelet allocation"", ""case 1-13 belongs""]",0.100000,0.125000,0.333333,0.181818,"[{""gold"": ""blood bank platelet allocation case 1-13"", ""pred"": ""blood bank platelet allocation"", ""score"": 0.904273509979248}]",ACTIVE,ACTIVE,proposes_next_test,proposes_next_test,YES,YES,entity_exact+entity_jaccard_lt_0.5
FBV2_0014,Blood Bank Platelet Allocation,"At shift handover, night courier sheet and platelet expiry window frame the queue that includes blood bank platelet allocation case 1-14. The note gives the coordinator enough scene detail to place later entries.",BACKGROUND,BACKGROUND,"[""night courier sheet"", ""platelet expiry window"", ""blood bank platelet allocation case 1-14""]","[""allocation case 1-14"", ""bank platelet allocation"", ""bank platelet allocation case"", ""blood bank platelet"", ""blood bank platelet allocation"", ""coordinator enough scene"", ""coordinator enough scene detail"", ""enough scene detail""]",0.222222,0.250000,0.666667,0.363636,"[{""gold"": ""blood bank platelet allocation case 1-14"", ""pred"": ""blood bank platelet allocation"", ""score"": 0.9130100607872009}, {""gold"": ""platelet expiry window"", ""pred"": ""blood bank platelet"", ""score"": 0.5136239528656006}]",DESCRIPTIVE,DESCRIPTIVE,sets_context,sets_context,MAYBE,MAYBE,entity_exact+entity_jaccard_lt_0.5
FBV2_0015,Blood Bank Platelet Allocation,A coordinator can trust blood fridge log more when crossmatch tray matches the same timeline. That pairing keeps blood bank platelet allocation case 1-15 from becoming the sole signal.,CLAIM,CLAIM,"[""blood fridge log"", ""crossmatch tray"", ""blood bank platelet allocation case 1-15""]","[""allocation case 1-15"", ""bank platelet allocation"", ""bank platelet allocation case"", ""blood bank platelet"", ""blood bank platelet allocation"", ""blood fridge log"", ""blood fridge log more"", ""can trust blood""]",0.222222,0.250000,0.666667,0.363636,"[{""gold"": ""blood fridge log"", ""pred"": ""blood fridge log"", ""score"": 1.0}, {""gold"": ""blood bank platelet allocation case 1-15"", ""pred"": ""blood bank platelet allocation"", ""score"": 0.9121875762939453}]",ACTIVE,ACTIVE,asserts,asserts,YES,YES,entity_exact+entity_jaccard_lt_0.5
FBV2_0016,Blood Bank Platelet Allocation,"The phrase compatibility hold points to the record where oncology ward request and blood bank platelet allocation case 1-16 are stored together. Staff use it only for the routing object, not for the entire service.",DEFINE,DEFINE,"[""compatibility hold"", ""oncology ward request"", ""blood bank platelet allocation case 1-16""]","[""stored together Staff"", ""allocation case 1-16"", ""bank platelet allocation"", ""bank platelet allocation case"", ""blood bank platelet"", ""blood bank platelet allocation"", ""compatibility hold points"", ""oncology ward request""]",0.375000,0.375000,1.000000,0.545455,"[{""gold"": ""oncology ward request"", ""pred"": ""oncology ward request"", ""score"": 1.0}, {""gold"": ""blood bank platelet allocation case 1-16"", ""pred"": ""blood bank platelet allocation"", ""score"": 0.9188919067382812}, {""gold"": ""compatibility hold"", ""pred"": ""compatibility hold points"", ""score"": 0.8478543758392334}]",DESCRIPTIVE,DESCRIPTIVE,defines,defines,YES,YES,entity_exact+entity_jaccard_lt_0.5
FBV2_0017,Interlibrary Loan Queue,Reviewers counted more timely handoffs when request slip was checked before copyright page count. The audit trail pointed back to library interlibrary loan case 2-01 on the disputed cases.,RESULT,RESULT,"[""request slip"", ""copyright page count"", ""library interlibrary loan case 2-01""]","[""Reviewers counted more"", ""Reviewers counted more timely"", ""audit trail pointed"", ""audit trail pointed back"", ""copyright page count"", ""counted more timely"", ""counted more timely handoffs"", ""interlibrary loan case""]",0.222222,0.250000,0.666667,0.363636,"[{""gold"": ""copyright page count"", ""pred"": ""copyright page count"", ""score"": 1.0000001192092896}, {""gold"": ""library interlibrary loan case 2-01"", ""pred"": ""interlibrary loan case"", ""score"": 0.8672762513160706}]",DESCRIPTIVE,DESCRIPTIVE,supports_retrieval,reports_usefulness,YES,YES,relation+entity_exact+entity_jaccard_lt_0.5
FBV2_0018,Interlibrary Loan Queue,lending library notice loses value when patron pickup shelf is copied from an older shift. The case tied to library interlibrary loan case 2-02 needs review before it moves.,LIMITATION,LIMITATION,"[""lending library notice"", ""patron pickup shelf"", ""library interlibrary loan case 2-02""]","[""2-02 needs review"", ""case 2-02 needs"", ""case 2-02 needs review"", ""interlibrary loan case"", ""interlibrary loan case 2-02"", ""lending library notice"", ""lending library notice loses"", ""library interlibrary loan""]",0.222222,0.250000,0.666667,0.363636,"[{""gold"": ""lending library notice"", ""pred"": ""lending library notice"", ""score"": 1.0}, {""gold"": ""library interlibrary loan case 2-02"", ""pred"": ""library interlibrary loan"", ""score"": 0.9084327220916748}]",LIMITED,LIMITED,warns_about,warns_about,YES,YES,entity_exact+entity_jaccard_lt_0.5
FBV2_0019,Interlibrary Loan Queue,"One file has scanner station arriving before shipping label, while library interlibrary loan case 2-03 remains unsigned. The coordinator keeps the case open until the two desk records match.",EXAMPLE,METHOD,"[""scanner station"", ""shipping label"", ""library interlibrary loan case 2-03""]","[""2-03 remains unsigned"", ""case 2-03 remains"", ""case 2-03 remains unsigned"", ""case open until"", ""desk records match"", ""interlibrary loan case"", ""interlibrary loan case 2-03"", ""label while library""]",0.100000,0.125000,0.333333,0.181818,"[{""gold"": ""library interlibrary loan case 2-03"", ""pred"": ""interlibrary loan case 2-03"", ""score"": 0.8803846836090088}]",DESCRIPTIVE,ACTIVE,gives_example,recommends,YES,YES,role+status+relation+entity_exact+entity_jaccard_lt_0.5
FBV2_0020,Interlibrary Loan Queue,A desk sample showed copyright page count reducing search time when journal issue record was also attached. library interlibrary loan case 2-04 was the field most often opened during review.,RESULT,RESULT,"[""copyright page count"", ""journal issue record"", ""library interlibrary loan case 2-04""]","[""also attached library"", ""also attached library interlibrary"", ""attached library interlibrary"", ""attached library interlibrary loan"", ""case 2-04 was"", ""copyright page count"", ""copyright page count reducing"", ""count reducing search""]",0.222222,0.250000,0.666667,0.363636,"[{""gold"": ""copyright page count"", ""pred"": ""copyright page count"", ""score"": 1.0000001192092896}, {""gold"": ""library interlibrary loan case 2-04"", ""pred"": ""attached library interlibrary loan"", ""score"": 0.9034464359283447}]",DESCRIPTIVE,DESCRIPTIVE,reports_usefulness,reports_usefulness,YES,YES,entity_exact+entity_jaccard_lt_0.5
FBV2_0021,Interlibrary Loan Queue,"The phrase patron pickup shelf points to the record where renewal hold and library interlibrary loan case 2-05 are stored together. Staff use it only for the routing object, not for the entire service.",DEFINE,DEFINE,"[""patron pickup shelf"", ""renewal hold"", ""library interlibrary loan case 2-05""]","[""stored together Staff"", ""interlibrary loan case"", ""interlibrary loan case 2-05"", ""library interlibrary loan"", ""library interlibrary loan case"", ""loan case 2-05"", ""patron pickup shelf"", ""patron pickup shelf points""]",0.222222,0.250000,0.666667,0.363636,"[{""gold"": ""patron pickup shelf"", ""pred"": ""patron pickup shelf"", ""score"": 1.0000001192092896}, {""gold"": ""library interlibrary loan case 2-05"", ""pred"": ""library interlibrary loan case"", ""score"": 0.9594689607620239}]",DESCRIPTIVE,DESCRIPTIVE,defines,defines,YES,YES,entity_exact+entity_jaccard_lt_0.5
FBV2_0022,Interlibrary Loan Queue,"Map shipping label to request slip, then send library interlibrary loan case 2-06 to the same queue. The case remains visible until the owner confirms receipt.",METHOD,METHOD,"[""shipping label"", ""request slip"", ""library interlibrary loan case 2-06""]","[""Map shipping label"", ""case remains visible"", ""case remains visible until"", ""interlibrary loan case"", ""interlibrary loan case 2-06"", ""library interlibrary loan"", ""library interlibrary loan case"", ""loan case 2-06""]",0.222222,0.250000,0.666667,0.363636,"[{""gold"": ""library interlibrary loan case 2-06"", ""pred"": ""library interlibrary loan case"", ""score"": 0.9508876204490662}, {""gold"": ""shipping label"", ""pred"": ""Map shipping label"", ""score"": 0.8245375156402588}]",ACTIVE,ACTIVE,recommends,maps_to,YES,YES,relation+entity_exact+entity_jaccard_lt_0.5
FBV2_0023,Interlibrary Loan Queue,lending library notice is filed next to journal issue record whenever library interlibrary loan case 2-07 is active. That arrangement shows which parts of the work are already on the board.,BACKGROUND,CLAIM,"[""journal issue record"", ""lending library notice"", ""library interlibrary loan case 2-07""]","[""lending library notice"", ""journal issue record"", ""interlibrary loan case 2-07""]",1.000000,1.000000,1.000000,1.000000,"[{""gold"": ""journal issue record"", ""pred"": ""journal issue record"", ""score"": 1.0}, {""gold"": ""lending library notice"", ""pred"": ""lending library notice"", ""score"": 1.0}, {""gold"": ""library interlibrary loan case 2-07"", ""pred"": ""interlibrary loan case 2-07"", ""score"": 0.8794324994087219}]",DESCRIPTIVE,ACTIVE,sets_context,asserts,MAYBE,YES,role+status+relation+answer
FBV2_0024,Interlibrary Loan Queue,A caller asks about renewal hold while the desk is still waiting for scanner station. The coordinator checks library interlibrary loan case 2-08 before assigning the next owner.,EXAMPLE,EXAMPLE,"[""renewal hold"", ""scanner station"", ""library interlibrary loan case 2-08""]","[""about renewal hold"", ""about renewal hold while"", ""asks about renewal"", ""asks about renewal hold"", ""caller asks about"", ""caller asks about renewal"", ""checks library interlibrary"", ""checks library interlibrary loan""]",0.222222,0.250000,0.666667,0.363636,"[{""gold"": ""renewal hold"", ""pred"": ""about renewal hold"", ""score"": 0.9694298505783081}, {""gold"": ""library interlibrary loan case 2-08"", ""pred"": ""checks library interlibrary loan"", ""score"": 0.7221536040306091}]",DESCRIPTIVE,DESCRIPTIVE,gives_example,gives_example,YES,YES,entity_exact+entity_jaccard_lt_0.5
FBV2_0025,Interlibrary Loan Queue,The team can run a two-week check on request slip and record how often copyright page count changes the decision. library interlibrary loan case 2-09 should be logged before and after the desk action.,NEXT_STEP,RESULT,"[""request slip"", ""copyright page count"", ""library interlibrary loan case 2-09""]","[""copyright page count"", ""copyright page count changes"", ""decision library interlibrary"", ""decision library interlibrary loan"", ""how often copyright"", ""how often copyright page"", ""interlibrary loan case"", ""interlibrary loan case 2-09""]",0.222222,0.250000,0.666667,0.363636,"[{""gold"": ""copyright page count"", ""pred"": ""copyright page count"", ""score"": 1.0000001192092896}, {""gold"": ""library interlibrary loan case 2-09"", ""pred"": ""interlibrary loan case 2-09"", ""score"": 0.87713223695755}]",ACTIVE,DESCRIPTIVE,proposes_next_test,reports_usefulness,YES,YES,role+status+relation+entity_exact+entity_jaccard_lt_0.5
FBV2_0026,Interlibrary Loan Queue,The desk gains a clearer queue when lending library notice and patron pickup shelf travel together. Separating them leaves library interlibrary loan case 2-10 too much room to steer the decision.,CLAIM,CLAIM,"[""lending library notice"", ""patron pickup shelf"", ""library interlibrary loan case 2-10""]","[""Separating them leaves"", ""Separating them leaves library"", ""shelf travel together Separating"", ""together Separating them"", ""together Separating them leaves"", ""travel together Separating"", ""travel together Separating them"", ""2-10 too much""]",0.000000,0.000000,0.000000,0.000000,[],ACTIVE,ACTIVE,asserts,asserts,YES,YES,entity_exact+entity_jaccard_lt_0.5
FBV2_0027,Interlibrary Loan Queue,"At shift handover, scanner station and shipping label frame the queue that includes library interlibrary loan case 2-11. The note gives the coordinator enough scene detail to place later entries.",BACKGROUND,BACKGROUND,"[""scanner station"", ""shipping label"", ""library interlibrary loan case 2-11""]","[""coordinator enough scene"", ""coordinator enough scene detail"", ""enough scene detail"", ""handover scanner station"", ""includes library interlibrary"", ""includes library interlibrary loan"", ""interlibrary loan case"", ""interlibrary loan case 2-11""]",0.222222,0.250000,0.666667,0.363636,"[{""gold"": ""library interlibrary loan case 2-11"", ""pred"": ""interlibrary loan case 2-11"", ""score"": 0.8763757348060608}, {""gold"": ""scanner station"", ""pred"": ""handover scanner station"", ""score"": 0.7913804054260254}]",DESCRIPTIVE,DESCRIPTIVE,sets_context,sets_context,MAYBE,MAYBE,entity_exact+entity_jaccard_lt_0.5
FBV2_0028,Interlibrary Loan Queue,"Within the office, copyright page count is the working label for a case bundle containing journal issue record and library interlibrary loan case 2-12. It is narrower than the whole daily queue.",DEFINE,DEFINE,"[""copyright page count"", ""journal issue record"", ""library interlibrary loan case 2-12""]","[""bundle containing journal"", ""bundle containing journal issue"", ""case bundle containing"", ""case bundle containing journal"", ""containing journal issue"", ""containing journal issue record"", ""copyright page count"", ""interlibrary loan case""]",0.375000,0.375000,1.000000,0.545455,"[{""gold"": ""copyright page count"", ""pred"": ""copyright page count"", ""score"": 1.0000001192092896}, {""gold"": ""journal issue record"", ""pred"": ""containing journal issue record"", ""score"": 0.946706235408783}, {""gold"": ""library interlibrary loan case 2-12"", ""pred"": ""interlibrary loan case"", ""score"": 0.8493101596832275}]",DESCRIPTIVE,DESCRIPTIVE,defines,defines,YES,YES,entity_exact+entity_jaccard_lt_0.5
FBV2_0029,Interlibrary Loan Queue,The safer choice comes from reading patron pickup shelf beside renewal hold. Treating library interlibrary loan case 2-13 alone as decisive makes the handoff weaker.,CLAIM,CLAIM,"[""patron pickup shelf"", ""renewal hold"", ""library interlibrary loan case 2-13""]","[""beside renewal hold Treating"", ""hold Treating library"", ""hold Treating library interlibrary"", ""renewal hold Treating"", ""renewal hold Treating library"", ""Treating library interlibrary"", ""Treating library interlibrary loan"", ""beside renewal hold""]",0.222222,0.250000,0.666667,0.363636,"[{""gold"": ""renewal hold"", ""pred"": ""beside renewal hold"", ""score"": 0.9017155170440674}, {""gold"": ""library interlibrary loan case 2-13"", ""pred"": ""Treating library interlibrary loan"", ""score"": 0.8514450192451477}]",ACTIVE,ACTIVE,asserts,asserts,YES,YES,entity_exact+entity_jaccard_lt_0.5
FBV2_0030,Interlibrary Loan Queue,"Map shipping label to request slip, then send library interlibrary loan case 2-14 to the same queue. The case remains visible until the owner confirms receipt.",METHOD,METHOD,"[""shipping label"", ""request slip"", ""library interlibrary loan case 2-14""]","[""Map shipping label"", ""case remains visible"", ""case remains visible until"", ""interlibrary loan case"", ""interlibrary loan case 2-14"", ""library interlibrary loan"", ""library interlibrary loan case"", ""loan case 2-14""]",0.222222,0.250000,0.666667,0.363636,"[{""gold"": ""library interlibrary loan case 2-14"", ""pred"": ""library interlibrary loan case"", ""score"": 0.9546996355056763}, {""gold"": ""shipping label"", ""pred"": ""Map shipping label"", ""score"": 0.8245375156402588}]",ACTIVE,ACTIVE,maps_to,maps_to,YES,YES,entity_exact+entity_jaccard_lt_0.5
FBV2_0031,Interlibrary Loan Queue,"A file can look complete when journal issue record is present, yet lending library notice may still be missing. That gap keeps library interlibrary loan case 2-15 from being final.",LIMITATION,LIMITATION,"[""journal issue record"", ""lending library notice"", ""library interlibrary loan case 2-15""]","[""can look complete"", ""file can look"", ""file can look complete"", ""gap keeps library"", ""gap keeps library interlibrary"", ""interlibrary loan case"", ""interlibrary loan case 2-15"", ""journal issue record""]",0.375000,0.375000,1.000000,0.545455,"[{""gold"": ""journal issue record"", ""pred"": ""journal issue record"", ""score"": 1.0}, {""gold"": ""library interlibrary loan case 2-15"", ""pred"": ""interlibrary loan case 2-15"", ""score"": 0.8759337067604065}, {""gold"": ""lending library notice"", ""pred"": ""interlibrary loan case"", ""score"": 0.5299259424209595}]",NEGATED,LIMITED,limits,warns_about,YES,YES,status+relation+entity_exact+entity_jaccard_lt_0.5
FBV2_0032,Interlibrary Loan Queue,A later audit should separate cases with renewal hold from cases with only scanner station. The comparison would show whether library interlibrary loan case 2-16 adds routing value.,NEXT_STEP,NEXT_STEP,"[""renewal hold"", ""scanner station"", ""library interlibrary loan case 2-16""]","[""2-16 adds routing"", ""2-16 adds routing value"", ""adds routing value"", ""cases"", ""case 2-16 adds"", ""case 2-16 adds routing"", ""comparison would show"", ""comparison would show whether""]",0.000000,0.000000,0.000000,0.000000,[],ACTIVE,ACTIVE,proposes_next_test,proposes_next_test,YES,YES,entity_exact+entity_jaccard_lt_0.5
FBV2_0033,Emergency Shelter Intake,A coordinator can trust intake form more when transport voucher matches the same timeline. That pairing keeps emergency shelter intake case 3-01 from becoming the sole signal.,CLAIM,CLAIM,"[""intake form"", ""transport voucher"", ""emergency shelter intake case 3-01""]","[""can trust intake"", ""can trust intake form"", ""coordinator can trust"", ""coordinator can trust intake"", ""emergency shelter intake"", ""emergency shelter intake case"", ""intake case 3-01"", ""intake form more""]",0.222222,0.250000,0.666667,0.363636,"[{""gold"": ""emergency shelter intake case 3-01"", ""pred"": ""emergency shelter intake case"", ""score"": 0.9251219034194946}, {""gold"": ""intake form"", ""pred"": ""intake form more"", ""score"": 0.8684461116790771}]",ACTIVE,ACTIVE,asserts,asserts,YES,YES,entity_exact+entity_jaccard_lt_0.5
FBV2_0034,Emergency Shelter Intake,The office log pairs family room list with bed turnover sheet because emergency shelter intake case 3-02 often changes during the day. This record sets the working scene for the later decision.,BACKGROUND,LIMITATION,"[""family room list"", ""bed turnover sheet"", ""emergency shelter intake case 3-02""]","[""day This record"", ""day This record sets"", ""This record sets"", ""3-02 often changes"", ""3-02 often changes during"", ""because emergency shelter"", ""because emergency shelter intake"", ""bed turnover sheet""]",0.222222,0.250000,0.666667,0.363636,"[{""gold"": ""bed turnover sheet"", ""pred"": ""bed turnover sheet"", ""score"": 1.0000001192092896}, {""gold"": ""emergency shelter intake case 3-02"", ""pred"": ""because emergency shelter intake"", ""score"": 0.5414342880249023}]",DESCRIPTIVE,LIMITED,sets_context,warns_about,MAYBE,YES,role+status+relation+answer+entity_exact+entity_jaccard_lt_0.5
FBV2_0035,Emergency Shelter Intake,"Map pet accommodation note to caseworker callback, then send emergency shelter intake case 3-03 to the same queue. The case remains visible until the owner confirms receipt.",METHOD,METHOD,"[""pet accommodation note"", ""caseworker callback"", ""emergency shelter intake case 3-03""]","[""Map pet accommodation"", ""Map pet accommodation note"", ""case remains visible"", ""case remains visible until"", ""emergency shelter intake"", ""emergency shelter intake case"", ""intake case 3-03"", ""Map pet""]",0.222222,0.250000,0.666667,0.363636,"[{""gold"": ""emergency shelter intake case 3-03"", ""pred"": ""emergency shelter intake case"", ""score"": 0.9289045333862305}, {""gold"": ""pet accommodation note"", ""pred"": ""Map pet accommodation note"", ""score"": 0.8342140913009644}]",ACTIVE,ACTIVE,recommends,maps_to,YES,YES,relation+entity_exact+entity_jaccard_lt_0.5
FBV2_0036,Emergency Shelter Intake,The desk can sample twenty files where transport voucher and meal token drawer disagree. Reviewers would inspect whether emergency shelter intake case 3-04 helps choose the final lane.,NEXT_STEP,NEXT_STEP,"[""transport voucher"", ""meal token drawer"", ""emergency shelter intake case 3-04""]","[""disagree Reviewers would"", ""disagree Reviewers would inspect"", ""drawer disagree Reviewers"", ""drawer disagree Reviewers would"", ""Reviewers would inspect"", ""Reviewers would inspect whether"", ""token drawer disagree Reviewers"", ""3-04 helps choose""]",0.100000,0.125000,0.333333,0.181818,"[{""gold"": ""meal token drawer"", ""pred"": ""token drawer disagree Reviewers"", ""score"": 0.524675726890564}]",ACTIVE,ACTIVE,proposes_next_test,proposes_next_test,YES,YES,entity_exact+entity_jaccard_lt_0.5
FBV2_0037,Emergency Shelter Intake,A later audit should separate cases with bed turnover sheet from cases with only quiet room request. The comparison would show whether emergency shelter intake case 3-05 adds routing value.,NEXT_STEP,NEXT_STEP,"[""bed turnover sheet"", ""quiet room request"", ""emergency shelter intake case 3-05""]","[""3-05 adds routing"", ""3-05 adds routing value"", ""adds routing value"", ""bed turnover sheet"", ""cases"", ""case 3-05 adds"", ""case 3-05 adds routing"", ""comparison would show""]",0.100000,0.125000,0.333333,0.181818,"[{""gold"": ""bed turnover sheet"", ""pred"": ""bed turnover sheet"", ""score"": 1.0000001192092896}]",ACTIVE,ACTIVE,proposes_next_test,proposes_next_test,YES,YES,entity_exact+entity_jaccard_lt_0.5
FBV2_0038,Emergency Shelter Intake,Reviewers counted more timely handoffs when caseworker callback was checked before intake form. The audit trail pointed back to emergency shelter intake case 3-06 on the disputed cases.,RESULT,RESULT,"[""caseworker callback"", ""intake form"", ""emergency shelter intake case 3-06""]","[""Reviewers counted more"", ""Reviewers counted more timely"", ""audit trail pointed"", ""audit trail pointed back"", ""callback was checked"", ""caseworker callback was"", ""caseworker callback was checked"", ""counted more timely""]",0.100000,0.125000,0.333333,0.181818,"[{""gold"": ""caseworker callback"", ""pred"": ""caseworker callback was"", ""score"": 0.9204211831092834}]",DESCRIPTIVE,DESCRIPTIVE,reports_usefulness,reports_usefulness,YES,YES,entity_exact+entity_jaccard_lt_0.5
FBV2_0040,Emergency Shelter Intake,quiet room request is the table entry that carries pet accommodation note and emergency shelter intake case 3-08 together. The coordinator treats the entry as one unit during handoff.,DEFINE,DEFINE,"[""quiet room request"", ""pet accommodation note"", ""emergency shelter intake case 3-08""]","[""carries pet accommodation"", ""carries pet accommodation note"", ""case 3-08 together"", ""emergency shelter intake"", ""emergency shelter intake case"", ""intake case 3-08"", ""intake case 3-08 together"", ""one unit during""]",0.222222,0.250000,0.666667,0.363636,"[{""gold"": ""emergency shelter intake case 3-08"", ""pred"": ""emergency shelter intake case"", ""score"": 0.9302617311477661}, {""gold"": ""pet accommodation note"", ""pred"": ""carries pet accommodation note"", ""score"": 0.9131044745445251}]",DESCRIPTIVE,DESCRIPTIVE,defines,defines,YES,YES,entity_exact+entity_jaccard_lt_0.5
FBV2_0041,Emergency Shelter Intake,A routine case shows intake form on the morning list and transport voucher in the afternoon packet. emergency shelter intake case 3-09 then explains why the owner changed the lane.,EXAMPLE,EXAMPLE,"[""intake form"", ""transport voucher"", ""emergency shelter intake case 3-09""]","[""afternoon packet emergency"", ""afternoon packet emergency shelter"", ""case shows intake"", ""case shows intake form"", ""emergency shelter intake"", ""emergency shelter intake case"", ""intake case 3-09"", ""packet emergency shelter""]",0.222222,0.250000,0.666667,0.363636,"[{""gold"": ""emergency shelter intake case 3-09"", ""pred"": ""emergency shelter intake case"", ""score"": 0.9242430925369263}, {""gold"": ""intake form"", ""pred"": ""case shows intake form"", ""score"": 0.7211586236953735}]",DESCRIPTIVE,DESCRIPTIVE,gives_example,gives_example,YES,YES,entity_exact+entity_jaccard_lt_0.5
FBV2_0042,Emergency Shelter Intake,"family room list can lag behind the desk conversation, so bed turnover sheet may show a fresher view of emergency shelter intake case 3-10. The coordinator cannot close the file from that record alone.",LIMITATION,LIMITATION,"[""family room list"", ""bed turnover sheet"", ""emergency shelter intake case 3-10""]","[""bed turnover sheet"", ""emergency shelter intake case 3-10"", ""family room list""]",1.000000,1.000000,1.000000,1.000000,"[{""gold"": ""bed turnover sheet"", ""pred"": ""bed turnover sheet"", ""score"": 1.0000001192092896}, {""gold"": ""emergency shelter intake case 3-10"", ""pred"": ""emergency shelter intake case 3-10"", ""score"": 1.0000001192092896}, {""gold"": ""family room list"", ""pred"": ""family room list"", ""score"": 1.0000001192092896}]",LIMITED,NEGATED,warns_about,limits,YES,YES,status+relation
FBV2_0043,Emergency Shelter Intake,"One Tuesday file carries pet accommodation note, caseworker callback, and a late note about emergency shelter intake case 3-11. The desk uses that mix to show how a small mismatch changes routing.",EXAMPLE,EXAMPLE,"[""pet accommodation note"", ""caseworker callback"", ""emergency shelter intake case 3-11""]","[""Tuesday file"", ""pet accommodation note"", ""caseworker callback"", ""late note"", ""emergency shelter intake case 3-11""]",0.600000,0.600000,1.000000,0.750000,"[{""gold"": ""caseworker callback"", ""pred"": ""caseworker callback"", ""score"": 1.0000001192092896}, {""gold"": ""emergency shelter intake case 3-11"", ""pred"": ""emergency shelter intake case 3-11"", ""score"": 1.0000001192092896}, {""gold"": ""pet accommodation note"", ""pred"": ""pet accommodation note"", ""score"": 1.0}]",DESCRIPTIVE,DESCRIPTIVE,gives_example,gives_example,YES,YES,entity_exact
FBV2_0044,Emergency Shelter Intake,"A file can look complete when transport voucher is present, yet meal token drawer may still be missing. That gap keeps emergency shelter intake case 3-12 from being final.",LIMITATION,LIMITATION,"[""transport voucher"", ""meal token drawer"", ""emergency shelter intake case 3-12""]","[""can look complete"", ""drawer may still"", ""emergency shelter intake"", ""emergency shelter intake case"", ""file can look"", ""file can look complete"", ""gap keeps emergency"", ""gap keeps emergency shelter""]",0.222222,0.250000,0.666667,0.363636,"[{""gold"": ""emergency shelter intake case 3-12"", ""pred"": ""emergency shelter intake case"", ""score"": 0.9191751480102539}, {""gold"": ""meal token drawer"", ""pred"": ""drawer may still"", ""score"": 0.5268895030021667}]",LIMITED,LIMITED,warns_about,warns_about,YES,YES,entity_exact+entity_jaccard_lt_0.5
FBV2_0045,Emergency Shelter Intake,A sample of closed files showed bed turnover sheet missing from several late cases. The same sample had quiet room request and emergency shelter intake case 3-13 in the files that moved cleanly.,RESULT,RESULT,"[""bed turnover sheet"", ""quiet room request"", ""emergency shelter intake case 3-13""]","[""bed turnover sheet"", ""bed turnover sheet missing"", ""closed files showed"", ""closed files showed bed"", ""emergency shelter intake"", ""emergency shelter intake case"", ""files showed bed"", ""files showed bed turnover""]",0.222222,0.250000,0.666667,0.363636,"[{""gold"": ""bed turnover sheet"", ""pred"": ""bed turnover sheet"", ""score"": 1.0000001192092896}, {""gold"": ""emergency shelter intake case 3-13"", ""pred"": ""emergency shelter intake case"", ""score"": 0.9314637184143066}]",DESCRIPTIVE,DESCRIPTIVE,supports_retrieval,reports_usefulness,YES,YES,relation+entity_exact+entity_jaccard_lt_0.5
FBV2_0046,Emergency Shelter Intake,"Before the coordinator touches the queue, caseworker callback and intake form are checked against emergency shelter intake case 3-14. The detail marks the operational setting for the case.",BACKGROUND,BACKGROUND,"[""caseworker callback"", ""intake form"", ""emergency shelter intake case 3-14""]","[""against emergency shelter"", ""against emergency shelter intake"", ""checked against emergency"", ""checked against emergency shelter"", ""emergency shelter intake"", ""emergency shelter intake case"", ""intake case 3-14"", ""queue caseworker callback""]",0.375000,0.375000,1.000000,0.545455,"[{""gold"": ""emergency shelter intake case 3-14"", ""pred"": ""emergency shelter intake case"", ""score"": 0.9220515489578247}, {""gold"": ""caseworker callback"", ""pred"": ""queue caseworker callback"", ""score"": 0.8242478370666504}, {""gold"": ""intake form"", ""pred"": ""intake case 3-14"", ""score"": 0.600813090801239}]",DESCRIPTIVE,DESCRIPTIVE,sets_context,sets_context,MAYBE,MAYBE,entity_exact+entity_jaccard_lt_0.5
FBV2_0047,Emergency Shelter Intake,Match meal token drawer to family room list before assigning emergency shelter intake case 3-15. The queue owner signs the file after the two entries line up.,METHOD,METHOD,"[""meal token drawer"", ""family room list"", ""emergency shelter intake case 3-15""]","[""match meal token drawer"", ""family room list"", ""emergency shelter intake case"", ""queue owner""]",0.750000,0.750000,1.000000,0.857143,"[{""gold"": ""family room list"", ""pred"": ""family room list"", ""score"": 1.0000001192092896}, {""gold"": ""emergency shelter intake case 3-15"", ""pred"": ""emergency shelter intake case"", ""score"": 0.9084745645523071}, {""gold"": ""meal token drawer"", ""pred"": ""match meal token drawer"", ""score"": 0.8965661525726318}]",ACTIVE,ACTIVE,recommends,recommends,YES,YES,entity_exact
FBV2_0048,Emergency Shelter Intake,quiet room request is the table entry that carries pet accommodation note and emergency shelter intake case 3-16 together. The coordinator treats the entry as one unit during handoff.,DEFINE,DEFINE,"[""quiet room request"", ""pet accommodation note"", ""emergency shelter intake case 3-16""]","[""carries pet accommodation"", ""carries pet accommodation note"", ""case 3-16 together"", ""emergency shelter intake"", ""emergency shelter intake case"", ""intake case 3-16"", ""intake case 3-16 together"", ""one unit during""]",0.222222,0.250000,0.666667,0.363636,"[{""gold"": ""pet accommodation note"", ""pred"": ""carries pet accommodation note"", ""score"": 0.9131044745445251}, {""gold"": ""emergency shelter intake case 3-16"", ""pred"": ""emergency shelter intake case"", ""score"": 0.9129416942596436}]",DESCRIPTIVE,DESCRIPTIVE,defines,defines,YES,YES,entity_exact+entity_jaccard_lt_0.5
FBV2_0049,Veterinary Surgery Roster,A sample handoff begins with anesthesia chart in place and surgeon availability board missing from the packet. veterinary surgery roster case 4-01 gives the reviewer the reason for keeping the file open.,EXAMPLE,EXAMPLE,"[""anesthesia chart"", ""surgeon availability board"", ""veterinary surgery roster case 4-01""]","[""availability board missing"", ""case 4-01 gives"", ""packet veterinary surgery"", ""packet veterinary surgery roster"", ""roster case 4-01"", ""roster case 4-01 gives"", ""sample handoff begins"", ""surgeon availability board""]",0.222222,0.250000,0.666667,0.363636,"[{""gold"": ""surgeon availability board"", ""pred"": ""surgeon availability board"", ""score"": 1.0}, {""gold"": ""veterinary surgery roster case 4-01"", ""pred"": ""packet veterinary surgery roster"", ""score"": 0.7864341735839844}]",DESCRIPTIVE,DESCRIPTIVE,gives_example,gives_example,YES,YES,entity_exact+entity_jaccard_lt_0.5
FBV2_0050,Veterinary Surgery Roster,kennel card does not settle the case when fasting confirmation points to a different queue. Staff keep veterinary surgery roster case 4-02 open until a person resolves the conflict.,LIMITATION,LIMITATION,"[""kennel card"", ""fasting confirmation"", ""veterinary surgery roster case 4-02""]","[""different queue Staff"", ""different queue Staff keep"", ""queue Staff keep"", ""queue Staff keep veterinary"", ""Staff keep veterinary"", ""Staff keep veterinary surgery"", ""4-02 open until"", ""case 4-02 open""]",0.100000,0.125000,0.333333,0.181818,"[{""gold"": ""veterinary surgery roster case 4-02"", ""pred"": ""Staff keep veterinary surgery"", ""score"": 0.7142040133476257}]",LIMITED,NEGATED,warns_about,limits,YES,YES,status+relation+entity_exact+entity_jaccard_lt_0.5
FBV2_0051,Veterinary Surgery Roster,A desk sample showed sterile pack cart reducing search time when recovery bay was also attached. veterinary surgery roster case 4-03 was the field most often opened during review.,RESULT,RESULT,"[""sterile pack cart"", ""recovery bay"", ""veterinary surgery roster case 4-03""]","[""also attached veterinary"", ""also attached veterinary surgery"", ""attached veterinary surgery"", ""attached veterinary surgery roster"", ""bay was also"", ""bay was also attached"", ""cart reducing search"", ""cart reducing search time""]",0.222222,0.250000,0.666667,0.363636,"[{""gold"": ""veterinary surgery roster case 4-03"", ""pred"": ""attached veterinary surgery roster"", ""score"": 0.8545116782188416}, {""gold"": ""recovery bay"", ""pred"": ""bay was also attached"", ""score"": 0.5677405595779419}]",DESCRIPTIVE,DESCRIPTIVE,supports_retrieval,reports_usefulness,YES,YES,relation+entity_exact+entity_jaccard_lt_0.5
FBV2_0052,Veterinary Surgery Roster,The safer choice comes from reading surgeon availability board beside lab panel printout. Treating veterinary surgery roster case 4-04 alone as decisive makes the handoff weaker.,CLAIM,CLAIM,"[""surgeon availability board"", ""lab panel printout"", ""veterinary surgery roster case 4-04""]","[""lab panel printout Treating"", ""panel printout Treating"", ""panel printout Treating veterinary"", ""printout Treating veterinary"", ""printout Treating veterinary surgery"", ""Treating veterinary surgery"", ""Treating veterinary surgery roster"", ""availability board beside""]",0.222222,0.250000,0.666667,0.363636,"[{""gold"": ""lab panel printout"", ""pred"": ""lab panel printout Treating"", ""score"": 0.9279001951217651}, {""gold"": ""veterinary surgery roster case 4-04"", ""pred"": ""Treating veterinary surgery roster"", ""score"": 0.8824727535247803}]",NEGATED,ACTIVE,asserts,asserts,YES,YES,status+entity_exact+entity_jaccard_lt_0.5
FBV2_0053,Veterinary Surgery Roster,"A clerk opens the folder with fasting confirmation, client consent form, and veterinary surgery roster case 4-05 on the same page. The entries orient the reader before any claim about priority appears.",BACKGROUND,BACKGROUND,"[""fasting confirmation"", ""client consent form"", ""veterinary surgery roster case 4-05""]","[""about priority appears"", ""any claim about"", ""any claim about priority"", ""claim about priority"", ""claim about priority appears"", ""client consent form"", ""confirmation client consent"", ""confirmation client consent form""]",0.100000,0.125000,0.333333,0.181818,"[{""gold"": ""client consent form"", ""pred"": ""client consent form"", ""score"": 1.0000001192092896}]",DESCRIPTIVE,DESCRIPTIVE,sets_context,sets_context,MAYBE,MAYBE,entity_exact+entity_jaccard_lt_0.5
FBV2_0054,Veterinary Surgery Roster,"Group recovery bay with cases that share anesthesia chart, then attach veterinary surgery roster case 4-06 before closure. The clerk records who accepted the handoff.",METHOD,METHOD,"[""recovery bay"", ""anesthesia chart"", ""veterinary surgery roster case 4-06""]","[""recovery bay"", ""anesthesia chart"", ""veterinary surgery roster"", ""closure""]",0.750000,0.750000,1.000000,0.857143,"[{""gold"": ""anesthesia chart"", ""pred"": ""anesthesia chart"", ""score"": 1.0}, {""gold"": ""recovery bay"", ""pred"": ""recovery bay"", ""score"": 1.0}, {""gold"": ""veterinary surgery roster case 4-06"", ""pred"": ""veterinary surgery roster"", ""score"": 0.8976292610168457}]",ACTIVE,ACTIVE,recommends,recommends,YES,YES,entity_exact
FBV2_0055,Veterinary Surgery Roster,"The office can hold out files containing lab panel printout, then compare them with cases built around kennel card. That review would test whether veterinary surgery roster case 4-07 moves earlier.",NEXT_STEP,NEXT_STEP,"[""lab panel printout"", ""kennel card"", ""veterinary surgery roster case 4-07""]","[""4-07 moves earlier"", ""around kennel card"", ""built around kennel"", ""built around kennel card"", ""can hold out"", ""can hold out files"", ""case 4-07 moves"", ""case 4-07 moves earlier""]",0.100000,0.125000,0.333333,0.181818,"[{""gold"": ""kennel card"", ""pred"": ""built around kennel card"", ""score"": 0.8917133808135986}]",ACTIVE,ACTIVE,proposes_next_test,proposes_next_test,YES,YES,entity_exact+entity_jaccard_lt_0.5
FBV2_0056,Veterinary Surgery Roster,"One closed case includes client consent form and sterile pack cart, but the desk later reopens it after reading veterinary surgery roster case 4-08. The file shows how a small detail changes the lane.",EXAMPLE,EXAMPLE,"[""client consent form"", ""sterile pack cart"", ""veterinary surgery roster case 4-08""]","[""One closed case"", ""One closed case includes"", ""after reading veterinary"", ""after reading veterinary surgery"", ""case includes client"", ""case includes client consent"", ""client consent form"", ""closed case includes""]",0.222222,0.250000,0.666667,0.363636,"[{""gold"": ""client consent form"", ""pred"": ""client consent form"", ""score"": 1.0000001192092896}, {""gold"": ""veterinary surgery roster case 4-08"", ""pred"": ""after reading veterinary surgery"", ""score"": 0.6855632066726685}]",DESCRIPTIVE,DESCRIPTIVE,gives_example,gives_example,YES,YES,entity_exact+entity_jaccard_lt_0.5
FBV2_0057,Veterinary Surgery Roster,The trial desk saw fewer repeated calls after anesthesia chart was paired with surgeon availability board. Staff later pulled veterinary surgery roster case 4-09 when checking why the change helped.,RESULT,RESULT,"[""anesthesia chart"", ""surgeon availability board"", ""veterinary surgery roster case 4-09""]","[""availability board Staff"", ""availability board Staff later"", ""board Staff later"", ""board Staff later pulled"", ""Staff later pulled"", ""Staff later pulled veterinary"", ""surgeon availability board Staff"", ""after anesthesia chart""]",0.375000,0.375000,1.000000,0.545455,"[{""gold"": ""surgeon availability board"", ""pred"": ""surgeon availability board Staff"", ""score"": 0.9172949194908142}, {""gold"": ""anesthesia chart"", ""pred"": ""after anesthesia chart"", ""score"": 0.910192608833313}, {""gold"": ""veterinary surgery roster case 4-09"", ""pred"": ""Staff later pulled veterinary"", ""score"": 0.6870754957199097}]",DESCRIPTIVE,DESCRIPTIVE,supports_retrieval,reports_usefulness,YES,YES,relation+entity_exact+entity_jaccard_lt_0.5
FBV2_0058,Veterinary Surgery Roster,The office should reserve a blind sample of files containing kennel card. Reviewers can compare those files with fasting confirmation and score how veterinary surgery roster case 4-10 affected handoff.,NEXT_STEP,NEXT_STEP,"[""kennel card"", ""fasting confirmation"", ""veterinary surgery roster case 4-10""]","[""card Reviewers can"", ""card Reviewers can compare"", ""containing kennel card Reviewers"", ""kennel card Reviewers"", ""kennel card Reviewers can"", ""Reviewers can compare"", ""Reviewers can compare those"", ""4-10 affected handoff""]",0.100000,0.125000,0.333333,0.181818,"[{""gold"": ""kennel card"", ""pred"": ""kennel card Reviewers"", ""score"": 0.7692790031433105}]",ACTIVE,ACTIVE,proposes_next_test,proposes_next_test,YES,YES,entity_exact+entity_jaccard_lt_0.5
FBV2_0059,Veterinary Surgery Roster,The desk can misread sterile pack cart when recovery bay arrives late. veterinary surgery roster case 4-11 stays provisional while the two records are reconciled.,LIMITATION,LIMITATION,"[""sterile pack cart"", ""recovery bay"", ""veterinary surgery roster case 4-11""]","[""4-11 stays provisional"", ""4-11 stays provisional while"", ""arrives late veterinary"", ""arrives late veterinary surgery"", ""bay arrives late"", ""bay arrives late veterinary"", ""can misread sterile"", ""can misread sterile pack""]",0.222222,0.250000,0.666667,0.363636,"[{""gold"": ""sterile pack cart"", ""pred"": ""can misread sterile pack"", ""score"": 0.7505759000778198}, {""gold"": ""veterinary surgery roster case 4-11"", ""pred"": ""arrives late veterinary surgery"", ""score"": 0.6982617974281311}]",NEGATED,LIMITED,limits,warns_about,YES,YES,status+relation+entity_exact+entity_jaccard_lt_0.5
FBV2_0060,Veterinary Surgery Roster,Match surgeon availability board to lab panel printout before assigning veterinary surgery roster case 4-12. The queue owner signs the file after the two entries line up.,METHOD,METHOD,"[""surgeon availability board"", ""lab panel printout"", ""veterinary surgery roster case 4-12""]","[""Match surgeon availability"", ""Match surgeon availability board"", ""assigning veterinary surgery"", ""assigning veterinary surgery roster"", ""entries line up"", ""lab panel printout"", ""Match surgeon"", ""queue owner signs""]",0.375000,0.375000,1.000000,0.545455,"[{""gold"": ""lab panel printout"", ""pred"": ""lab panel printout"", ""score"": 1.0000001192092896}, {""gold"": ""veterinary surgery roster case 4-12"", ""pred"": ""assigning veterinary surgery roster"", ""score"": 0.8653856515884399}, {""gold"": ""surgeon availability board"", ""pred"": ""Match surgeon availability board"", ""score"": 0.8435198068618774}]",ACTIVE,ACTIVE,recommends,recommends,YES,YES,entity_exact+entity_jaccard_lt_0.5
FBV2_0061,Veterinary Surgery Roster,"A clerk opens the folder with fasting confirmation, client consent form, and veterinary surgery roster case 4-13 on the same page. The entries orient the reader before any claim about priority appears.",BACKGROUND,BACKGROUND,"[""fasting confirmation"", ""client consent form"", ""veterinary surgery roster case 4-13""]","[""about priority appears"", ""any claim about"", ""any claim about priority"", ""claim about priority"", ""claim about priority appears"", ""client consent form"", ""confirmation client consent"", ""confirmation client consent form""]",0.100000,0.125000,0.333333,0.181818,"[{""gold"": ""client consent form"", ""pred"": ""client consent form"", ""score"": 1.0000001192092896}]",DESCRIPTIVE,DESCRIPTIVE,sets_context,sets_context,MAYBE,MAYBE,entity_exact+entity_jaccard_lt_0.5
FBV2_0062,Veterinary Surgery Roster,"Within the office, recovery bay is the working label for a case bundle containing anesthesia chart and veterinary surgery roster case 4-14. It is narrower than the whole daily queue.",DEFINE,DEFINE,"[""recovery bay"", ""anesthesia chart"", ""veterinary surgery roster case 4-14""]","[""bundle containing anesthesia"", ""bundle containing anesthesia chart"", ""case bundle containing"", ""case bundle containing anesthesia"", ""containing anesthesia chart"", ""office recovery bay"", ""roster case 4-14"", ""surgery roster case""]",0.375000,0.375000,1.000000,0.545455,"[{""gold"": ""anesthesia chart"", ""pred"": ""containing anesthesia chart"", ""score"": 0.9466601610183716}, {""gold"": ""recovery bay"", ""pred"": ""office recovery bay"", ""score"": 0.7930967211723328}, {""gold"": ""veterinary surgery roster case 4-14"", ""pred"": ""surgery roster case"", ""score"": 0.7587430477142334}]",DESCRIPTIVE,DESCRIPTIVE,defines,defines,YES,YES,entity_exact+entity_jaccard_lt_0.5
FBV2_0063,Veterinary Surgery Roster,"The phrase lab panel printout points to the record where kennel card and veterinary surgery roster case 4-15 are stored together. Staff use it only for the routing object, not for the entire service.",DEFINE,DEFINE,"[""lab panel printout"", ""kennel card"", ""veterinary surgery roster case 4-15""]","[""stored together Staff"", ""lab panel printout"", ""lab panel printout points"", ""panel printout points"", ""phrase lab panel"", ""phrase lab panel printout"", ""roster case 4-15"", ""surgery roster case""]",0.222222,0.250000,0.666667,0.363636,"[{""gold"": ""lab panel printout"", ""pred"": ""lab panel printout"", ""score"": 1.0000001192092896}, {""gold"": ""veterinary surgery roster case 4-15"", ""pred"": ""surgery roster case"", ""score"": 0.7535499930381775}]",DESCRIPTIVE,DESCRIPTIVE,defines,defines,YES,YES,entity_exact+entity_jaccard_lt_0.5
FBV2_0064,Veterinary Surgery Roster,client consent form deserves priority only when sterile pack cart shows the same pressure. Otherwise veterinary surgery roster case 4-16 may exaggerate the urgency of the case.,CLAIM,CLAIM,"[""client consent form"", ""sterile pack cart"", ""veterinary surgery roster case 4-16""]","[""client consent form"", ""sterile pack cart"", ""veterinary surgery roster"", ""case 4-16""]",0.750000,0.750000,1.000000,0.857143,"[{""gold"": ""client consent form"", ""pred"": ""client consent form"", ""score"": 1.0000001192092896}, {""gold"": ""sterile pack cart"", ""pred"": ""sterile pack cart"", ""score"": 0.9999999403953552}, {""gold"": ""veterinary surgery roster case 4-16"", ""pred"": ""veterinary surgery roster"", ""score"": 0.8972694277763367}]",NEGATED,ACTIVE,asserts,asserts,YES,YES,status+entity_exact
FBV2_0065,Ferry Terminal Loading,"During the pilot, lane marshal sheet matched the queue state more often than ramp inspection card. The team used ferry terminal loading case 5-01 to confirm the pattern.",RESULT,RESULT,"[""lane marshal sheet"", ""ramp inspection card"", ""ferry terminal loading case 5-01""]","[""ferry terminal loading"", ""ferry terminal loading case"", ""lane marshal sheet"", ""lane marshal sheet matched"", ""loading case 5-01"", ""marshal sheet matched"", ""pilot lane marshal"", ""pilot lane marshal sheet""]",0.222222,0.250000,0.666667,0.363636,"[{""gold"": ""lane marshal sheet"", ""pred"": ""lane marshal sheet"", ""score"": 1.0}, {""gold"": ""ferry terminal loading case 5-01"", ""pred"": ""ferry terminal loading case"", ""score"": 0.9341843128204346}]",DESCRIPTIVE,DESCRIPTIVE,supports_retrieval,reports_usefulness,YES,YES,relation+entity_exact+entity_jaccard_lt_0.5
FBV2_0066,Ferry Terminal Loading,vehicle height tag is the table entry that carries standby queue and ferry terminal loading case 5-02 together. The coordinator treats the entry as one unit during handoff.,DEFINE,DEFINE,"[""vehicle height tag"", ""standby queue"", ""ferry terminal loading case 5-02""]","[""carries standby queue"", ""case 5-02 together"", ""ferry terminal loading"", ""ferry terminal loading case"", ""loading case 5-02"", ""loading case 5-02 together"", ""one unit during"", ""one unit during handoff""]",0.222222,0.250000,0.666667,0.363636,"[{""gold"": ""ferry terminal loading case 5-02"", ""pred"": ""ferry terminal loading case"", ""score"": 0.9399529695510864}, {""gold"": ""standby queue"", ""pred"": ""carries standby queue"", ""score"": 0.9058306217193604}]",DESCRIPTIVE,DESCRIPTIVE,defines,defines,YES,YES,entity_exact+entity_jaccard_lt_0.5
FBV2_0067,Ferry Terminal Loading,tidal clearance note cannot carry the route by itself if deck balance sheet is blank. The desk leaves ferry terminal loading case 5-03 in review until another record confirms it.,LIMITATION,LIMITATION,"[""tidal clearance note"", ""deck balance sheet"", ""ferry terminal loading case 5-03""]","[""route"", ""deck balance sheet""]",0.250000,0.500000,0.333333,0.400000,"[{""gold"": ""deck balance sheet"", ""pred"": ""deck balance sheet"", ""score"": 1.0}]",NEGATED,NEGATED,limits,limits,YES,YES,entity_exact+entity_jaccard_lt_0.5
FBV2_0068,Ferry Terminal Loading,"The phrase ramp inspection card points to the record where hazmat declaration and ferry terminal loading case 5-04 are stored together. Staff use it only for the routing object, not for the entire service.",DEFINE,DEFINE,"[""ramp inspection card"", ""hazmat declaration"", ""ferry terminal loading case 5-04""]","[""stored together Staff"", ""ferry terminal loading"", ""ferry terminal loading case"", ""inspection card points"", ""loading case 5-04"", ""phrase ramp inspection"", ""phrase ramp inspection card"", ""ramp inspection card""]",0.222222,0.250000,0.666667,0.363636,"[{""gold"": ""ramp inspection card"", ""pred"": ""ramp inspection card"", ""score"": 1.0}, {""gold"": ""ferry terminal loading case 5-04"", ""pred"": ""ferry terminal loading case"", ""score"": 0.9337741732597351}]",DESCRIPTIVE,DESCRIPTIVE,defines,defines,YES,YES,entity_exact+entity_jaccard_lt_0.5
FBV2_0069,Ferry Terminal Loading,"standby queue is useful until boarding cut-off time changes after the first review. At that point, ferry terminal loading case 5-05 needs a second check before the route is trusted.",LIMITATION,NEXT_STEP,"[""standby queue"", ""boarding cut-off time"", ""ferry terminal loading case 5-05""]","[""boarding cut-off time"", ""boarding cut-off time changes"", ""case 5-05 needs"", ""cut-off time changes"", ""cut-off time changes after"", ""ferry terminal loading"", ""ferry terminal loading case"", ""loading case 5-05""]",0.222222,0.250000,0.666667,0.363636,"[{""gold"": ""boarding cut-off time"", ""pred"": ""boarding cut-off time"", ""score"": 1.0}, {""gold"": ""ferry terminal loading case 5-05"", ""pred"": ""ferry terminal loading case"", ""score"": 0.9410427808761597}]",NEGATED,ACTIVE,limits,proposes_next_test,YES,YES,role+status+relation+entity_exact+entity_jaccard_lt_0.5
FBV2_0071,Ferry Terminal Loading,Pairing hazmat declaration with vehicle height tag gives the coordinator a sturdier basis for judging ferry terminal loading case 5-07. A case routed from only one of those records is easier to misplace.,CLAIM,CLAIM,"[""hazmat declaration"", ""vehicle height tag"", ""ferry terminal loading case 5-07""]","[""Pairing hazmat declaration"", ""ferry terminal loading"", ""ferry terminal loading case"", ""height tag gives"", ""judging ferry terminal"", ""judging ferry terminal loading"", ""loading case 5-07"", ""Pairing hazmat""]",0.375000,0.375000,1.000000,0.545455,"[{""gold"": ""ferry terminal loading case 5-07"", ""pred"": ""ferry terminal loading case"", ""score"": 0.9520699381828308}, {""gold"": ""hazmat declaration"", ""pred"": ""Pairing hazmat declaration"", ""score"": 0.8135641813278198}, {""gold"": ""vehicle height tag"", ""pred"": ""height tag gives"", ""score"": 0.7114822268486023}]",ACTIVE,ACTIVE,asserts,asserts,YES,YES,entity_exact+entity_jaccard_lt_0.5
FBV2_0072,Ferry Terminal Loading,"One closed case includes boarding cut-off time and tidal clearance note, but the desk later reopens it after reading ferry terminal loading case 5-08. The file shows how a small detail changes the lane.",EXAMPLE,EXAMPLE,"[""boarding cut-off time"", ""tidal clearance note"", ""ferry terminal loading case 5-08""]","[""One closed case"", ""One closed case includes"", ""after reading ferry"", ""after reading ferry terminal"", ""boarding cut-off time"", ""case includes boarding"", ""case includes boarding cut-off"", ""clearance note but""]",0.375000,0.375000,1.000000,0.545455,"[{""gold"": ""boarding cut-off time"", ""pred"": ""boarding cut-off time"", ""score"": 1.0}, {""gold"": ""ferry terminal loading case 5-08"", ""pred"": ""after reading ferry terminal"", ""score"": 0.7300646305084229}, {""gold"": ""tidal clearance note"", ""pred"": ""clearance note but"", ""score"": 0.6124727725982666}]",DESCRIPTIVE,DESCRIPTIVE,gives_example,gives_example,YES,YES,entity_exact+entity_jaccard_lt_0.5
FBV2_0073,Ferry Terminal Loading,lane marshal sheet sits beside ramp inspection card at the opening desk while ferry terminal loading case 5-09 waits for review. Staff read the packet to understand the day before any routing choice moves.,BACKGROUND,BACKGROUND,"[""lane marshal sheet"", ""ramp inspection card"", ""ferry terminal loading case 5-09""]","[""review Staff read"", ""any routing choice"", ""any routing choice moves"", ""beside ramp inspection"", ""beside ramp inspection card"", ""case 5-09 waits"", ""desk while ferry"", ""desk while ferry terminal""]",0.222222,0.250000,0.666667,0.363636,"[{""gold"": ""ramp inspection card"", ""pred"": ""beside ramp inspection card"", ""score"": 0.8876787424087524}, {""gold"": ""ferry terminal loading case 5-09"", ""pred"": ""desk while ferry terminal"", ""score"": 0.6527016162872314}]",DESCRIPTIVE,DESCRIPTIVE,sets_context,sets_context,NO,MAYBE,answer+entity_exact+entity_jaccard_lt_0.5
FBV2_0074,Ferry Terminal Loading,"A clerk opens the folder with vehicle height tag, standby queue, and ferry terminal loading case 5-10 on the same page. The entries orient the reader before any claim about priority appears.",BACKGROUND,BACKGROUND,"[""vehicle height tag"", ""standby queue"", ""ferry terminal loading case 5-10""]","[""about priority appears"", ""any claim about"", ""any claim about priority"", ""claim about priority"", ""claim about priority appears"", ""ferry terminal loading"", ""ferry terminal loading case"", ""height tag standby""]",0.222222,0.250000,0.666667,0.363636,"[{""gold"": ""ferry terminal loading case 5-10"", ""pred"": ""ferry terminal loading case"", ""score"": 0.9418089389801025}, {""gold"": ""vehicle height tag"", ""pred"": ""height tag standby"", ""score"": 0.6378048658370972}]",DESCRIPTIVE,DESCRIPTIVE,sets_context,sets_context,MAYBE,MAYBE,entity_exact+entity_jaccard_lt_0.5
FBV2_0075,Ferry Terminal Loading,"Group tidal clearance note with cases that share deck balance sheet, then attach ferry terminal loading case 5-11 before closure. The clerk records who accepted the handoff.",METHOD,METHOD,"[""tidal clearance note"", ""deck balance sheet"", ""ferry terminal loading case 5-11""]","[""Group tidal clearance"", ""Group tidal clearance note"", ""attach ferry terminal"", ""attach ferry terminal loading"", ""clerk records who"", ""clerk records who accepted"", ""deck balance sheet"", ""ferry terminal loading""]",0.375000,0.375000,1.000000,0.545455,"[{""gold"": ""deck balance sheet"", ""pred"": ""deck balance sheet"", ""score"": 1.0}, {""gold"": ""tidal clearance note"", ""pred"": ""Group tidal clearance note"", ""score"": 0.8752265572547913}, {""gold"": ""ferry terminal loading case 5-11"", ""pred"": ""ferry terminal loading"", ""score"": 0.8383526802062988}]",ACTIVE,ACTIVE,maps_to,recommends,YES,YES,relation+entity_exact+entity_jaccard_lt_0.5
FBV2_0076,Ferry Terminal Loading,"The office can hold out files containing ramp inspection card, then compare them with cases built around hazmat declaration. That review would test whether ferry terminal loading case 5-12 moves earlier.",NEXT_STEP,NEXT_STEP,"[""ramp inspection card"", ""hazmat declaration"", ""ferry terminal loading case 5-12""]","[""5-12 moves earlier"", ""around hazmat declaration"", ""built around hazmat"", ""built around hazmat declaration"", ""can hold out"", ""can hold out files"", ""case 5-12 moves"", ""case 5-12 moves earlier""]",0.100000,0.125000,0.333333,0.181818,"[{""gold"": ""hazmat declaration"", ""pred"": ""built around hazmat declaration"", ""score"": 0.9217158555984497}]",ACTIVE,ACTIVE,proposes_next_test,proposes_next_test,YES,YES,entity_exact+entity_jaccard_lt_0.5
FBV2_0077,Ferry Terminal Loading,"One closed case includes standby queue and boarding cut-off time, but the desk later reopens it after reading ferry terminal loading case 5-13. The file shows how a small detail changes the lane.",EXAMPLE,EXAMPLE,"[""standby queue"", ""boarding cut-off time"", ""ferry terminal loading case 5-13""]","[""One closed case"", ""One closed case includes"", ""after reading ferry"", ""after reading ferry terminal"", ""boarding cut-off time"", ""boarding cut-off time but"", ""case includes standby"", ""case includes standby queue""]",0.375000,0.375000,1.000000,0.545455,"[{""gold"": ""boarding cut-off time"", ""pred"": ""boarding cut-off time"", ""score"": 1.0}, {""gold"": ""standby queue"", ""pred"": ""case includes standby queue"", ""score"": 0.8038458228111267}, {""gold"": ""ferry terminal loading case 5-13"", ""pred"": ""after reading ferry terminal"", ""score"": 0.7042502164840698}]",DESCRIPTIVE,DESCRIPTIVE,gives_example,gives_example,YES,YES,entity_exact+entity_jaccard_lt_0.5
FBV2_0078,Ferry Terminal Loading,"First compare deck balance sheet with lane marshal sheet, then place ferry terminal loading case 5-14 in the matching queue. If the two records disagree, hold the case for desk review.",METHOD,METHOD,"[""deck balance sheet"", ""lane marshal sheet"", ""ferry terminal loading case 5-14""]","[""First compare deck"", ""First compare deck balance"", ""compare deck balance"", ""compare deck balance sheet"", ""deck balance sheet"", ""ferry terminal loading"", ""ferry terminal loading case"", ""First compare""]",0.222222,0.250000,0.666667,0.363636,"[{""gold"": ""deck balance sheet"", ""pred"": ""deck balance sheet"", ""score"": 1.0}, {""gold"": ""ferry terminal loading case 5-14"", ""pred"": ""ferry terminal loading case"", ""score"": 0.9380565881729126}]",ACTIVE,ACTIVE,maps_to,recommends,YES,YES,relation+entity_exact+entity_jaccard_lt_0.5
FBV2_0079,Ferry Terminal Loading,The closeout review placed hazmat declaration in the files that needed fewer callbacks. vehicle height tag and ferry terminal loading case 5-15 explained most of the remaining delays.,RESULT,RESULT,"[""hazmat declaration"", ""vehicle height tag"", ""ferry terminal loading case 5-15""]","[""5-15 explained most"", ""callbacks vehicle height"", ""callbacks vehicle height tag"", ""case 5-15 explained"", ""case 5-15 explained most"", ""closeout review placed"", ""closeout review placed hazmat"", ""ferry terminal loading""]",0.222222,0.250000,0.666667,0.363636,"[{""gold"": ""ferry terminal loading case 5-15"", ""pred"": ""ferry terminal loading"", ""score"": 0.8352441787719727}, {""gold"": ""vehicle height tag"", ""pred"": ""callbacks vehicle height tag"", ""score"": 0.8261690139770508}]",DESCRIPTIVE,DESCRIPTIVE,supports_retrieval,reports_usefulness,YES,YES,relation+entity_exact+entity_jaccard_lt_0.5
FBV2_0080,Ferry Terminal Loading,The team can run a two-week check on boarding cut-off time and record how often tidal clearance note changes the decision. ferry terminal loading case 5-16 should be logged before and after the desk action.,NEXT_STEP,EXAMPLE,"[""boarding cut-off time"", ""tidal clearance note"", ""ferry terminal loading case 5-16""]","[""boarding cut-off time"", ""clearance note changes"", ""decision ferry terminal"", ""decision ferry terminal loading"", ""ferry terminal loading"", ""ferry terminal loading case"", ""how often tidal"", ""how often tidal clearance""]",0.375000,0.375000,1.000000,0.545455,"[{""gold"": ""boarding cut-off time"", ""pred"": ""boarding cut-off time"", ""score"": 1.0}, {""gold"": ""ferry terminal loading case 5-16"", ""pred"": ""ferry terminal loading case"", ""score"": 0.9325900077819824}, {""gold"": ""tidal clearance note"", ""pred"": ""how often tidal clearance"", ""score"": 0.7270525693893433}]",ACTIVE,DESCRIPTIVE,proposes_next_test,gives_example,YES,YES,role+status+relation+entity_exact+entity_jaccard_lt_0.5
FBV2_0081,Pharmacy Compounding Queue,A clerk might see hood cleaning log already attached but ingredient lot card still waiting in the tray. The case tied to pharmacy compounding queue case 6-01 stays out of the closed column.,EXAMPLE,BACKGROUND,"[""hood cleaning log"", ""ingredient lot card"", ""pharmacy compounding queue case 6-01""]","[""6-01 stays out"", ""already attached but"", ""already attached but ingredient"", ""attached but ingredient"", ""attached but ingredient lot"", ""but ingredient lot"", ""but ingredient lot card"", ""card still waiting""]",0.100000,0.125000,0.333333,0.181818,"[{""gold"": ""ingredient lot card"", ""pred"": ""but ingredient lot card"", ""score"": 0.9051017761230469}]",DESCRIPTIVE,DESCRIPTIVE,gives_example,sets_context,YES,MAYBE,role+relation+answer+entity_exact+entity_jaccard_lt_0.5
FBV2_0082,Pharmacy Compounding Queue,"One closed case includes batch worksheet and beyond-use time, but the desk later reopens it after reading pharmacy compounding queue case 6-02. The file shows how a small detail changes the lane.",EXAMPLE,EXAMPLE,"[""batch worksheet"", ""beyond-use time"", ""pharmacy compounding queue case 6-02""]","[""One closed case"", ""One closed case includes"", ""after reading pharmacy"", ""after reading pharmacy compounding"", ""beyond-use time but"", ""case includes batch"", ""case includes batch worksheet"", ""closed case includes""]",0.375000,0.375000,1.000000,0.545455,"[{""gold"": ""beyond-use time"", ""pred"": ""beyond-use time but"", ""score"": 0.9797106385231018}, {""gold"": ""batch worksheet"", ""pred"": ""case includes batch worksheet"", ""score"": 0.7670503854751587}, {""gold"": ""pharmacy compounding queue case 6-02"", ""pred"": ""after reading pharmacy compounding"", ""score"": 0.6912432312965393}]",DESCRIPTIVE,DESCRIPTIVE,gives_example,gives_example,YES,YES,entity_exact+entity_jaccard_lt_0.5
FBV2_0083,Pharmacy Compounding Queue,"First compare dose label with pharmacist check tray, then place pharmacy compounding queue case 6-03 in the matching queue. If the two records disagree, hold the case for desk review.",METHOD,METHOD,"[""dose label"", ""pharmacist check tray"", ""pharmacy compounding queue case 6-03""]","[""First compare dose"", ""First compare dose label"", ""compare dose label"", ""compounding queue case"", ""compounding queue case 6-03"", ""First compare"", ""pharmacist check tray"", ""pharmacy compounding queue""]",0.375000,0.375000,1.000000,0.545455,"[{""gold"": ""pharmacist check tray"", ""pred"": ""pharmacist check tray"", ""score"": 1.0}, {""gold"": ""pharmacy compounding queue case 6-03"", ""pred"": ""pharmacy compounding queue"", ""score"": 0.9110488891601562}, {""gold"": ""dose label"", ""pred"": ""compare dose label"", ""score"": 0.8334932327270508}]",ACTIVE,ACTIVE,recommends,recommends,YES,YES,entity_exact+entity_jaccard_lt_0.5
FBV2_0084,Pharmacy Compounding Queue,"The morning sheet lists ingredient lot card and delivery tote, then places pharmacy compounding queue case 6-04 in the pending column. The passage supplies local context rather than a directive.",BACKGROUND,BACKGROUND,"[""ingredient lot card"", ""delivery tote"", ""pharmacy compounding queue case 6-04""]","[""compounding queue case"", ""compounding queue case 6-04"", ""ingredient lot card"", ""lists ingredient lot"", ""lists ingredient lot card"", ""morning sheet lists"", ""morning sheet lists ingredient"", ""passage supplies local""]",0.222222,0.250000,0.666667,0.363636,"[{""gold"": ""ingredient lot card"", ""pred"": ""ingredient lot card"", ""score"": 1.000000238418579}, {""gold"": ""pharmacy compounding queue case 6-04"", ""pred"": ""compounding queue case 6-04"", ""score"": 0.7962082624435425}]",DESCRIPTIVE,DESCRIPTIVE,sets_context,sets_context,MAYBE,MAYBE,entity_exact+entity_jaccard_lt_0.5
FBV2_0085,Pharmacy Compounding Queue,"beyond-use time carries more routing weight when quarantine bin confirms the same case detail. Without that pairing, pharmacy compounding queue case 6-05 can pull attention away from the real priority.",CLAIM,LIMITATION,"[""beyond-use time"", ""quarantine bin"", ""pharmacy compounding queue case 6-05""]","[""6-05 can pull"", ""6-05 can pull attention"", ""beyond-use time carries"", ""beyond-use time carries more"", ""can pull attention"", ""can pull attention away"", ""carries more routing"", ""carries more routing weight""]",0.100000,0.125000,0.333333,0.181818,"[{""gold"": ""beyond-use time"", ""pred"": ""beyond-use time carries more"", ""score"": 0.9509992599487305}]",ACTIVE,LIMITED,asserts,warns_about,YES,YES,role+status+relation+entity_exact+entity_jaccard_lt_0.5
FBV2_0086,Pharmacy Compounding Queue,pharmacist check tray loses value when hood cleaning log is copied from an older shift. The case tied to pharmacy compounding queue case 6-06 needs review before it moves.,LIMITATION,LIMITATION,"[""pharmacist check tray"", ""hood cleaning log"", ""pharmacy compounding queue case 6-06""]","[""6-06 needs review"", ""case 6-06 needs"", ""case 6-06 needs review"", ""check tray loses"", ""check tray loses value"", ""compounding queue case"", ""compounding queue case 6-06"", ""hood cleaning log""]",0.375000,0.375000,1.000000,0.545455,"[{""gold"": ""hood cleaning log"", ""pred"": ""hood cleaning log"", ""score"": 1.0}, {""gold"": ""pharmacy compounding queue case 6-06"", ""pred"": ""compounding queue case 6-06"", ""score"": 0.7938002943992615}, {""gold"": ""pharmacist check tray"", ""pred"": ""check tray loses"", ""score"": 0.6022789478302002}]",LIMITED,LIMITED,warns_about,warns_about,YES,YES,entity_exact+entity_jaccard_lt_0.5
FBV2_0087,Pharmacy Compounding Queue,The office should reserve a blind sample of files containing delivery tote. Reviewers can compare those files with batch worksheet and score how pharmacy compounding queue case 6-07 affected handoff.,NEXT_STEP,NEXT_STEP,"[""delivery tote"", ""batch worksheet"", ""pharmacy compounding queue case 6-07""]","[""containing delivery tote Reviewers"", ""delivery tote Reviewers"", ""delivery tote Reviewers can"", ""Reviewers can compare"", ""Reviewers can compare those"", ""tote Reviewers can"", ""tote Reviewers can compare"", ""6-07 affected handoff""]",0.100000,0.125000,0.333333,0.181818,"[{""gold"": ""delivery tote"", ""pred"": ""delivery tote Reviewers can"", ""score"": 0.6353384256362915}]",ACTIVE,ACTIVE,proposes_next_test,proposes_next_test,YES,YES,entity_exact+entity_jaccard_lt_0.5
FBV2_0088,Pharmacy Compounding Queue,The trial desk saw fewer repeated calls after quarantine bin was paired with dose label. Staff later pulled pharmacy compounding queue case 6-08 when checking why the change helped.,RESULT,RESULT,"[""quarantine bin"", ""dose label"", ""pharmacy compounding queue case 6-08""]","[""dose label Staff"", ""dose label Staff later"", ""label Staff later"", ""label Staff later pulled"", ""Staff later pulled"", ""Staff later pulled pharmacy"", ""after quarantine bin"", ""after quarantine bin was""]",0.375000,0.375000,1.000000,0.545455,"[{""gold"": ""quarantine bin"", ""pred"": ""after quarantine bin"", ""score"": 0.899498701095581}, {""gold"": ""dose label"", ""pred"": ""dose label Staff"", ""score"": 0.7655768394470215}, {""gold"": ""pharmacy compounding queue case 6-08"", ""pred"": ""Staff later pulled pharmacy"", ""score"": 0.5496199131011963}]",DESCRIPTIVE,DESCRIPTIVE,reports_usefulness,reports_usefulness,YES,YES,entity_exact+entity_jaccard_lt_0.5
FBV2_0089,Pharmacy Compounding Queue,Pairing hood cleaning log with ingredient lot card gives the coordinator a sturdier basis for judging pharmacy compounding queue case 6-09. A case routed from only one of those records is easier to misplace.,CLAIM,CLAIM,"[""hood cleaning log"", ""ingredient lot card"", ""pharmacy compounding queue case 6-09""]","[""Pairing hood cleaning"", ""Pairing hood cleaning log"", ""compounding queue case"", ""compounding queue case 6-09"", ""hood cleaning log"", ""ingredient lot card"", ""ingredient lot card gives"", ""judging pharmacy compounding""]",0.375000,0.375000,1.000000,0.545455,"[{""gold"": ""ingredient lot card"", ""pred"": ""ingredient lot card"", ""score"": 1.000000238418579}, {""gold"": ""hood cleaning log"", ""pred"": ""hood cleaning log"", ""score"": 1.0}, {""gold"": ""pharmacy compounding queue case 6-09"", ""pred"": ""compounding queue case 6-09"", ""score"": 0.7835971117019653}]",ACTIVE,ACTIVE,asserts,asserts,YES,YES,entity_exact+entity_jaccard_lt_0.5
FBV2_0090,Pharmacy Compounding Queue,"batch worksheet names the desk artifact that joins beyond-use time with pharmacy compounding queue case 6-10. Once the artifact is opened, both entries travel through the queue as a pair.",DEFINE,EXAMPLE,"[""batch worksheet"", ""beyond-use time"", ""pharmacy compounding queue case 6-10""]","[""case 6-10 Once"", ""queue case 6-10 Once"", ""6-10 Once"", ""batch worksheet names"", ""both entries travel"", ""both entries travel through"", ""compounding queue case"", ""compounding queue case 6-10""]",0.222222,0.250000,0.666667,0.363636,"[{""gold"": ""batch worksheet"", ""pred"": ""batch worksheet names"", ""score"": 0.8382604718208313}, {""gold"": ""pharmacy compounding queue case 6-10"", ""pred"": ""compounding queue case 6-10"", ""score"": 0.7719595432281494}]",DESCRIPTIVE,DESCRIPTIVE,defines,gives_example,YES,YES,role+relation+entity_exact+entity_jaccard_lt_0.5
FBV2_0091,Pharmacy Compounding Queue,"During the pilot, dose label matched the queue state more often than pharmacist check tray. The team used pharmacy compounding queue case 6-11 to confirm the pattern.",RESULT,RESULT,"[""dose label"", ""pharmacist check tray"", ""pharmacy compounding queue case 6-11""]","[""compounding queue case"", ""compounding queue case 6-11"", ""dose label matched"", ""pharmacist check tray"", ""pharmacy compounding queue"", ""pharmacy compounding queue case"", ""pilot dose label"", ""pilot dose label matched""]",0.375000,0.375000,1.000000,0.545455,"[{""gold"": ""pharmacist check tray"", ""pred"": ""pharmacist check tray"", ""score"": 1.0}, {""gold"": ""pharmacy compounding queue case 6-11"", ""pred"": ""pharmacy compounding queue case"", ""score"": 0.9676989316940308}, {""gold"": ""dose label"", ""pred"": ""dose label matched"", ""score"": 0.8508619666099548}]",DESCRIPTIVE,DESCRIPTIVE,supports_retrieval,reports_usefulness,YES,YES,relation+entity_exact+entity_jaccard_lt_0.5
FBV2_0092,Pharmacy Compounding Queue,"The morning sheet lists ingredient lot card and delivery tote, then places pharmacy compounding queue case 6-12 in the pending column. The passage supplies local context rather than a directive.",BACKGROUND,BACKGROUND,"[""ingredient lot card"", ""delivery tote"", ""pharmacy compounding queue case 6-12""]","[""compounding queue case"", ""compounding queue case 6-12"", ""ingredient lot card"", ""lists ingredient lot"", ""lists ingredient lot card"", ""morning sheet lists"", ""morning sheet lists ingredient"", ""passage supplies local""]",0.222222,0.250000,0.666667,0.363636,"[{""gold"": ""ingredient lot card"", ""pred"": ""ingredient lot card"", ""score"": 1.000000238418579}, {""gold"": ""pharmacy compounding queue case 6-12"", ""pred"": ""compounding queue case 6-12"", ""score"": 0.7845979332923889}]",DESCRIPTIVE,DESCRIPTIVE,sets_context,sets_context,NO,MAYBE,answer+entity_exact+entity_jaccard_lt_0.5
FBV2_0093,Pharmacy Compounding Queue,beyond-use time cannot carry the route by itself if quarantine bin is blank. The desk leaves pharmacy compounding queue case 6-13 in review until another record confirms it.,LIMITATION,LIMITATION,"[""beyond-use time"", ""quarantine bin"", ""pharmacy compounding queue case 6-13""]","[""quarantine bin"", ""pharmacy compounding queue case 6-13""]",0.666667,1.000000,0.666667,0.800000,"[{""gold"": ""quarantine bin"", ""pred"": ""quarantine bin"", ""score"": 1.0000001192092896}, {""gold"": ""pharmacy compounding queue case 6-13"", ""pred"": ""pharmacy compounding queue case 6-13"", ""score"": 0.9999999403953552}]",NEGATED,NEGATED,limits,limits,YES,YES,entity_exact
FBV2_0094,Pharmacy Compounding Queue,A follow-up table should pair pharmacist check tray with the owner who handled hood cleaning log. That table would show whether pharmacy compounding queue case 6-14 belongs earlier in the queue.,NEXT_STEP,NEXT_STEP,"[""pharmacist check tray"", ""hood cleaning log"", ""pharmacy compounding queue case 6-14""]","[""6-14 belongs earlier"", ""case 6-14 belongs"", ""case 6-14 belongs earlier"", ""compounding queue case"", ""compounding queue case 6-14"", ""handled hood cleaning"", ""handled hood cleaning log"", ""hood cleaning log""]",0.222222,0.250000,0.666667,0.363636,"[{""gold"": ""hood cleaning log"", ""pred"": ""hood cleaning log"", ""score"": 1.0}, {""gold"": ""pharmacy compounding queue case 6-14"", ""pred"": ""compounding queue case 6-14"", ""score"": 0.784599781036377}]",ACTIVE,ACTIVE,proposes_next_test,proposes_next_test,YES,YES,entity_exact+entity_jaccard_lt_0.5
FBV2_0095,Pharmacy Compounding Queue,"Read delivery tote, verify batch worksheet, and route pharmacy compounding queue case 6-15 through the lane already assigned to that case. Any mismatch stays in review.",METHOD,BACKGROUND,"[""delivery tote"", ""batch worksheet"", ""pharmacy compounding queue case 6-15""]","[""Any mismatch stays"", ""case Any mismatch"", ""case Any mismatch stays"", ""Read delivery tote"", ""Read delivery tote verify"", ""Any mismatch"", ""case 6-15 through"", ""case Any""]",0.100000,0.125000,0.333333,0.181818,"[{""gold"": ""delivery tote"", ""pred"": ""Read delivery tote"", ""score"": 0.8229117393493652}]",ACTIVE,DESCRIPTIVE,recommends,sets_context,YES,MAYBE,role+status+relation+answer+entity_exact+entity_jaccard_lt_0.5
FBV2_0096,Pharmacy Compounding Queue,The team calls quarantine bin the visible case item built from dose label plus pharmacy compounding queue case 6-16. That item is what later notes attach to.,DEFINE,DEFINE,"[""quarantine bin"", ""dose label"", ""pharmacy compounding queue case 6-16""]","[""calls quarantine bin"", ""case item built"", ""compounding queue case"", ""compounding queue case 6-16"", ""dose label plus"", ""dose label plus pharmacy"", ""label plus pharmacy"", ""label plus pharmacy compounding""]",0.375000,0.375000,1.000000,0.545455,"[{""gold"": ""dose label"", ""pred"": ""dose label plus"", ""score"": 0.9154186844825745}, {""gold"": ""quarantine bin"", ""pred"": ""calls quarantine bin"", ""score"": 0.8989608287811279}, {""gold"": ""pharmacy compounding queue case 6-16"", ""pred"": ""compounding queue case 6-16"", ""score"": 0.781557559967041}]",DESCRIPTIVE,DESCRIPTIVE,defines,defines,YES,YES,entity_exact+entity_jaccard_lt_0.5
FBV2_0097,Fire Hydrant Inspection Rounds,hydrant bonnet tag does not settle the case when street repair notice points to a different queue. Staff keep fire hydrant inspection case 7-01 open until a person resolves the conflict.,LIMITATION,LIMITATION,"[""hydrant bonnet tag"", ""street repair notice"", ""fire hydrant inspection case 7-01""]","[""different queue Staff"", ""different queue Staff keep"", ""queue Staff keep"", ""queue Staff keep fire"", ""Staff keep fire"", ""Staff keep fire hydrant"", ""7-01 open until"", ""bonnet tag does""]",0.222222,0.250000,0.666667,0.363636,"[{""gold"": ""hydrant bonnet tag"", ""pred"": ""bonnet tag does"", ""score"": 0.7192317247390747}, {""gold"": ""fire hydrant inspection case 7-01"", ""pred"": ""Staff keep fire hydrant"", ""score"": 0.5704561471939087}]",NEGATED,NEGATED,limits,limits,YES,YES,entity_exact+entity_jaccard_lt_0.5
FBV2_0098,Fire Hydrant Inspection Rounds,"Check flow pressure reading, copy the active line from crew tablet entry, and mark fire hydrant inspection case 7-02 only after the coordinator accepts the pair. The desk then releases the case.",METHOD,NEXT_STEP,"[""flow pressure reading"", ""crew tablet entry"", ""fire hydrant inspection case 7-02""]","[""Check flow pressure"", ""Check flow pressure reading"", ""7-02 only after"", ""case 7-02 only"", ""case 7-02 only after"", ""Check flow"", ""crew tablet entry"", ""fire hydrant inspection""]",0.375000,0.375000,1.000000,0.545455,"[{""gold"": ""crew tablet entry"", ""pred"": ""crew tablet entry"", ""score"": 1.0}, {""gold"": ""flow pressure reading"", ""pred"": ""Check flow pressure reading"", ""score"": 0.9230377674102783}, {""gold"": ""fire hydrant inspection case 7-02"", ""pred"": ""fire hydrant inspection"", ""score"": 0.8581310510635376}]",ACTIVE,ACTIVE,maps_to,proposes_next_test,YES,YES,role+relation+entity_exact+entity_jaccard_lt_0.5
FBV2_0099,Fire Hydrant Inspection Rounds,valve cap photo loses value when district map page is copied from an older shift. The case tied to fire hydrant inspection case 7-03 needs review before it moves.,LIMITATION,LIMITATION,"[""valve cap photo"", ""district map page"", ""fire hydrant inspection case 7-03""]","[""7-03 needs review"", ""cap photo loses"", ""cap photo loses value"", ""case 7-03 needs"", ""case 7-03 needs review"", ""district map page"", ""fire hydrant inspection"", ""fire hydrant inspection case""]",0.375000,0.375000,1.000000,0.545455,"[{""gold"": ""district map page"", ""pred"": ""district map page"", ""score"": 1.0}, {""gold"": ""fire hydrant inspection case 7-03"", ""pred"": ""fire hydrant inspection case"", ""score"": 0.9386578798294067}, {""gold"": ""valve cap photo"", ""pred"": ""cap photo loses"", ""score"": 0.5198668241500854}]",NEGATED,LIMITED,limits,warns_about,YES,YES,status+relation+entity_exact+entity_jaccard_lt_0.5
FBV2_0100,Fire Hydrant Inspection Rounds,street repair notice is the table entry that carries paint mark and fire hydrant inspection case 7-04 together. The coordinator treats the entry as one unit during handoff.,DEFINE,DEFINE,"[""street repair notice"", ""paint mark"", ""fire hydrant inspection case 7-04""]","[""carries paint mark"", ""case 7-04 together"", ""fire hydrant inspection"", ""fire hydrant inspection case"", ""hydrant inspection case"", ""hydrant inspection case 7-04"", ""inspection case 7-04"", ""inspection case 7-04 together""]",0.222222,0.250000,0.666667,0.363636,"[{""gold"": ""fire hydrant inspection case 7-04"", ""pred"": ""fire hydrant inspection case"", ""score"": 0.9242733716964722}, {""gold"": ""paint mark"", ""pred"": ""carries paint mark"", ""score"": 0.8310651779174805}]",DESCRIPTIVE,DESCRIPTIVE,defines,defines,YES,YES,entity_exact+entity_jaccard_lt_0.5
FBV2_0103,Fire Hydrant Inspection Rounds,"One closed case includes paint mark and flow pressure reading, but the desk later reopens it after reading fire hydrant inspection case 7-07. The file shows how a small detail changes the lane.",EXAMPLE,EXAMPLE,"[""paint mark"", ""flow pressure reading"", ""fire hydrant inspection case 7-07""]","[""One closed case"", ""One closed case includes"", ""after reading fire"", ""after reading fire hydrant"", ""case includes paint"", ""case includes paint mark"", ""closed case includes"", ""closed case includes paint""]",0.222222,0.250000,0.666667,0.363636,"[{""gold"": ""paint mark"", ""pred"": ""case includes paint mark"", ""score"": 0.7020960450172424}, {""gold"": ""fire hydrant inspection case 7-07"", ""pred"": ""after reading fire hydrant"", ""score"": 0.6120493412017822}]",DESCRIPTIVE,DESCRIPTIVE,gives_example,gives_example,YES,YES,entity_exact+entity_jaccard_lt_0.5
FBV2_0104,Fire Hydrant Inspection Rounds,The queue is easier to defend when repair ticket anchors the file and valve cap photo narrows it. A route based on fire hydrant inspection case 7-08 alone is less stable.,CLAIM,CLAIM,"[""repair ticket"", ""valve cap photo"", ""fire hydrant inspection case 7-08""]","[""fire hydrant inspection case 7-08"", ""repair ticket anchors"", ""file"", ""valve cap photo""]",0.750000,0.750000,1.000000,0.857143,"[{""gold"": ""valve cap photo"", ""pred"": ""valve cap photo"", ""score"": 1.0}, {""gold"": ""fire hydrant inspection case 7-08"", ""pred"": ""fire hydrant inspection case 7-08"", ""score"": 0.9999999403953552}, {""gold"": ""repair ticket"", ""pred"": ""repair ticket anchors"", ""score"": 0.6856793165206909}]",NEGATED,ACTIVE,asserts,asserts,YES,YES,status+entity_exact
FBV2_0105,Fire Hydrant Inspection Rounds,"At shift handover, hydrant bonnet tag and street repair notice frame the queue that includes fire hydrant inspection case 7-09. The note gives the coordinator enough scene detail to place later entries.",BACKGROUND,BACKGROUND,"[""hydrant bonnet tag"", ""street repair notice"", ""fire hydrant inspection case 7-09""]","[""coordinator enough scene"", ""coordinator enough scene detail"", ""enough scene detail"", ""fire hydrant inspection"", ""fire hydrant inspection case"", ""handover hydrant bonnet"", ""handover hydrant bonnet tag"", ""hydrant bonnet tag""]",0.222222,0.250000,0.666667,0.363636,"[{""gold"": ""hydrant bonnet tag"", ""pred"": ""hydrant bonnet tag"", ""score"": 1.0}, {""gold"": ""fire hydrant inspection case 7-09"", ""pred"": ""fire hydrant inspection case"", ""score"": 0.9365857839584351}]",DESCRIPTIVE,DESCRIPTIVE,sets_context,sets_context,NO,MAYBE,answer+entity_exact+entity_jaccard_lt_0.5
FBV2_0106,Fire Hydrant Inspection Rounds,A later sample should compare flow pressure reading with desk decisions made after crew tablet entry. The check would show whether fire hydrant inspection case 7-10 changes the queue or only documents it.,NEXT_STEP,NEXT_STEP,"[""flow pressure reading"", ""crew tablet entry"", ""fire hydrant inspection case 7-10""]","[""after crew tablet"", ""after crew tablet entry"", ""case 7-10 changes"", ""check would show"", ""check would show whether"", ""compare flow pressure"", ""compare flow pressure reading"", ""crew tablet entry""]",0.222222,0.250000,0.666667,0.363636,"[{""gold"": ""crew tablet entry"", ""pred"": ""crew tablet entry"", ""score"": 1.0}, {""gold"": ""flow pressure reading"", ""pred"": ""compare flow pressure reading"", ""score"": 0.9010195732116699}]",ACTIVE,ACTIVE,proposes_next_test,proposes_next_test,YES,YES,entity_exact+entity_jaccard_lt_0.5
FBV2_0108,Fire Hydrant Inspection Rounds,The closeout review placed street repair notice in the files that needed fewer callbacks. paint mark and fire hydrant inspection case 7-12 explained most of the remaining delays.,RESULT,RESULT,"[""street repair notice"", ""paint mark"", ""fire hydrant inspection case 7-12""]","[""7-12 explained most"", ""callbacks paint mark"", ""case 7-12 explained"", ""case 7-12 explained most"", ""closeout review placed"", ""closeout review placed street"", ""fewer callbacks paint"", ""fewer callbacks paint mark""]",0.100000,0.125000,0.333333,0.181818,"[{""gold"": ""paint mark"", ""pred"": ""callbacks paint mark"", ""score"": 0.7050461769104004}]",DESCRIPTIVE,DESCRIPTIVE,reports_usefulness,reports_usefulness,YES,YES,entity_exact+entity_jaccard_lt_0.5
FBV2_0109,Fire Hydrant Inspection Rounds,"Group crew tablet entry with cases that share repair ticket, then attach fire hydrant inspection case 7-13 before closure. The clerk records who accepted the handoff.",METHOD,METHOD,"[""crew tablet entry"", ""repair ticket"", ""fire hydrant inspection case 7-13""]","[""Group crew tablet"", ""Group crew tablet entry"", ""attach fire hydrant"", ""attach fire hydrant inspection"", ""clerk records who"", ""clerk records who accepted"", ""crew tablet entry"", ""fire hydrant inspection""]",0.222222,0.250000,0.666667,0.363636,"[{""gold"": ""crew tablet entry"", ""pred"": ""crew tablet entry"", ""score"": 1.0}, {""gold"": ""fire hydrant inspection case 7-13"", ""pred"": ""fire hydrant inspection"", ""score"": 0.8714842200279236}]",ACTIVE,ACTIVE,requires,recommends,YES,YES,relation+entity_exact+entity_jaccard_lt_0.5
FBV2_0110,Fire Hydrant Inspection Rounds,"The phrase district map page points to the record where hydrant bonnet tag and fire hydrant inspection case 7-14 are stored together. Staff use it only for the routing object, not for the entire service.",DEFINE,DEFINE,"[""district map page"", ""hydrant bonnet tag"", ""fire hydrant inspection case 7-14""]","[""district map page"", ""hydrant bonnet tag"", ""fire hydrant inspection case 7-14"", ""routing object""]",0.750000,0.750000,1.000000,0.857143,"[{""gold"": ""district map page"", ""pred"": ""district map page"", ""score"": 1.0}, {""gold"": ""fire hydrant inspection case 7-14"", ""pred"": ""fire hydrant inspection case 7-14"", ""score"": 1.0}, {""gold"": ""hydrant bonnet tag"", ""pred"": ""hydrant bonnet tag"", ""score"": 1.0}]",DESCRIPTIVE,DESCRIPTIVE,defines,defines,YES,YES,entity_exact
FBV2_0111,Fire Hydrant Inspection Rounds,"One closed case includes paint mark and flow pressure reading, but the desk later reopens it after reading fire hydrant inspection case 7-15. The file shows how a small detail changes the lane.",EXAMPLE,EXAMPLE,"[""paint mark"", ""flow pressure reading"", ""fire hydrant inspection case 7-15""]","[""One closed case"", ""One closed case includes"", ""after reading fire"", ""after reading fire hydrant"", ""case includes paint"", ""case includes paint mark"", ""closed case includes"", ""closed case includes paint""]",0.222222,0.250000,0.666667,0.363636,"[{""gold"": ""paint mark"", ""pred"": ""case includes paint mark"", ""score"": 0.7020960450172424}, {""gold"": ""fire hydrant inspection case 7-15"", ""pred"": ""after reading fire hydrant"", ""score"": 0.6033775806427002}]",DESCRIPTIVE,DESCRIPTIVE,gives_example,gives_example,YES,YES,entity_exact+entity_jaccard_lt_0.5
FBV2_0112,Fire Hydrant Inspection Rounds,"During the pilot, repair ticket matched the queue state more often than valve cap photo. The team used fire hydrant inspection case 7-16 to confirm the pattern.",RESULT,RESULT,"[""repair ticket"", ""valve cap photo"", ""fire hydrant inspection case 7-16""]","[""fire hydrant inspection"", ""fire hydrant inspection case"", ""hydrant inspection case"", ""hydrant inspection case 7-16"", ""inspection case 7-16"", ""pilot repair ticket"", ""pilot repair ticket matched"", ""queue state more""]",0.222222,0.250000,0.666667,0.363636,"[{""gold"": ""fire hydrant inspection case 7-16"", ""pred"": ""fire hydrant inspection case"", ""score"": 0.9323720932006836}, {""gold"": ""repair ticket"", ""pred"": ""pilot repair ticket"", ""score"": 0.7809782028198242}]",DESCRIPTIVE,DESCRIPTIVE,reports_usefulness,reports_usefulness,YES,YES,entity_exact+entity_jaccard_lt_0.5
FBV2_0113,Hotel Room Turnover Desk,hotel room turnover case 8-01 should not override linen cart count unless guest arrival window also supports the change. The stronger route comes from the combined case record.,CLAIM,BACKGROUND,"[""linen cart count"", ""guest arrival window"", ""hotel room turnover case 8-01""]","[""arrival window also"", ""arrival window also supports"", ""cart count unless"", ""cart count unless guest"", ""combined case record"", ""count unless guest"", ""count unless guest arrival"", ""guest arrival window""]",0.222222,0.250000,0.666667,0.363636,"[{""gold"": ""guest arrival window"", ""pred"": ""guest arrival window"", ""score"": 1.0}, {""gold"": ""linen cart count"", ""pred"": ""cart count unless"", ""score"": 0.6228219270706177}]",ACTIVE,DESCRIPTIVE,asserts,sets_context,YES,MAYBE,role+status+relation+answer+entity_exact+entity_jaccard_lt_0.5
FBV2_0114,Hotel Room Turnover Desk,A later sample should compare room status board with desk decisions made after minibar seal. The check would show whether hotel room turnover case 8-02 changes the queue or only documents it.,NEXT_STEP,NEXT_STEP,"[""room status board"", ""minibar seal"", ""hotel room turnover case 8-02""]","[""after minibar seal"", ""case 8-02 changes"", ""check would show"", ""check would show whether"", ""compare room status"", ""compare room status board"", ""decisions made after"", ""decisions made after minibar""]",0.222222,0.250000,0.666667,0.363636,"[{""gold"": ""minibar seal"", ""pred"": ""after minibar seal"", ""score"": 0.9175769090652466}, {""gold"": ""room status board"", ""pred"": ""compare room status board"", ""score"": 0.8776395320892334}]",ACTIVE,ACTIVE,proposes_next_test,proposes_next_test,YES,YES,entity_exact+entity_jaccard_lt_0.5
FBV2_0115,Hotel Room Turnover Desk,"maintenance knock list can lag behind the desk conversation, so housekeeper assignment may show a fresher view of hotel room turnover case 8-03. The coordinator cannot close the file from that record alone.",LIMITATION,LIMITATION,"[""maintenance knock list"", ""housekeeper assignment"", ""hotel room turnover case 8-03""]","[""assignment may show"", ""can lag behind"", ""coordinator cannot close"", ""hotel room turnover"", ""hotel room turnover case"", ""housekeeper assignment may"", ""housekeeper assignment may show"", ""knock list can""]",0.375000,0.375000,1.000000,0.545455,"[{""gold"": ""housekeeper assignment"", ""pred"": ""housekeeper assignment may show"", ""score"": 0.9363529682159424}, {""gold"": ""hotel room turnover case 8-03"", ""pred"": ""hotel room turnover case"", ""score"": 0.9134543538093567}, {""gold"": ""maintenance knock list"", ""pred"": ""knock list can"", ""score"": 0.669915497303009}]",NEGATED,NEGATED,limits,limits,YES,YES,entity_exact+entity_jaccard_lt_0.5
FBV2_0116,Hotel Room Turnover Desk,"Map guest arrival window to inspection note, then send hotel room turnover case 8-04 to the same queue. The case remains visible until the owner confirms receipt.",METHOD,METHOD,"[""guest arrival window"", ""inspection note"", ""hotel room turnover case 8-04""]","[""Map guest arrival"", ""Map guest arrival window"", ""case remains visible"", ""case remains visible until"", ""guest arrival window"", ""hotel room turnover"", ""hotel room turnover case"", ""Map guest""]",0.222222,0.250000,0.666667,0.363636,"[{""gold"": ""guest arrival window"", ""pred"": ""guest arrival window"", ""score"": 1.0}, {""gold"": ""hotel room turnover case 8-04"", ""pred"": ""hotel room turnover case"", ""score"": 0.9268171787261963}]",ACTIVE,ACTIVE,requires,maps_to,YES,YES,relation+entity_exact+entity_jaccard_lt_0.5
FBV2_0117,Hotel Room Turnover Desk,The desk gains a clearer queue when minibar seal and lost property bag travel together. Separating them leaves hotel room turnover case 8-05 too much room to steer the decision.,CLAIM,CLAIM,"[""minibar seal"", ""lost property bag"", ""hotel room turnover case 8-05""]","[""bag travel together Separating"", ""Separating them leaves"", ""Separating them leaves hotel"", ""together Separating them"", ""together Separating them leaves"", ""travel together Separating"", ""travel together Separating them"", ""8-05 too much""]",0.100000,0.125000,0.333333,0.181818,"[{""gold"": ""hotel room turnover case 8-05"", ""pred"": ""Separating them leaves hotel"", ""score"": 0.5389305353164673}]",ACTIVE,ACTIVE,asserts,asserts,YES,YES,entity_exact+entity_jaccard_lt_0.5
FBV2_0118,Hotel Room Turnover Desk,A caller asks about housekeeper assignment while the desk is still waiting for linen cart count. The coordinator checks hotel room turnover case 8-06 before assigning the next owner.,EXAMPLE,EXAMPLE,"[""housekeeper assignment"", ""linen cart count"", ""hotel room turnover case 8-06""]","[""about housekeeper assignment"", ""about housekeeper assignment while"", ""asks about housekeeper"", ""asks about housekeeper assignment"", ""caller asks about"", ""caller asks about housekeeper"", ""checks hotel room"", ""checks hotel room turnover""]",0.222222,0.250000,0.666667,0.363636,"[{""gold"": ""housekeeper assignment"", ""pred"": ""about housekeeper assignment"", ""score"": 0.9748335480690002}, {""gold"": ""hotel room turnover case 8-06"", ""pred"": ""checks hotel room turnover"", ""score"": 0.7677335143089294}]",DESCRIPTIVE,DESCRIPTIVE,gives_example,gives_example,YES,YES,entity_exact+entity_jaccard_lt_0.5
FBV2_0119,Hotel Room Turnover Desk,A later sample should compare inspection note with desk decisions made after room status board. The check would show whether hotel room turnover case 8-07 changes the queue or only documents it.,NEXT_STEP,NEXT_STEP,"[""inspection note"", ""room status board"", ""hotel room turnover case 8-07""]","[""after room status"", ""after room status board"", ""case 8-07 changes"", ""check would show"", ""check would show whether"", ""compare inspection note"", ""decisions made after"", ""decisions made after room""]",0.375000,0.375000,1.000000,0.545455,"[{""gold"": ""room status board"", ""pred"": ""after room status board"", ""score"": 0.9064555764198303}, {""gold"": ""inspection note"", ""pred"": ""compare inspection note"", ""score"": 0.8235776424407959}, {""gold"": ""hotel room turnover case 8-07"", ""pred"": ""after room status"", ""score"": 0.5009384155273438}]",ACTIVE,ACTIVE,proposes_next_test,proposes_next_test,YES,YES,entity_exact+entity_jaccard_lt_0.5
FBV2_0120,Hotel Room Turnover Desk,The month-end count showed lost property bag in the cases that moved before noon. Files without maintenance knock list leaned more heavily on hotel room turnover case 8-08.,RESULT,METHOD,"[""lost property bag"", ""maintenance knock list"", ""hotel room turnover case 8-08""]","[""count showed lost"", ""count showed lost property"", ""hotel room turnover"", ""hotel room turnover case"", ""knock list leaned"", ""knock list leaned more"", ""leaned more heavily"", ""list leaned more""]",0.375000,0.375000,1.000000,0.545455,"[{""gold"": ""hotel room turnover case 8-08"", ""pred"": ""hotel room turnover case"", ""score"": 0.91935133934021}, {""gold"": ""maintenance knock list"", ""pred"": ""knock list leaned"", ""score"": 0.5988284349441528}, {""gold"": ""lost property bag"", ""pred"": ""count showed lost property"", ""score"": 0.5141252279281616}]",DESCRIPTIVE,ACTIVE,reports_usefulness,recommends,YES,YES,role+status+relation+entity_exact+entity_jaccard_lt_0.5
FBV2_0121,Hotel Room Turnover Desk,"A clerk opens the folder with linen cart count, guest arrival window, and hotel room turnover case 8-09 on the same page. The entries orient the reader before any claim about priority appears.",BACKGROUND,BACKGROUND,"[""linen cart count"", ""guest arrival window"", ""hotel room turnover case 8-09""]","[""about priority appears"", ""any claim about"", ""any claim about priority"", ""cart count guest"", ""cart count guest arrival"", ""claim about priority"", ""claim about priority appears"", ""count guest arrival""]",0.222222,0.250000,0.666667,0.363636,"[{""gold"": ""guest arrival window"", ""pred"": ""count guest arrival"", ""score"": 0.7052488327026367}, {""gold"": ""linen cart count"", ""pred"": ""cart count guest"", ""score"": 0.6011507511138916}]",DESCRIPTIVE,DESCRIPTIVE,sets_context,sets_context,NO,MAYBE,answer+entity_exact+entity_jaccard_lt_0.5
FBV2_0122,Hotel Room Turnover Desk,The team calls room status board the visible case item built from minibar seal plus hotel room turnover case 8-10. That item is what later notes attach to.,DEFINE,DEFINE,"[""room status board"", ""minibar seal"", ""hotel room turnover case 8-10""]","[""calls room status"", ""calls room status board"", ""case item built"", ""hotel room turnover"", ""hotel room turnover case"", ""later notes attach"", ""minibar seal plus"", ""minibar seal plus hotel""]",0.375000,0.375000,1.000000,0.545455,"[{""gold"": ""minibar seal"", ""pred"": ""minibar seal plus"", ""score"": 0.9557866454124451}, {""gold"": ""hotel room turnover case 8-10"", ""pred"": ""hotel room turnover case"", ""score"": 0.9240967035293579}, {""gold"": ""room status board"", ""pred"": ""calls room status board"", ""score"": 0.8068643808364868}]",DESCRIPTIVE,DESCRIPTIVE,defines,defines,YES,YES,entity_exact+entity_jaccard_lt_0.5
FBV2_0123,Hotel Room Turnover Desk,"The phrase maintenance knock list points to the record where housekeeper assignment and hotel room turnover case 8-11 are stored together. Staff use it only for the routing object, not for the entire service.",DEFINE,DEFINE,"[""maintenance knock list"", ""housekeeper assignment"", ""hotel room turnover case 8-11""]","[""stored together Staff"", ""hotel room turnover"", ""hotel room turnover case"", ""knock list points"", ""maintenance knock list"", ""maintenance knock list points"", ""phrase maintenance knock"", ""phrase maintenance knock list""]",0.222222,0.250000,0.666667,0.363636,"[{""gold"": ""maintenance knock list"", ""pred"": ""maintenance knock list"", ""score"": 1.0}, {""gold"": ""hotel room turnover case 8-11"", ""pred"": ""hotel room turnover case"", ""score"": 0.9086027145385742}]",DESCRIPTIVE,DESCRIPTIVE,defines,defines,YES,YES,entity_exact+entity_jaccard_lt_0.5
FBV2_0124,Hotel Room Turnover Desk,"In the weekly review, guest arrival window appeared in most reopened cases while inspection note was usually present in clean handoffs. Reviewers used hotel room turnover case 8-12 to trace the difference.",RESULT,METHOD,"[""guest arrival window"", ""inspection note"", ""hotel room turnover case 8-12""]","[""clean handoffs Reviewers"", ""clean handoffs Reviewers used"", ""handoffs Reviewers used"", ""handoffs Reviewers used hotel"", ""Reviewers used hotel"", ""Reviewers used hotel room"", ""arrival window appeared"", ""cases while inspection""]",0.375000,0.375000,1.000000,0.545455,"[{""gold"": ""guest arrival window"", ""pred"": ""arrival window appeared"", ""score"": 0.7133376598358154}, {""gold"": ""inspection note"", ""pred"": ""cases while inspection"", ""score"": 0.6615418195724487}, {""gold"": ""hotel room turnover case 8-12"", ""pred"": ""Reviewers used hotel room"", ""score"": 0.5762039422988892}]",DESCRIPTIVE,ACTIVE,reports_usefulness,recommends,YES,YES,role+status+relation+entity_exact+entity_jaccard_lt_0.5
FBV2_0125,Hotel Room Turnover Desk,A late-day entry has minibar seal in the queue and lost property bag on a separate sheet. The coordinator links both to hotel room turnover case 8-13 before moving the case.,EXAMPLE,EXAMPLE,"[""minibar seal"", ""lost property bag"", ""hotel room turnover case 8-13""]","[""coordinator links both"", ""hotel room turnover"", ""hotel room turnover case"", ""lost property bag"", ""room turnover case"", ""room turnover case 8-13"", ""turnover case 8-13"", ""case""]",0.222222,0.250000,0.666667,0.363636,"[{""gold"": ""lost property bag"", ""pred"": ""lost property bag"", ""score"": 1.0}, {""gold"": ""hotel room turnover case 8-13"", ""pred"": ""hotel room turnover case"", ""score"": 0.923621654510498}]",DESCRIPTIVE,DESCRIPTIVE,gives_example,gives_example,YES,YES,entity_exact+entity_jaccard_lt_0.5
FBV2_0126,Hotel Room Turnover Desk,"At shift handover, housekeeper assignment and linen cart count frame the queue that includes hotel room turnover case 8-14. The note gives the coordinator enough scene detail to place later entries.",BACKGROUND,BACKGROUND,"[""housekeeper assignment"", ""linen cart count"", ""hotel room turnover case 8-14""]","[""cart count frame"", ""coordinator enough scene"", ""coordinator enough scene detail"", ""enough scene detail"", ""handover housekeeper assignment"", ""hotel room turnover"", ""hotel room turnover case"", ""includes hotel room""]",0.375000,0.375000,1.000000,0.545455,"[{""gold"": ""hotel room turnover case 8-14"", ""pred"": ""hotel room turnover case"", ""score"": 0.9183480143547058}, {""gold"": ""housekeeper assignment"", ""pred"": ""handover housekeeper assignment"", ""score"": 0.7989914417266846}, {""gold"": ""linen cart count"", ""pred"": ""cart count frame"", ""score"": 0.7084463834762573}]",DESCRIPTIVE,DESCRIPTIVE,sets_context,sets_context,MAYBE,MAYBE,entity_exact+entity_jaccard_lt_0.5
FBV2_0127,Hotel Room Turnover Desk,inspection note cannot carry the route by itself if room status board is blank. The desk leaves hotel room turnover case 8-15 in review until another record confirms it.,LIMITATION,LIMITATION,"[""inspection note"", ""room status board"", ""hotel room turnover case 8-15""]","[""room status board"", ""hotel room turnover case""]",0.666667,1.000000,0.666667,0.800000,"[{""gold"": ""room status board"", ""pred"": ""room status board"", ""score"": 1.0}, {""gold"": ""hotel room turnover case 8-15"", ""pred"": ""hotel room turnover case"", ""score"": 0.9233632683753967}]",NEGATED,NEGATED,limits,limits,YES,YES,entity_exact
FBV2_0128,Hotel Room Turnover Desk,Match lost property bag to maintenance knock list before assigning hotel room turnover case 8-16. The queue owner signs the file after the two entries line up.,METHOD,METHOD,"[""lost property bag"", ""maintenance knock list"", ""hotel room turnover case 8-16""]","[""Match lost property"", ""Match lost property bag"", ""assigning hotel room"", ""assigning hotel room turnover"", ""entries line up"", ""hotel room turnover"", ""hotel room turnover case"", ""lost property bag""]",0.222222,0.250000,0.666667,0.363636,"[{""gold"": ""lost property bag"", ""pred"": ""lost property bag"", ""score"": 1.0}, {""gold"": ""hotel room turnover case 8-16"", ""pred"": ""hotel room turnover case"", ""score"": 0.9208753705024719}]",ACTIVE,ACTIVE,requires,recommends,YES,YES,relation+entity_exact+entity_jaccard_lt_0.5
FBV2_0129,Recycling Contamination Audit,"Map bin photo sample to driver observation card, then send recycling contamination audit case 9-01 to the same queue. The case remains visible until the owner confirms receipt.",METHOD,METHOD,"[""bin photo sample"", ""driver observation card"", ""recycling contamination audit case 9-01""]","[""Map bin photo"", ""Map bin photo sample"", ""audit case 9-01"", ""bin photo sample"", ""case remains visible"", ""case remains visible until"", ""contamination audit case"", ""contamination audit case 9-01""]",0.222222,0.250000,0.666667,0.363636,"[{""gold"": ""bin photo sample"", ""pred"": ""bin photo sample"", ""score"": 1.0000001192092896}, {""gold"": ""recycling contamination audit case 9-01"", ""pred"": ""contamination audit case 9-01"", ""score"": 0.8880333304405212}]",ACTIVE,ACTIVE,requires,maps_to,YES,YES,relation+entity_exact+entity_jaccard_lt_0.5
FBV2_0130,Recycling Contamination Audit,"During the pilot, route tag matched the queue state more often than rejection sticker. The team used recycling contamination audit case 9-02 to confirm the pattern.",RESULT,RESULT,"[""route tag"", ""rejection sticker"", ""recycling contamination audit case 9-02""]","[""audit case 9-02"", ""contamination audit case"", ""contamination audit case 9-02"", ""pilot route tag"", ""pilot route tag matched"", ""queue state more"", ""queue state more often"", ""recycling contamination audit""]",0.222222,0.250000,0.666667,0.363636,"[{""gold"": ""recycling contamination audit case 9-02"", ""pred"": ""recycling contamination audit"", ""score"": 0.9372680187225342}, {""gold"": ""route tag"", ""pred"": ""pilot route tag"", ""score"": 0.7889176607131958}]",DESCRIPTIVE,DESCRIPTIVE,reports_usefulness,reports_usefulness,YES,YES,entity_exact+entity_jaccard_lt_0.5
FBV2_0131,Recycling Contamination Audit,The closeout review placed sorting belt note in the files that needed fewer callbacks. load weight ticket and recycling contamination audit case 9-03 explained most of the remaining delays.,RESULT,RESULT,"[""sorting belt note"", ""load weight ticket"", ""recycling contamination audit case 9-03""]","[""9-03 explained most"", ""audit case 9-03"", ""audit case 9-03 explained"", ""callbacks load weight"", ""callbacks load weight ticket"", ""case 9-03 explained"", ""case 9-03 explained most"", ""closeout review placed""]",0.222222,0.250000,0.666667,0.363636,"[{""gold"": ""load weight ticket"", ""pred"": ""callbacks load weight ticket"", ""score"": 0.7672436833381653}, {""gold"": ""recycling contamination audit case 9-03"", ""pred"": ""audit case 9-03"", ""score"": 0.6397465467453003}]",DESCRIPTIVE,DESCRIPTIVE,supports_retrieval,reports_usefulness,YES,YES,relation+entity_exact+entity_jaccard_lt_0.5
FBV2_0132,Recycling Contamination Audit,"Before the coordinator touches the queue, driver observation card and education leaflet batch are checked against recycling contamination audit case 9-04. The detail marks the operational setting for the case.",BACKGROUND,BACKGROUND,"[""driver observation card"", ""education leaflet batch"", ""recycling contamination audit case 9-04""]","[""against recycling contamination"", ""against recycling contamination audit"", ""audit case 9-04"", ""checked against recycling"", ""checked against recycling contamination"", ""contamination audit case"", ""contamination audit case 9-04"", ""driver observation card""]",0.222222,0.250000,0.666667,0.363636,"[{""gold"": ""driver observation card"", ""pred"": ""driver observation card"", ""score"": 0.9999999403953552}, {""gold"": ""recycling contamination audit case 9-04"", ""pred"": ""against recycling contamination audit"", ""score"": 0.9245471954345703}]",DESCRIPTIVE,DESCRIPTIVE,sets_context,sets_context,MAYBE,MAYBE,entity_exact+entity_jaccard_lt_0.5
FBV2_0133,Recycling Contamination Audit,"The office can hold out files containing rejection sticker, then compare them with cases built around transfer station bay. That review would test whether recycling contamination audit case 9-05 moves earlier.",NEXT_STEP,NEXT_STEP,"[""rejection sticker"", ""transfer station bay"", ""recycling contamination audit case 9-05""]","[""9-05 moves earlier"", ""around transfer station"", ""around transfer station bay"", ""audit case 9-05"", ""audit case 9-05 moves"", ""built around transfer"", ""built around transfer station"", ""can hold out""]",0.222222,0.250000,0.666667,0.363636,"[{""gold"": ""transfer station bay"", ""pred"": ""around transfer station bay"", ""score"": 0.9202275276184082}, {""gold"": ""recycling contamination audit case 9-05"", ""pred"": ""audit case 9-05"", ""score"": 0.6270426511764526}]",ACTIVE,ACTIVE,proposes_next_test,proposes_next_test,YES,YES,entity_exact+entity_jaccard_lt_0.5
FBV2_0134,Recycling Contamination Audit,A coordinator should treat load weight ticket with care when bin photo sample has no matching timestamp. recycling contamination audit case 9-06 remains open until the file catches up.,LIMITATION,LIMITATION,"[""load weight ticket"", ""bin photo sample"", ""recycling contamination audit case 9-06""]","[""9-06 remains open"", ""9-06 remains open until"", ""audit case 9-06"", ""audit case 9-06 remains"", ""bin photo sample"", ""case 9-06 remains"", ""case 9-06 remains open"", ""contamination audit case""]",0.222222,0.250000,0.666667,0.363636,"[{""gold"": ""bin photo sample"", ""pred"": ""bin photo sample"", ""score"": 1.0000001192092896}, {""gold"": ""recycling contamination audit case 9-06"", ""pred"": ""contamination audit case"", ""score"": 0.8723725080490112}]",LIMITED,LIMITED,warns_about,warns_about,YES,YES,entity_exact+entity_jaccard_lt_0.5
FBV2_0135,Recycling Contamination Audit,education leaflet batch cannot carry the route by itself if route tag is blank. The desk leaves recycling contamination audit case 9-07 in review until another record confirms it.,LIMITATION,LIMITATION,"[""education leaflet batch"", ""route tag"", ""recycling contamination audit case 9-07""]","[""another record confirms"", ""audit case 9-07"", ""batch cannot carry"", ""contamination audit case"", ""contamination audit case 9-07"", ""desk leaves recycling"", ""desk leaves recycling contamination"", ""education leaflet batch""]",0.222222,0.250000,0.666667,0.363636,"[{""gold"": ""education leaflet batch"", ""pred"": ""education leaflet batch"", ""score"": 1.0}, {""gold"": ""recycling contamination audit case 9-07"", ""pred"": ""contamination audit case 9-07"", ""score"": 0.8848557472229004}]",NEGATED,NEGATED,limits,limits,YES,YES,entity_exact+entity_jaccard_lt_0.5
FBV2_0136,Recycling Contamination Audit,"The phrase transfer station bay points to the record where sorting belt note and recycling contamination audit case 9-08 are stored together. Staff use it only for the routing object, not for the entire service.",DEFINE,DEFINE,"[""transfer station bay"", ""sorting belt note"", ""recycling contamination audit case 9-08""]","[""stored together Staff"", ""audit case 9-08"", ""contamination audit case"", ""contamination audit case 9-08"", ""phrase transfer station"", ""phrase transfer station bay"", ""recycling contamination audit"", ""recycling contamination audit case""]",0.222222,0.250000,0.666667,0.363636,"[{""gold"": ""recycling contamination audit case 9-08"", ""pred"": ""recycling contamination audit case"", ""score"": 0.9771783947944641}, {""gold"": ""transfer station bay"", ""pred"": ""phrase transfer station bay"", ""score"": 0.838502049446106}]",DESCRIPTIVE,DESCRIPTIVE,defines,defines,YES,YES,entity_exact+entity_jaccard_lt_0.5
FBV2_0137,Recycling Contamination Audit,bin photo sample deserves priority only when driver observation card shows the same pressure. Otherwise recycling contamination audit case 9-09 may exaggerate the urgency of the case.,CLAIM,CLAIM,"[""bin photo sample"", ""driver observation card"", ""recycling contamination audit case 9-09""]","[""Otherwise recycling contamination"", ""Otherwise recycling contamination audit"", ""pressure Otherwise recycling"", ""pressure Otherwise recycling contamination"", ""same pressure Otherwise"", ""same pressure Otherwise recycling"", ""9-09 may exaggerate"", ""audit case 9-09""]",0.100000,0.125000,0.333333,0.181818,"[{""gold"": ""recycling contamination audit case 9-09"", ""pred"": ""Otherwise recycling contamination audit"", ""score"": 0.9208264350891113}]",ACTIVE,ACTIVE,asserts,asserts,YES,YES,entity_exact+entity_jaccard_lt_0.5
FBV2_0138,Recycling Contamination Audit,rejection sticker is filed next to route tag whenever recycling contamination audit case 9-10 is active. That arrangement shows which parts of the work are already on the board.,BACKGROUND,METHOD,"[""route tag"", ""rejection sticker"", ""recycling contamination audit case 9-10""]","[""route tag"", ""audit case 9-10"", ""contamination audit case"", ""contamination audit case 9-10"", ""recycling contamination audit"", ""recycling contamination audit case"", ""route tag whenever"", ""route tag whenever recycling""]",0.222222,0.250000,0.666667,0.363636,"[{""gold"": ""route tag"", ""pred"": ""route tag"", ""score"": 1.0}, {""gold"": ""recycling contamination audit case 9-10"", ""pred"": ""recycling contamination audit case"", ""score"": 0.9807875752449036}]",DESCRIPTIVE,ACTIVE,sets_context,recommends,MAYBE,YES,role+status+relation+answer+entity_exact+entity_jaccard_lt_0.5
FBV2_0139,Recycling Contamination Audit,"For this office, sorting belt note is the case-facing reference that holds load weight ticket and recycling contamination audit case 9-11. The label stays with the file until the desk closes it.",DEFINE,DEFINE,"[""sorting belt note"", ""load weight ticket"", ""recycling contamination audit case 9-11""]","[""audit case 9-11"", ""contamination audit case"", ""contamination audit case 9-11"", ""holds load weight"", ""holds load weight ticket"", ""load weight ticket"", ""office sorting belt"", ""office sorting belt note""]",0.375000,0.375000,1.000000,0.545455,"[{""gold"": ""load weight ticket"", ""pred"": ""load weight ticket"", ""score"": 1.0}, {""gold"": ""sorting belt note"", ""pred"": ""office sorting belt note"", ""score"": 0.9071660041809082}, {""gold"": ""recycling contamination audit case 9-11"", ""pred"": ""contamination audit case 9-11"", ""score"": 0.8833460807800293}]",DESCRIPTIVE,DESCRIPTIVE,defines,defines,YES,YES,entity_exact+entity_jaccard_lt_0.5
FBV2_0140,Recycling Contamination Audit,A routine case shows driver observation card on the morning list and education leaflet batch in the afternoon packet. recycling contamination audit case 9-12 then explains why the owner changed the lane.,EXAMPLE,EXAMPLE,"[""driver observation card"", ""education leaflet batch"", ""recycling contamination audit case 9-12""]","[""afternoon packet recycling"", ""afternoon packet recycling contamination"", ""audit case 9-12"", ""case shows driver"", ""case shows driver observation"", ""contamination audit case"", ""contamination audit case 9-12"", ""driver observation card""]",0.222222,0.250000,0.666667,0.363636,"[{""gold"": ""driver observation card"", ""pred"": ""driver observation card"", ""score"": 0.9999999403953552}, {""gold"": ""recycling contamination audit case 9-12"", ""pred"": ""contamination audit case 9-12"", ""score"": 0.8828320503234863}]",DESCRIPTIVE,DESCRIPTIVE,gives_example,gives_example,YES,YES,entity_exact+entity_jaccard_lt_0.5
FBV2_0141,Recycling Contamination Audit,A late-day entry has rejection sticker in the queue and transfer station bay on a separate sheet. The coordinator links both to recycling contamination audit case 9-13 before moving the case.,EXAMPLE,EXAMPLE,"[""rejection sticker"", ""transfer station bay"", ""recycling contamination audit case 9-13""]","[""audit case 9-13"", ""contamination audit case"", ""contamination audit case 9-13"", ""coordinator links both"", ""recycling contamination audit"", ""recycling contamination audit case"", ""transfer station bay"", ""audit case""]",0.222222,0.250000,0.666667,0.363636,"[{""gold"": ""transfer station bay"", ""pred"": ""transfer station bay"", ""score"": 1.0}, {""gold"": ""recycling contamination audit case 9-13"", ""pred"": ""recycling contamination audit case"", ""score"": 0.9759109020233154}]",DESCRIPTIVE,DESCRIPTIVE,gives_example,gives_example,YES,YES,entity_exact+entity_jaccard_lt_0.5
FBV2_0142,Recycling Contamination Audit,A second pass should track load weight ticket from intake to closure and record when bin photo sample appears. The team can then see whether recycling contamination audit case 9-14 predicts a route change.,NEXT_STEP,NEXT_STEP,"[""load weight ticket"", ""bin photo sample"", ""recycling contamination audit case 9-14""]","[""audit case 9-14"", ""audit case 9-14 predicts"", ""bin photo sample"", ""bin photo sample appears"", ""case 9-14 predicts"", ""contamination audit case"", ""contamination audit case 9-14"", ""load weight ticket""]",0.375000,0.375000,1.000000,0.545455,"[{""gold"": ""bin photo sample"", ""pred"": ""bin photo sample"", ""score"": 1.0000001192092896}, {""gold"": ""load weight ticket"", ""pred"": ""load weight ticket"", ""score"": 1.0}, {""gold"": ""recycling contamination audit case 9-14"", ""pred"": ""contamination audit case 9-14"", ""score"": 0.8848527073860168}]",ACTIVE,ACTIVE,proposes_next_test,proposes_next_test,YES,YES,entity_exact+entity_jaccard_lt_0.5
FBV2_0144,Recycling Contamination Audit,Move transfer station bay only after sorting belt note is present and recycling contamination audit case 9-16 has a staff owner. The desk keeps unmatched files in the open column.,METHOD,NEXT_STEP,"[""transfer station bay"", ""sorting belt note"", ""recycling contamination audit case 9-16""]","[""Move transfer station"", ""Move transfer station bay"", ""after sorting belt"", ""after sorting belt note"", ""audit case 9-16"", ""bay only after"", ""bay only after sorting"", ""contamination audit case""]",0.375000,0.375000,1.000000,0.545455,"[{""gold"": ""sorting belt note"", ""pred"": ""after sorting belt note"", ""score"": 0.9272900819778442}, {""gold"": ""transfer station bay"", ""pred"": ""Move transfer station bay"", ""score"": 0.9267658591270447}, {""gold"": ""recycling contamination audit case 9-16"", ""pred"": ""contamination audit case"", ""score"": 0.869611918926239}]",ACTIVE,ACTIVE,requires,proposes_next_test,YES,YES,role+relation+entity_exact+entity_jaccard_lt_0.5
FBV2_0145,Community Sports Fixture Desk,A desk sample showed pitch booking sheet reducing search time when weather closure notice was also attached. community sports fixture case 10-01 was the field most often opened during review.,RESULT,RESULT,"[""pitch booking sheet"", ""weather closure notice"", ""community sports fixture case 10-01""]","[""also attached community"", ""also attached community sports"", ""attached community sports"", ""attached community sports fixture"", ""booking sheet reducing"", ""booking sheet reducing search"", ""case 10-01 was"", ""closure notice was""]",0.375000,0.375000,1.000000,0.545455,"[{""gold"": ""community sports fixture case 10-01"", ""pred"": ""attached community sports fixture"", ""score"": 0.8279827833175659}, {""gold"": ""weather closure notice"", ""pred"": ""closure notice was"", ""score"": 0.7504119277000427}, {""gold"": ""pitch booking sheet"", ""pred"": ""booking sheet reducing"", ""score"": 0.6624768972396851}]",DESCRIPTIVE,DESCRIPTIVE,supports_retrieval,reports_usefulness,YES,YES,relation+entity_exact+entity_jaccard_lt_0.5
FBV2_0146,Community Sports Fixture Desk,referee availability grid sits beside kit clash record at the opening desk while community sports fixture case 10-02 waits for review. Staff read the packet to understand the day before any routing choice moves.,BACKGROUND,BACKGROUND,"[""referee availability grid"", ""kit clash record"", ""community sports fixture case 10-02""]","[""review Staff read"", ""any routing choice"", ""any routing choice moves"", ""availability grid sits"", ""availability grid sits beside"", ""beside kit clash"", ""beside kit clash record"", ""case 10-02 waits""]",0.222222,0.250000,0.666667,0.363636,"[{""gold"": ""kit clash record"", ""pred"": ""beside kit clash record"", ""score"": 0.9171417951583862}, {""gold"": ""referee availability grid"", ""pred"": ""availability grid sits beside"", ""score"": 0.5825791358947754}]",DESCRIPTIVE,DESCRIPTIVE,sets_context,sets_context,MAYBE,MAYBE,entity_exact+entity_jaccard_lt_0.5
FBV2_0147,Community Sports Fixture Desk,club travel note is the table entry that carries score submission form and community sports fixture case 10-03 together. The coordinator treats the entry as one unit during handoff.,DEFINE,DEFINE,"[""club travel note"", ""score submission form"", ""community sports fixture case 10-03""]","[""carries score submission"", ""carries score submission form"", ""case 10-03 together"", ""club travel note"", ""community sports fixture"", ""community sports fixture case"", ""fixture case 10-03"", ""fixture case 10-03 together""]",0.375000,0.375000,1.000000,0.545455,"[{""gold"": ""club travel note"", ""pred"": ""club travel note"", ""score"": 1.0}, {""gold"": ""community sports fixture case 10-03"", ""pred"": ""community sports fixture case"", ""score"": 0.95489501953125}, {""gold"": ""score submission form"", ""pred"": ""carries score submission form"", ""score"": 0.8902027010917664}]",DESCRIPTIVE,DESCRIPTIVE,defines,defines,YES,YES,entity_exact+entity_jaccard_lt_0.5
FBV2_0148,Community Sports Fixture Desk,The desk can sample twenty files where weather closure notice and floodlight slot disagree. Reviewers would inspect whether community sports fixture case 10-04 helps choose the final lane.,NEXT_STEP,NEXT_STEP,"[""weather closure notice"", ""floodlight slot"", ""community sports fixture case 10-04""]","[""disagree Reviewers would"", ""disagree Reviewers would inspect"", ""floodlight slot disagree Reviewers"", ""Reviewers would inspect"", ""Reviewers would inspect whether"", ""slot disagree Reviewers"", ""slot disagree Reviewers would"", ""10-04 helps choose""]",0.100000,0.125000,0.333333,0.181818,"[{""gold"": ""floodlight slot"", ""pred"": ""floodlight slot disagree Reviewers"", ""score"": 0.7757747173309326}]",ACTIVE,ACTIVE,proposes_next_test,proposes_next_test,YES,YES,entity_exact+entity_jaccard_lt_0.5
FBV2_0149,Community Sports Fixture Desk,A later audit should separate cases with kit clash record from cases with only appeal email. The comparison would show whether community sports fixture case 10-05 adds routing value.,NEXT_STEP,NEXT_STEP,"[""kit clash record"", ""appeal email"", ""community sports fixture case 10-05""]","[""10-05 adds routing"", ""10-05 adds routing value"", ""adds routing value"", ""cases"", ""case 10-05 adds"", ""case 10-05 adds routing"", ""community sports fixture"", ""community sports fixture case""]",0.100000,0.125000,0.333333,0.181818,"[{""gold"": ""community sports fixture case 10-05"", ""pred"": ""community sports fixture case"", ""score"": 0.964777410030365}]",ACTIVE,ACTIVE,proposes_next_test,proposes_next_test,YES,YES,entity_exact+entity_jaccard_lt_0.5
FBV2_0150,Community Sports Fixture Desk,score submission form deserves priority only when pitch booking sheet shows the same pressure. Otherwise community sports fixture case 10-06 may exaggerate the urgency of the case.,CLAIM,CLAIM,"[""score submission form"", ""pitch booking sheet"", ""community sports fixture case 10-06""]","[""Otherwise community sports"", ""Otherwise community sports fixture"", ""pressure Otherwise community"", ""pressure Otherwise community sports"", ""same pressure Otherwise"", ""same pressure Otherwise community"", ""10-06 may exaggerate"", ""booking sheet shows""]",0.222222,0.250000,0.666667,0.363636,"[{""gold"": ""community sports fixture case 10-06"", ""pred"": ""Otherwise community sports fixture"", ""score"": 0.7774733304977417}, {""gold"": ""pitch booking sheet"", ""pred"": ""booking sheet shows"", ""score"": 0.757412314414978}]",ACTIVE,ACTIVE,asserts,asserts,YES,YES,entity_exact+entity_jaccard_lt_0.5
FBV2_0151,Community Sports Fixture Desk,"During the pilot, floodlight slot matched the queue state more often than referee availability grid. The team used community sports fixture case 10-07 to confirm the pattern.",RESULT,RESULT,"[""floodlight slot"", ""referee availability grid"", ""community sports fixture case 10-07""]","[""community sports fixture"", ""community sports fixture case"", ""fixture case 10-07"", ""floodlight slot matched"", ""pilot floodlight slot"", ""pilot floodlight slot matched"", ""queue state more"", ""queue state more often""]",0.222222,0.250000,0.666667,0.363636,"[{""gold"": ""community sports fixture case 10-07"", ""pred"": ""community sports fixture case"", ""score"": 0.9601016640663147}, {""gold"": ""floodlight slot"", ""pred"": ""floodlight slot matched"", ""score"": 0.8644262552261353}]",DESCRIPTIVE,DESCRIPTIVE,supports_retrieval,reports_usefulness,YES,YES,relation+entity_exact+entity_jaccard_lt_0.5
FBV2_0152,Community Sports Fixture Desk,"For this office, appeal email is the case-facing reference that holds club travel note and community sports fixture case 10-08. The label stays with the file until the desk closes it.",DEFINE,METHOD,"[""appeal email"", ""club travel note"", ""community sports fixture case 10-08""]","[""club travel note"", ""community sports fixture"", ""community sports fixture case"", ""fixture case 10-08"", ""holds club travel"", ""holds club travel note"", ""office appeal email"", ""sports fixture case""]",0.375000,0.375000,1.000000,0.545455,"[{""gold"": ""club travel note"", ""pred"": ""club travel note"", ""score"": 1.0}, {""gold"": ""community sports fixture case 10-08"", ""pred"": ""community sports fixture case"", ""score"": 0.959892749786377}, {""gold"": ""appeal email"", ""pred"": ""office appeal email"", ""score"": 0.8967483043670654}]",DESCRIPTIVE,ACTIVE,defines,recommends,YES,YES,role+status+relation+entity_exact+entity_jaccard_lt_0.5
FBV2_0153,Community Sports Fixture Desk,community sports fixture case 10-09 arrives with pitch booking sheet attached and weather closure notice still unsigned. The desk keeps both items visible so the surrounding situation is clear.,BACKGROUND,BACKGROUND,"[""pitch booking sheet"", ""weather closure notice"", ""community sports fixture case 10-09""]","[""sports fixture"", ""pitch booking sheet"", ""weather closure notice""]",1.000000,1.000000,1.000000,1.000000,"[{""gold"": ""pitch booking sheet"", ""pred"": ""pitch booking sheet"", ""score"": 1.0000001192092896}, {""gold"": ""weather closure notice"", ""pred"": ""weather closure notice"", ""score"": 1.0}, {""gold"": ""community sports fixture case 10-09"", ""pred"": ""sports fixture"", ""score"": 0.78779536485672}]",DESCRIPTIVE,DESCRIPTIVE,sets_context,sets_context,NO,MAYBE,answer
FBV2_0154,Community Sports Fixture Desk,Match referee availability grid to kit clash record before assigning community sports fixture case 10-10. The queue owner signs the file after the two entries line up.,METHOD,METHOD,"[""referee availability grid"", ""kit clash record"", ""community sports fixture case 10-10""]","[""Match referee availability"", ""Match referee availability grid"", ""assigning community sports"", ""assigning community sports fixture"", ""community sports fixture"", ""community sports fixture case"", ""entries line up"", ""fixture case 10-10""]",0.222222,0.250000,0.666667,0.363636,"[{""gold"": ""community sports fixture case 10-10"", ""pred"": ""community sports fixture case"", ""score"": 0.9581167101860046}, {""gold"": ""referee availability grid"", ""pred"": ""Match referee availability grid"", ""score"": 0.9304568767547607}]",ACTIVE,ACTIVE,requires,recommends,YES,YES,relation+entity_exact+entity_jaccard_lt_0.5
FBV2_0155,Community Sports Fixture Desk,"Read club travel note, verify score submission form, and route community sports fixture case 10-11 through the lane already assigned to that case. Any mismatch stays in review.",METHOD,DEFINE,"[""club travel note"", ""score submission form"", ""community sports fixture case 10-11""]","[""route community sports fixture case"", ""score submission form""]",0.666667,1.000000,0.666667,0.800000,"[{""gold"": ""score submission form"", ""pred"": ""score submission form"", ""score"": 1.0}, {""gold"": ""community sports fixture case 10-11"", ""pred"": ""route community sports fixture case"", ""score"": 0.8325745463371277}]",ACTIVE,DESCRIPTIVE,maps_to,defines,YES,YES,role+status+relation+entity_exact
FBV2_0156,Community Sports Fixture Desk,A sample handoff begins with weather closure notice in place and floodlight slot missing from the packet. community sports fixture case 10-12 gives the reviewer the reason for keeping the file open.,EXAMPLE,EXAMPLE,"[""weather closure notice"", ""floodlight slot"", ""community sports fixture case 10-12""]","[""case 10-12 gives"", ""community sports fixture"", ""community sports fixture case"", ""fixture case 10-12"", ""fixture case 10-12 gives"", ""floodlight slot missing"", ""packet community sports"", ""packet community sports fixture""]",0.222222,0.250000,0.666667,0.363636,"[{""gold"": ""community sports fixture case 10-12"", ""pred"": ""community sports fixture case"", ""score"": 0.943801999092102}, {""gold"": ""floodlight slot"", ""pred"": ""floodlight slot missing"", ""score"": 0.848936915397644}]",DESCRIPTIVE,DESCRIPTIVE,gives_example,gives_example,YES,YES,entity_exact+entity_jaccard_lt_0.5
FBV2_0157,Community Sports Fixture Desk,"kit clash record can lag behind the desk conversation, so appeal email may show a fresher view of community sports fixture case 10-13. The coordinator cannot close the file from that record alone.",LIMITATION,LIMITATION,"[""kit clash record"", ""appeal email"", ""community sports fixture case 10-13""]","[""appeal email may"", ""appeal email may show"", ""can lag behind"", ""clash record can"", ""clash record can lag"", ""community sports fixture"", ""community sports fixture case"", ""coordinator cannot close""]",0.375000,0.375000,1.000000,0.545455,"[{""gold"": ""community sports fixture case 10-13"", ""pred"": ""community sports fixture case"", ""score"": 0.9508063793182373}, {""gold"": ""appeal email"", ""pred"": ""appeal email may show"", ""score"": 0.9421448707580566}, {""gold"": ""kit clash record"", ""pred"": ""clash record can"", ""score"": 0.6729596853256226}]",NEGATED,NEGATED,limits,limits,YES,YES,entity_exact+entity_jaccard_lt_0.5
FBV2_0158,Community Sports Fixture Desk,"One closed case includes score submission form and pitch booking sheet, but the desk later reopens it after reading community sports fixture case 10-14. The file shows how a small detail changes the lane.",EXAMPLE,EXAMPLE,"[""score submission form"", ""pitch booking sheet"", ""community sports fixture case 10-14""]","[""One closed case"", ""One closed case includes"", ""after reading community"", ""after reading community sports"", ""booking sheet but"", ""case includes score"", ""case includes score submission"", ""closed case includes""]",0.375000,0.375000,1.000000,0.545455,"[{""gold"": ""pitch booking sheet"", ""pred"": ""booking sheet but"", ""score"": 0.7972242832183838}, {""gold"": ""score submission form"", ""pred"": ""case includes score submission"", ""score"": 0.685791015625}, {""gold"": ""community sports fixture case 10-14"", ""pred"": ""after reading community sports"", ""score"": 0.6305702924728394}]",DESCRIPTIVE,DESCRIPTIVE,gives_example,gives_example,YES,YES,entity_exact+entity_jaccard_lt_0.5
FBV2_0159,Community Sports Fixture Desk,floodlight slot loses value when referee availability grid is copied from an older shift. The case tied to community sports fixture case 10-15 needs review before it moves.,LIMITATION,LIMITATION,"[""floodlight slot"", ""referee availability grid"", ""community sports fixture case 10-15""]","[""referee availability grid"", ""community sports fixture case""]",0.666667,1.000000,0.666667,0.800000,"[{""gold"": ""referee availability grid"", ""pred"": ""referee availability grid"", ""score"": 1.0}, {""gold"": ""community sports fixture case 10-15"", ""pred"": ""community sports fixture case"", ""score"": 0.9500418305397034}]",NEGATED,LIMITED,limits,warns_about,YES,YES,status+relation+entity_exact
FBV2_0160,Community Sports Fixture Desk,Pairing appeal email with club travel note gives the coordinator a sturdier basis for judging community sports fixture case 10-16. A case routed from only one of those records is easier to misplace.,CLAIM,CLAIM,"[""appeal email"", ""club travel note"", ""community sports fixture case 10-16""]","[""pairing appeal email"", ""club travel note"", ""case 10-16""]",0.500000,0.666667,0.666667,0.666667,"[{""gold"": ""club travel note"", ""pred"": ""club travel note"", ""score"": 1.0}, {""gold"": ""appeal email"", ""pred"": ""pairing appeal email"", ""score"": 0.7752330303192139}]",NEGATED,ACTIVE,asserts,asserts,YES,YES,status+entity_exact
