doc_id,title,segment_id,source_doc,source_topic,segment_index,route_question,text,segment_text,role,entities,operative_status,relation,answer_relevance,gold_role,gold_entities,gold_operative_status,gold_relation,gold_answer_relevance,annotation_notes,gold_answer_relevant,answer_relevant
FBV1_DOC_01_wildfire_crew_dispatch,EmberDispatch Wildfire Crew Rotation,FBV1_0001,FBV1_DOC_01_wildfire_crew_dispatch,EmberDispatch Wildfire Crew Rotation,1,How should a wildfire operations desk route crew rotation decisions?,"The source note comes from a local operations desk that tracks strike team board, air tanker slot, and fatigue log during busy shifts. It frames the work area for EmberDispatch before any recommendation is made.","The source note comes from a local operations desk that tracks strike team board, air tanker slot, and fatigue log during busy shifts. It frames the work area for EmberDispatch before any recommendation is made.",BACKGROUND,"[""EmberDispatch"", ""strike team board"", ""fuel break map""]",DESCRIPTIVE,sets_context,PARTIAL,BACKGROUND,"[""EmberDispatch"", ""strike team board"", ""fuel break map""]",DESCRIPTIVE,sets_context,PARTIAL,fresh_blind_v1_gold_by_construction_seed_20260622,MAYBE,PARTIAL
FBV1_DOC_01_wildfire_crew_dispatch,EmberDispatch Wildfire Crew Rotation,FBV1_0002,FBV1_DOC_01_wildfire_crew_dispatch,EmberDispatch Wildfire Crew Rotation,2,How should a wildfire operations desk route crew rotation decisions?,"The coordinator should map the strike team board against the fuel break map before releasing the next task. If the two records disagree, the item stays with fatigue log until the discrepancy is cleared.","The coordinator should map the strike team board against the fuel break map before releasing the next task. If the two records disagree, the item stays with fatigue log until the discrepancy is cleared.",METHOD,"[""EmberDispatch"", ""fatigue log"", ""strike team board""]",ACTIVE,maps_to,RELEVANT,METHOD,"[""EmberDispatch"", ""fatigue log"", ""strike team board""]",ACTIVE,maps_to,RELEVANT,fresh_blind_v1_gold_by_construction_seed_20260622,YES,RELEVANT
FBV1_DOC_01_wildfire_crew_dispatch,EmberDispatch Wildfire Crew Rotation,FBV1_0003,FBV1_DOC_01_wildfire_crew_dispatch,EmberDispatch Wildfire Crew Rotation,3,How should a wildfire operations desk route crew rotation decisions?,A follow-up sample should hold out cases where fuel break map arrives after the first desk decision. The team can then measure whether air tanker slot changes the route or only confirms it.,A follow-up sample should hold out cases where fuel break map arrives after the first desk decision. The team can then measure whether air tanker slot changes the route or only confirms it.,NEXT_STEP,"[""EmberDispatch"", ""fuel break map"", ""engine crew roster""]",ACTIVE,proposes_next_test,RELEVANT,NEXT_STEP,"[""EmberDispatch"", ""fuel break map"", ""engine crew roster""]",ACTIVE,proposes_next_test,RELEVANT,fresh_blind_v1_gold_by_construction_seed_20260622,YES,RELEVANT
FBV1_DOC_01_wildfire_crew_dispatch,EmberDispatch Wildfire Crew Rotation,FBV1_0004,FBV1_DOC_01_wildfire_crew_dispatch,EmberDispatch Wildfire Crew Rotation,4,How should a wildfire operations desk route crew rotation decisions?,"The strike team board can lag behind radio updates, so it may overestimate how current the routing picture is. That caveat matters most when fatigue log is already working from a printed copy.","The strike team board can lag behind radio updates, so it may overestimate how current the routing picture is. That caveat matters most when fatigue log is already working from a printed copy.",LIMITATION,"[""EmberDispatch"", ""strike team board"", ""fuel break map""]",LIMITED,warns_about,RELEVANT,LIMITATION,"[""EmberDispatch"", ""strike team board"", ""fuel break map""]",LIMITED,warns_about,RELEVANT,fresh_blind_v1_gold_by_construction_seed_20260622,YES,RELEVANT
FBV1_DOC_01_wildfire_crew_dispatch,EmberDispatch Wildfire Crew Rotation,FBV1_0005,FBV1_DOC_01_wildfire_crew_dispatch,EmberDispatch Wildfire Crew Rotation,5,How should a wildfire operations desk route crew rotation decisions?,A sample of completed handoffs showed that EmberDispatch made the oldest unresolved cases easier to find. Reviewers reported that fuel break map gave the clearest evidence when a route was challenged.,A sample of completed handoffs showed that EmberDispatch made the oldest unresolved cases easier to find. Reviewers reported that fuel break map gave the clearest evidence when a route was challenged.,RESULT,"[""EmberDispatch"", ""air tanker slot"", ""engine crew roster""]",DESCRIPTIVE,supports_retrieval,RELEVANT,RESULT,"[""EmberDispatch"", ""air tanker slot"", ""engine crew roster""]",DESCRIPTIVE,supports_retrieval,RELEVANT,fresh_blind_v1_gold_by_construction_seed_20260622,YES,RELEVANT
FBV1_DOC_01_wildfire_crew_dispatch,EmberDispatch Wildfire Crew Rotation,FBV1_0006,FBV1_DOC_01_wildfire_crew_dispatch,EmberDispatch Wildfire Crew Rotation,6,How should a wildfire operations desk route crew rotation decisions?,"In this desk, the strike team board means the current shared view of crews, holds, and constraints for EmberDispatch. Staff treat it as the reference object that links fuel break map to engine crew roster.","In this desk, the strike team board means the current shared view of crews, holds, and constraints for EmberDispatch. Staff treat it as the reference object that links fuel break map to engine crew roster.",DEFINE,"[""EmberDispatch"", ""air tanker slot"", ""strike team board""]",DESCRIPTIVE,defines,RELEVANT,DEFINE,"[""EmberDispatch"", ""air tanker slot"", ""strike team board""]",DESCRIPTIVE,defines,RELEVANT,fresh_blind_v1_gold_by_construction_seed_20260622,YES,RELEVANT
FBV1_DOC_01_wildfire_crew_dispatch,EmberDispatch Wildfire Crew Rotation,FBV1_0007,FBV1_DOC_01_wildfire_crew_dispatch,EmberDispatch Wildfire Crew Rotation,7,How should a wildfire operations desk route crew rotation decisions?,A sample of completed handoffs showed that EmberDispatch made the oldest unresolved cases easier to find. Reviewers reported that fuel break map gave the clearest evidence when a route was challenged.,A sample of completed handoffs showed that EmberDispatch made the oldest unresolved cases easier to find. Reviewers reported that fuel break map gave the clearest evidence when a route was challenged.,RESULT,"[""EmberDispatch"", ""air tanker slot"", ""strike team board""]",DESCRIPTIVE,supports_retrieval,RELEVANT,RESULT,"[""EmberDispatch"", ""air tanker slot"", ""strike team board""]",DESCRIPTIVE,supports_retrieval,RELEVANT,fresh_blind_v1_gold_by_construction_seed_20260622,YES,RELEVANT
FBV1_DOC_01_wildfire_crew_dispatch,EmberDispatch Wildfire Crew Rotation,FBV1_0008,FBV1_DOC_01_wildfire_crew_dispatch,EmberDispatch Wildfire Crew Rotation,8,How should a wildfire operations desk route crew rotation decisions?,"For example, a coordinator might receive a air tanker slot that lists engine crew roster as available while fuel break map says the work cannot start. In that case, EmberDispatch keeps the case open until fatigue log confirms the current state.","For example, a coordinator might receive a air tanker slot that lists engine crew roster as available while fuel break map says the work cannot start. In that case, EmberDispatch keeps the case open until fatigue log confirms the current state.",EXAMPLE,"[""EmberDispatch"", ""fatigue log"", ""fuel break map""]",DESCRIPTIVE,gives_example,RELEVANT,EXAMPLE,"[""EmberDispatch"", ""fatigue log"", ""fuel break map""]",DESCRIPTIVE,gives_example,RELEVANT,fresh_blind_v1_gold_by_construction_seed_20260622,YES,RELEVANT
FBV1_DOC_01_wildfire_crew_dispatch,EmberDispatch Wildfire Crew Rotation,FBV1_0009,FBV1_DOC_01_wildfire_crew_dispatch,EmberDispatch Wildfire Crew Rotation,9,How should a wildfire operations desk route crew rotation decisions?,"The term air tanker slot refers to the recorded item that tells the coordinator what can move, wait, or be checked again. It is narrower than the whole EmberDispatch file because it only covers the visible queue state.","The term air tanker slot refers to the recorded item that tells the coordinator what can move, wait, or be checked again. It is narrower than the whole EmberDispatch file because it only covers the visible queue state.",DEFINE,"[""EmberDispatch"", ""fuel break map"", ""fatigue log""]",DESCRIPTIVE,defines,RELEVANT,DEFINE,"[""EmberDispatch"", ""fuel break map"", ""fatigue log""]",DESCRIPTIVE,defines,RELEVANT,fresh_blind_v1_gold_by_construction_seed_20260622,YES,RELEVANT
FBV1_DOC_01_wildfire_crew_dispatch,EmberDispatch Wildfire Crew Rotation,FBV1_0010,FBV1_DOC_01_wildfire_crew_dispatch,EmberDispatch Wildfire Crew Rotation,10,How should a wildfire operations desk route crew rotation decisions?,The next review should compare strike team board entries with actual outcomes from fatigue log. That test would show whether EmberDispatch is routing hard cases earlier or merely documenting them later.,The next review should compare strike team board entries with actual outcomes from fatigue log. That test would show whether EmberDispatch is routing hard cases earlier or merely documenting them later.,NEXT_STEP,"[""EmberDispatch"", ""fuel break map"", ""fatigue log""]",ACTIVE,proposes_next_test,RELEVANT,NEXT_STEP,"[""EmberDispatch"", ""fuel break map"", ""fatigue log""]",ACTIVE,proposes_next_test,RELEVANT,fresh_blind_v1_gold_by_construction_seed_20260622,YES,RELEVANT
FBV1_DOC_01_wildfire_crew_dispatch,EmberDispatch Wildfire Crew Rotation,FBV1_0011,FBV1_DOC_01_wildfire_crew_dispatch,EmberDispatch Wildfire Crew Rotation,11,How should a wildfire operations desk route crew rotation decisions?,One routine case has strike team board showing a normal queue while engine crew roster carries a late change from the field. The desk uses that case to demonstrate why air tanker slot is checked before closure.,One routine case has strike team board showing a normal queue while engine crew roster carries a late change from the field. The desk uses that case to demonstrate why air tanker slot is checked before closure.,EXAMPLE,"[""EmberDispatch"", ""air tanker slot"", ""fatigue log""]",DESCRIPTIVE,gives_example,RELEVANT,EXAMPLE,"[""EmberDispatch"", ""air tanker slot"", ""fatigue log""]",DESCRIPTIVE,gives_example,RELEVANT,fresh_blind_v1_gold_by_construction_seed_20260622,YES,RELEVANT
FBV1_DOC_01_wildfire_crew_dispatch,EmberDispatch Wildfire Crew Rotation,FBV1_0012,FBV1_DOC_01_wildfire_crew_dispatch,EmberDispatch Wildfire Crew Rotation,12,How should a wildfire operations desk route crew rotation decisions?,"EmberDispatch Wildfire Crew Rotation is a field-office packet used during ordinary handoffs, not an audit of software or policy. The packet brings together the strike team board, fuel break map, and engine crew roster so a supervisor can see where the next routing choice begins.","EmberDispatch Wildfire Crew Rotation is a field-office packet used during ordinary handoffs, not an audit of software or policy. The packet brings together the strike team board, fuel break map, and engine crew roster so a supervisor can see where the next routing choice begins.",BACKGROUND,"[""EmberDispatch"", ""strike team board"", ""fatigue log""]",DESCRIPTIVE,sets_context,NOT_RELEVANT,BACKGROUND,"[""EmberDispatch"", ""strike team board"", ""fatigue log""]",DESCRIPTIVE,sets_context,NOT_RELEVANT,fresh_blind_v1_gold_by_construction_seed_20260622,NO,NOT_RELEVANT
FBV1_DOC_01_wildfire_crew_dispatch,EmberDispatch Wildfire Crew Rotation,FBV1_0013,FBV1_DOC_01_wildfire_crew_dispatch,EmberDispatch Wildfire Crew Rotation,13,How should a wildfire operations desk route crew rotation decisions?,"The EmberDispatch desk is not sufficient when air tanker slot is missing from the handoff, even if strike team board looks complete. A coordinator still needs the missing evidence before the route can be trusted.","The EmberDispatch desk is not sufficient when air tanker slot is missing from the handoff, even if strike team board looks complete. A coordinator still needs the missing evidence before the route can be trusted.",CLAIM,"[""EmberDispatch"", ""fuel break map"", ""strike team board""]",NEGATED,asserts,RELEVANT,CLAIM,"[""EmberDispatch"", ""fuel break map"", ""strike team board""]",NEGATED,asserts,RELEVANT,fresh_blind_v1_gold_by_construction_seed_20260622,YES,RELEVANT
FBV1_DOC_01_wildfire_crew_dispatch,EmberDispatch Wildfire Crew Rotation,FBV1_0014,FBV1_DOC_01_wildfire_crew_dispatch,EmberDispatch Wildfire Crew Rotation,14,How should a wildfire operations desk route crew rotation decisions?,The routing decision is more reliable when strike team board and fuel break map are reviewed together instead of in separate calls. That pairing keeps engine crew roster from being treated as a side note after the main choice is already made.,The routing decision is more reliable when strike team board and fuel break map are reviewed together instead of in separate calls. That pairing keeps engine crew roster from being treated as a side note after the main choice is already made.,CLAIM,"[""EmberDispatch"", ""air tanker slot"", ""fuel break map""]",ACTIVE,asserts,RELEVANT,CLAIM,"[""EmberDispatch"", ""air tanker slot"", ""fuel break map""]",ACTIVE,asserts,RELEVANT,fresh_blind_v1_gold_by_construction_seed_20260622,YES,RELEVANT
FBV1_DOC_01_wildfire_crew_dispatch,EmberDispatch Wildfire Crew Rotation,FBV1_0015,FBV1_DOC_01_wildfire_crew_dispatch,EmberDispatch Wildfire Crew Rotation,15,How should a wildfire operations desk route crew rotation decisions?,The EmberDispatch record cannot settle disputes when fuel break map and air tanker slot describe different versions of the same event. Human review is still required before engine crew roster is treated as final.,The EmberDispatch record cannot settle disputes when fuel break map and air tanker slot describe different versions of the same event. Human review is still required before engine crew roster is treated as final.,LIMITATION,"[""fuel break map"", ""EmberDispatch"", ""air tanker slot""]",NEGATED,limits,RELEVANT,LIMITATION,"[""fuel break map"", ""EmberDispatch"", ""air tanker slot""]",NEGATED,limits,RELEVANT,fresh_blind_v1_gold_by_construction_seed_20260622,YES,RELEVANT
FBV1_DOC_01_wildfire_crew_dispatch,EmberDispatch Wildfire Crew Rotation,FBV1_0016,FBV1_DOC_01_wildfire_crew_dispatch,EmberDispatch Wildfire Crew Rotation,16,How should a wildfire operations desk route crew rotation decisions?,"The coordinator should require the strike team board against the fuel break map before releasing the next task. If the two records disagree, the item stays with fatigue log until the discrepancy is cleared.","The coordinator should require the strike team board against the fuel break map before releasing the next task. If the two records disagree, the item stays with fatigue log until the discrepancy is cleared.",METHOD,"[""EmberDispatch"", ""fuel break map"", ""fatigue log""]",ACTIVE,requires,RELEVANT,METHOD,"[""EmberDispatch"", ""fuel break map"", ""fatigue log""]",ACTIVE,requires,RELEVANT,fresh_blind_v1_gold_by_construction_seed_20260622,YES,RELEVANT
FBV1_DOC_02_rail_track_possessions,TrackWindow Rail Possession Planning,FBV1_0017,FBV1_DOC_02_rail_track_possessions,TrackWindow Rail Possession Planning,1,How should a rail maintenance office route track possession requests?,"The TrackWindow desk is not sufficient when ballast train is missing from the handoff, even if possession calendar looks complete. A coordinator still needs the missing evidence before the route can be trusted.","The TrackWindow desk is not sufficient when ballast train is missing from the handoff, even if possession calendar looks complete. A coordinator still needs the missing evidence before the route can be trusted.",CLAIM,"[""TrackWindow"", ""ballast train"", ""control room""]",NEGATED,asserts,RELEVANT,CLAIM,"[""TrackWindow"", ""ballast train"", ""control room""]",NEGATED,asserts,RELEVANT,fresh_blind_v1_gold_by_construction_seed_20260622,YES,RELEVANT
FBV1_DOC_02_rail_track_possessions,TrackWindow Rail Possession Planning,FBV1_0018,FBV1_DOC_02_rail_track_possessions,TrackWindow Rail Possession Planning,2,How should a rail maintenance office route track possession requests?,"During the trial week, teams found that pairing possession calendar with ballast train reduced repeated phone calls at the desk. The review also showed that night crew was the field most often used for retrieval.","During the trial week, teams found that pairing possession calendar with ballast train reduced repeated phone calls at the desk. The review also showed that night crew was the field most often used for retrieval.",RESULT,"[""possession calendar"", ""signal isolation plan"", ""TrackWindow""]",DESCRIPTIVE,reports_usefulness,RELEVANT,RESULT,"[""possession calendar"", ""signal isolation plan"", ""TrackWindow""]",DESCRIPTIVE,reports_usefulness,RELEVANT,fresh_blind_v1_gold_by_construction_seed_20260622,YES,RELEVANT
FBV1_DOC_02_rail_track_possessions,TrackWindow Rail Possession Planning,FBV1_0019,FBV1_DOC_02_rail_track_possessions,TrackWindow Rail Possession Planning,3,How should a rail maintenance office route track possession requests?,"Operators first sort the ballast train by urgency, then attach the matching night crew entry to each open case. The final pass sends exceptions back to the supervisor queue rather than closing them silently.","Operators first sort the ballast train by urgency, then attach the matching night crew entry to each open case. The final pass sends exceptions back to the supervisor queue rather than closing them silently.",METHOD,"[""TrackWindow"", ""night crew"", ""control room""]",ACTIVE,recommends,RELEVANT,METHOD,"[""TrackWindow"", ""night crew"", ""control room""]",ACTIVE,recommends,RELEVANT,fresh_blind_v1_gold_by_construction_seed_20260622,YES,RELEVANT
FBV1_DOC_02_rail_track_possessions,TrackWindow Rail Possession Planning,FBV1_0020,FBV1_DOC_02_rail_track_possessions,TrackWindow Rail Possession Planning,4,How should a rail maintenance office route track possession requests?,The routing decision is more reliable when possession calendar and signal isolation plan are reviewed together instead of in separate calls. That pairing keeps night crew from being treated as a side note after the main choice is already made.,The routing decision is more reliable when possession calendar and signal isolation plan are reviewed together instead of in separate calls. That pairing keeps night crew from being treated as a side note after the main choice is already made.,CLAIM,"[""TrackWindow"", ""possession calendar"", ""signal isolation plan""]",ACTIVE,asserts,RELEVANT,CLAIM,"[""TrackWindow"", ""possession calendar"", ""signal isolation plan""]",ACTIVE,asserts,RELEVANT,fresh_blind_v1_gold_by_construction_seed_20260622,YES,RELEVANT
FBV1_DOC_02_rail_track_possessions,TrackWindow Rail Possession Planning,FBV1_0021,FBV1_DOC_02_rail_track_possessions,TrackWindow Rail Possession Planning,5,How should a rail maintenance office route track possession requests?,"Operators first sort the ballast train by urgency, then attach the matching night crew entry to each open case. The final pass sends exceptions back to the supervisor queue rather than closing them silently.","Operators first sort the ballast train by urgency, then attach the matching night crew entry to each open case. The final pass sends exceptions back to the supervisor queue rather than closing them silently.",METHOD,"[""TrackWindow"", ""night crew"", ""possession calendar""]",ACTIVE,maps_to,RELEVANT,METHOD,"[""TrackWindow"", ""night crew"", ""possession calendar""]",ACTIVE,maps_to,RELEVANT,fresh_blind_v1_gold_by_construction_seed_20260622,YES,RELEVANT
FBV1_DOC_02_rail_track_possessions,TrackWindow Rail Possession Planning,FBV1_0022,FBV1_DOC_02_rail_track_possessions,TrackWindow Rail Possession Planning,6,How should a rail maintenance office route track possession requests?,The next review should compare possession calendar entries with actual outcomes from control room. That test would show whether TrackWindow is routing hard cases earlier or merely documenting them later.,The next review should compare possession calendar entries with actual outcomes from control room. That test would show whether TrackWindow is routing hard cases earlier or merely documenting them later.,NEXT_STEP,"[""TrackWindow"", ""possession calendar"", ""night crew""]",ACTIVE,proposes_next_test,RELEVANT,NEXT_STEP,"[""TrackWindow"", ""possession calendar"", ""night crew""]",ACTIVE,proposes_next_test,RELEVANT,fresh_blind_v1_gold_by_construction_seed_20260622,YES,RELEVANT
FBV1_DOC_02_rail_track_possessions,TrackWindow Rail Possession Planning,FBV1_0023,FBV1_DOC_02_rail_track_possessions,TrackWindow Rail Possession Planning,7,How should a rail maintenance office route track possession requests?,"The term ballast train refers to the recorded item that tells the coordinator what can move, wait, or be checked again. It is narrower than the whole TrackWindow file because it only covers the visible queue state.","The term ballast train refers to the recorded item that tells the coordinator what can move, wait, or be checked again. It is narrower than the whole TrackWindow file because it only covers the visible queue state.",DEFINE,"[""TrackWindow"", ""ballast train"", ""control room""]",DESCRIPTIVE,defines,RELEVANT,DEFINE,"[""TrackWindow"", ""ballast train"", ""control room""]",DESCRIPTIVE,defines,RELEVANT,fresh_blind_v1_gold_by_construction_seed_20260622,YES,RELEVANT
FBV1_DOC_02_rail_track_possessions,TrackWindow Rail Possession Planning,FBV1_0024,FBV1_DOC_02_rail_track_possessions,TrackWindow Rail Possession Planning,8,How should a rail maintenance office route track possession requests?,"The possession calendar can lag behind radio updates, so it may overestimate how current the routing picture is. That caveat matters most when control room is already working from a printed copy.","The possession calendar can lag behind radio updates, so it may overestimate how current the routing picture is. That caveat matters most when control room is already working from a printed copy.",LIMITATION,"[""TrackWindow"", ""possession calendar"", ""control room""]",LIMITED,warns_about,RELEVANT,LIMITATION,"[""TrackWindow"", ""possession calendar"", ""control room""]",LIMITED,warns_about,RELEVANT,fresh_blind_v1_gold_by_construction_seed_20260622,YES,RELEVANT
FBV1_DOC_02_rail_track_possessions,TrackWindow Rail Possession Planning,FBV1_0025,FBV1_DOC_02_rail_track_possessions,TrackWindow Rail Possession Planning,9,How should a rail maintenance office route track possession requests?,A sample of completed handoffs showed that TrackWindow made the oldest unresolved cases easier to find. Reviewers reported that signal isolation plan gave the clearest evidence when a route was challenged.,A sample of completed handoffs showed that TrackWindow made the oldest unresolved cases easier to find. Reviewers reported that signal isolation plan gave the clearest evidence when a route was challenged.,RESULT,"[""control room"", ""TrackWindow"", ""signal isolation plan""]",DESCRIPTIVE,supports_retrieval,RELEVANT,RESULT,"[""control room"", ""TrackWindow"", ""signal isolation plan""]",DESCRIPTIVE,supports_retrieval,RELEVANT,fresh_blind_v1_gold_by_construction_seed_20260622,YES,RELEVANT
FBV1_DOC_02_rail_track_possessions,TrackWindow Rail Possession Planning,FBV1_0026,FBV1_DOC_02_rail_track_possessions,TrackWindow Rail Possession Planning,10,How should a rail maintenance office route track possession requests?,The next review should compare possession calendar entries with actual outcomes from control room. That test would show whether TrackWindow is routing hard cases earlier or merely documenting them later.,The next review should compare possession calendar entries with actual outcomes from control room. That test would show whether TrackWindow is routing hard cases earlier or merely documenting them later.,NEXT_STEP,"[""possession calendar"", ""TrackWindow"", ""control room""]",ACTIVE,proposes_next_test,RELEVANT,NEXT_STEP,"[""possession calendar"", ""TrackWindow"", ""control room""]",ACTIVE,proposes_next_test,RELEVANT,fresh_blind_v1_gold_by_construction_seed_20260622,YES,RELEVANT
FBV1_DOC_02_rail_track_possessions,TrackWindow Rail Possession Planning,FBV1_0027,FBV1_DOC_02_rail_track_possessions,TrackWindow Rail Possession Planning,11,How should a rail maintenance office route track possession requests?,One routine case has possession calendar showing a normal queue while night crew carries a late change from the field. The desk uses that case to demonstrate why ballast train is checked before closure.,One routine case has possession calendar showing a normal queue while night crew carries a late change from the field. The desk uses that case to demonstrate why ballast train is checked before closure.,EXAMPLE,"[""ballast train"", ""possession calendar"", ""TrackWindow""]",DESCRIPTIVE,gives_example,RELEVANT,EXAMPLE,"[""ballast train"", ""possession calendar"", ""TrackWindow""]",DESCRIPTIVE,gives_example,RELEVANT,fresh_blind_v1_gold_by_construction_seed_20260622,YES,RELEVANT
FBV1_DOC_02_rail_track_possessions,TrackWindow Rail Possession Planning,FBV1_0028,FBV1_DOC_02_rail_track_possessions,TrackWindow Rail Possession Planning,12,How should a rail maintenance office route track possession requests?,"TrackWindow Rail Possession Planning is a field-office packet used during ordinary handoffs, not an audit of software or policy. The packet brings together the possession calendar, signal isolation plan, and night crew so a supervisor can see where the next routing choice begins.","TrackWindow Rail Possession Planning is a field-office packet used during ordinary handoffs, not an audit of software or policy. The packet brings together the possession calendar, signal isolation plan, and night crew so a supervisor can see where the next routing choice begins.",BACKGROUND,"[""control room"", ""TrackWindow"", ""ballast train""]",DESCRIPTIVE,sets_context,NOT_RELEVANT,BACKGROUND,"[""control room"", ""TrackWindow"", ""ballast train""]",DESCRIPTIVE,sets_context,NOT_RELEVANT,fresh_blind_v1_gold_by_construction_seed_20260622,NO,NOT_RELEVANT
FBV1_DOC_02_rail_track_possessions,TrackWindow Rail Possession Planning,FBV1_0029,FBV1_DOC_02_rail_track_possessions,TrackWindow Rail Possession Planning,13,How should a rail maintenance office route track possession requests?,One routine case has possession calendar showing a normal queue while night crew carries a late change from the field. The desk uses that case to demonstrate why ballast train is checked before closure.,One routine case has possession calendar showing a normal queue while night crew carries a late change from the field. The desk uses that case to demonstrate why ballast train is checked before closure.,EXAMPLE,"[""TrackWindow"", ""ballast train"", ""signal isolation plan""]",DESCRIPTIVE,gives_example,RELEVANT,EXAMPLE,"[""TrackWindow"", ""ballast train"", ""signal isolation plan""]",DESCRIPTIVE,gives_example,RELEVANT,fresh_blind_v1_gold_by_construction_seed_20260622,YES,RELEVANT
FBV1_DOC_02_rail_track_possessions,TrackWindow Rail Possession Planning,FBV1_0030,FBV1_DOC_02_rail_track_possessions,TrackWindow Rail Possession Planning,14,How should a rail maintenance office route track possession requests?,"TrackWindow Rail Possession Planning is a field-office packet used during ordinary handoffs, not an audit of software or policy. The packet brings together the possession calendar, signal isolation plan, and night crew so a supervisor can see where the next routing choice begins.","TrackWindow Rail Possession Planning is a field-office packet used during ordinary handoffs, not an audit of software or policy. The packet brings together the possession calendar, signal isolation plan, and night crew so a supervisor can see where the next routing choice begins.",BACKGROUND,"[""TrackWindow"", ""ballast train"", ""night crew""]",DESCRIPTIVE,sets_context,NOT_RELEVANT,BACKGROUND,"[""TrackWindow"", ""ballast train"", ""night crew""]",DESCRIPTIVE,sets_context,NOT_RELEVANT,fresh_blind_v1_gold_by_construction_seed_20260622,NO,NOT_RELEVANT
FBV1_DOC_02_rail_track_possessions,TrackWindow Rail Possession Planning,FBV1_0031,FBV1_DOC_02_rail_track_possessions,TrackWindow Rail Possession Planning,15,How should a rail maintenance office route track possession requests?,"The term ballast train refers to the recorded item that tells the coordinator what can move, wait, or be checked again. It is narrower than the whole TrackWindow file because it only covers the visible queue state.","The term ballast train refers to the recorded item that tells the coordinator what can move, wait, or be checked again. It is narrower than the whole TrackWindow file because it only covers the visible queue state.",DEFINE,"[""TrackWindow"", ""control room"", ""night crew""]",DESCRIPTIVE,defines,RELEVANT,DEFINE,"[""TrackWindow"", ""control room"", ""night crew""]",DESCRIPTIVE,defines,RELEVANT,fresh_blind_v1_gold_by_construction_seed_20260622,YES,RELEVANT
FBV1_DOC_02_rail_track_possessions,TrackWindow Rail Possession Planning,FBV1_0032,FBV1_DOC_02_rail_track_possessions,TrackWindow Rail Possession Planning,16,How should a rail maintenance office route track possession requests?,"The possession calendar can lag behind radio updates, so it may overestimate how current the routing picture is. That caveat matters most when control room is already working from a printed copy.","The possession calendar can lag behind radio updates, so it may overestimate how current the routing picture is. That caveat matters most when control room is already working from a printed copy.",LIMITATION,"[""signal isolation plan"", ""night crew"", ""TrackWindow""]",LIMITED,warns_about,RELEVANT,LIMITATION,"[""signal isolation plan"", ""night crew"", ""TrackWindow""]",LIMITED,warns_about,RELEVANT,fresh_blind_v1_gold_by_construction_seed_20260622,YES,RELEVANT
FBV1_DOC_03_vaccine_cold_chain,ColdVault Vaccine Distribution,FBV1_0033,FBV1_DOC_03_vaccine_cold_chain,ColdVault Vaccine Distribution,1,How should a regional pharmacy desk route vaccine cold-chain exceptions?,"Operators first sort the courier manifest by urgency, then attach the matching clinic tray entry to each open case. The final pass sends exceptions back to the supervisor queue rather than closing them silently.","Operators first sort the courier manifest by urgency, then attach the matching clinic tray entry to each open case. The final pass sends exceptions back to the supervisor queue rather than closing them silently.",METHOD,"[""courier manifest"", ""ColdVault"", ""freezer pack""]",ACTIVE,requires,RELEVANT,METHOD,"[""courier manifest"", ""ColdVault"", ""freezer pack""]",ACTIVE,requires,RELEVANT,fresh_blind_v1_gold_by_construction_seed_20260622,YES,RELEVANT
FBV1_DOC_03_vaccine_cold_chain,ColdVault Vaccine Distribution,FBV1_0034,FBV1_DOC_03_vaccine_cold_chain,ColdVault Vaccine Distribution,2,How should a regional pharmacy desk route vaccine cold-chain exceptions?,The next review should compare temperature logger entries with actual outcomes from quarantine shelf. That test would show whether ColdVault is routing hard cases earlier or merely documenting them later.,The next review should compare temperature logger entries with actual outcomes from quarantine shelf. That test would show whether ColdVault is routing hard cases earlier or merely documenting them later.,NEXT_STEP,"[""clinic tray"", ""courier manifest"", ""ColdVault""]",ACTIVE,proposes_next_test,RELEVANT,NEXT_STEP,"[""clinic tray"", ""courier manifest"", ""ColdVault""]",ACTIVE,proposes_next_test,RELEVANT,fresh_blind_v1_gold_by_construction_seed_20260622,YES,RELEVANT
FBV1_DOC_03_vaccine_cold_chain,ColdVault Vaccine Distribution,FBV1_0035,FBV1_DOC_03_vaccine_cold_chain,ColdVault Vaccine Distribution,3,How should a regional pharmacy desk route vaccine cold-chain exceptions?,One routine case has temperature logger showing a normal queue while clinic tray carries a late change from the field. The desk uses that case to demonstrate why courier manifest is checked before closure.,One routine case has temperature logger showing a normal queue while clinic tray carries a late change from the field. The desk uses that case to demonstrate why courier manifest is checked before closure.,EXAMPLE,"[""ColdVault"", ""freezer pack"", ""clinic tray""]",DESCRIPTIVE,gives_example,RELEVANT,EXAMPLE,"[""ColdVault"", ""freezer pack"", ""clinic tray""]",DESCRIPTIVE,gives_example,RELEVANT,fresh_blind_v1_gold_by_construction_seed_20260622,YES,RELEVANT
FBV1_DOC_03_vaccine_cold_chain,ColdVault Vaccine Distribution,FBV1_0036,FBV1_DOC_03_vaccine_cold_chain,ColdVault Vaccine Distribution,4,How should a regional pharmacy desk route vaccine cold-chain exceptions?,"In this desk, the temperature logger means the current shared view of crews, holds, and constraints for ColdVault. Staff treat it as the reference object that links freezer pack to clinic tray.","In this desk, the temperature logger means the current shared view of crews, holds, and constraints for ColdVault. Staff treat it as the reference object that links freezer pack to clinic tray.",DEFINE,"[""ColdVault"", ""freezer pack"", ""courier manifest""]",DESCRIPTIVE,defines,RELEVANT,DEFINE,"[""ColdVault"", ""freezer pack"", ""courier manifest""]",DESCRIPTIVE,defines,RELEVANT,fresh_blind_v1_gold_by_construction_seed_20260622,YES,RELEVANT
FBV1_DOC_03_vaccine_cold_chain,ColdVault Vaccine Distribution,FBV1_0037,FBV1_DOC_03_vaccine_cold_chain,ColdVault Vaccine Distribution,5,How should a regional pharmacy desk route vaccine cold-chain exceptions?,The ColdVault record cannot settle disputes when freezer pack and courier manifest describe different versions of the same event. Human review is still required before clinic tray is treated as final.,The ColdVault record cannot settle disputes when freezer pack and courier manifest describe different versions of the same event. Human review is still required before clinic tray is treated as final.,LIMITATION,"[""courier manifest"", ""freezer pack"", ""ColdVault""]",NEGATED,limits,RELEVANT,LIMITATION,"[""courier manifest"", ""freezer pack"", ""ColdVault""]",NEGATED,limits,RELEVANT,fresh_blind_v1_gold_by_construction_seed_20260622,YES,RELEVANT
FBV1_DOC_03_vaccine_cold_chain,ColdVault Vaccine Distribution,FBV1_0038,FBV1_DOC_03_vaccine_cold_chain,ColdVault Vaccine Distribution,6,How should a regional pharmacy desk route vaccine cold-chain exceptions?,"The temperature logger can lag behind radio updates, so it may overestimate how current the routing picture is. That caveat matters most when quarantine shelf is already working from a printed copy.","The temperature logger can lag behind radio updates, so it may overestimate how current the routing picture is. That caveat matters most when quarantine shelf is already working from a printed copy.",LIMITATION,"[""ColdVault"", ""courier manifest"", ""freezer pack""]",LIMITED,warns_about,RELEVANT,LIMITATION,"[""ColdVault"", ""courier manifest"", ""freezer pack""]",LIMITED,warns_about,RELEVANT,fresh_blind_v1_gold_by_construction_seed_20260622,YES,RELEVANT
FBV1_DOC_03_vaccine_cold_chain,ColdVault Vaccine Distribution,FBV1_0039,FBV1_DOC_03_vaccine_cold_chain,ColdVault Vaccine Distribution,7,How should a regional pharmacy desk route vaccine cold-chain exceptions?,A sample of completed handoffs showed that ColdVault made the oldest unresolved cases easier to find. Reviewers reported that freezer pack gave the clearest evidence when a route was challenged.,A sample of completed handoffs showed that ColdVault made the oldest unresolved cases easier to find. Reviewers reported that freezer pack gave the clearest evidence when a route was challenged.,RESULT,"[""ColdVault"", ""temperature logger"", ""courier manifest""]",DESCRIPTIVE,supports_retrieval,RELEVANT,RESULT,"[""ColdVault"", ""temperature logger"", ""courier manifest""]",DESCRIPTIVE,supports_retrieval,RELEVANT,fresh_blind_v1_gold_by_construction_seed_20260622,YES,RELEVANT
FBV1_DOC_03_vaccine_cold_chain,ColdVault Vaccine Distribution,FBV1_0040,FBV1_DOC_03_vaccine_cold_chain,ColdVault Vaccine Distribution,8,How should a regional pharmacy desk route vaccine cold-chain exceptions?,"In this desk, the temperature logger means the current shared view of crews, holds, and constraints for ColdVault. Staff treat it as the reference object that links freezer pack to clinic tray.","In this desk, the temperature logger means the current shared view of crews, holds, and constraints for ColdVault. Staff treat it as the reference object that links freezer pack to clinic tray.",DEFINE,"[""clinic tray"", ""freezer pack"", ""ColdVault""]",DESCRIPTIVE,defines,RELEVANT,DEFINE,"[""clinic tray"", ""freezer pack"", ""ColdVault""]",DESCRIPTIVE,defines,RELEVANT,fresh_blind_v1_gold_by_construction_seed_20260622,YES,RELEVANT
FBV1_DOC_03_vaccine_cold_chain,ColdVault Vaccine Distribution,FBV1_0041,FBV1_DOC_03_vaccine_cold_chain,ColdVault Vaccine Distribution,9,How should a regional pharmacy desk route vaccine cold-chain exceptions?,A sample of completed handoffs showed that ColdVault made the oldest unresolved cases easier to find. Reviewers reported that freezer pack gave the clearest evidence when a route was challenged.,A sample of completed handoffs showed that ColdVault made the oldest unresolved cases easier to find. Reviewers reported that freezer pack gave the clearest evidence when a route was challenged.,RESULT,"[""ColdVault"", ""clinic tray"", ""freezer pack""]",DESCRIPTIVE,supports_retrieval,RELEVANT,RESULT,"[""ColdVault"", ""clinic tray"", ""freezer pack""]",DESCRIPTIVE,supports_retrieval,RELEVANT,fresh_blind_v1_gold_by_construction_seed_20260622,YES,RELEVANT
FBV1_DOC_03_vaccine_cold_chain,ColdVault Vaccine Distribution,FBV1_0042,FBV1_DOC_03_vaccine_cold_chain,ColdVault Vaccine Distribution,10,How should a regional pharmacy desk route vaccine cold-chain exceptions?,The routing decision is more reliable when temperature logger and freezer pack are reviewed together instead of in separate calls. That pairing keeps clinic tray from being treated as a side note after the main choice is already made.,The routing decision is more reliable when temperature logger and freezer pack are reviewed together instead of in separate calls. That pairing keeps clinic tray from being treated as a side note after the main choice is already made.,CLAIM,"[""temperature logger"", ""quarantine shelf"", ""ColdVault""]",ACTIVE,asserts,RELEVANT,CLAIM,"[""temperature logger"", ""quarantine shelf"", ""ColdVault""]",ACTIVE,asserts,RELEVANT,fresh_blind_v1_gold_by_construction_seed_20260622,YES,RELEVANT
FBV1_DOC_03_vaccine_cold_chain,ColdVault Vaccine Distribution,FBV1_0043,FBV1_DOC_03_vaccine_cold_chain,ColdVault Vaccine Distribution,11,How should a regional pharmacy desk route vaccine cold-chain exceptions?,"Operators first sort the courier manifest by urgency, then attach the matching clinic tray entry to each open case. The final pass sends exceptions back to the supervisor queue rather than closing them silently.","Operators first sort the courier manifest by urgency, then attach the matching clinic tray entry to each open case. The final pass sends exceptions back to the supervisor queue rather than closing them silently.",METHOD,"[""ColdVault"", ""freezer pack"", ""courier manifest""]",ACTIVE,maps_to,RELEVANT,METHOD,"[""ColdVault"", ""freezer pack"", ""courier manifest""]",ACTIVE,maps_to,RELEVANT,fresh_blind_v1_gold_by_construction_seed_20260622,YES,RELEVANT
FBV1_DOC_03_vaccine_cold_chain,ColdVault Vaccine Distribution,FBV1_0044,FBV1_DOC_03_vaccine_cold_chain,ColdVault Vaccine Distribution,12,How should a regional pharmacy desk route vaccine cold-chain exceptions?,The routing decision is more reliable when temperature logger and freezer pack are reviewed together instead of in separate calls. That pairing keeps clinic tray from being treated as a side note after the main choice is already made.,The routing decision is more reliable when temperature logger and freezer pack are reviewed together instead of in separate calls. That pairing keeps clinic tray from being treated as a side note after the main choice is already made.,CLAIM,"[""ColdVault"", ""quarantine shelf"", ""freezer pack""]",ACTIVE,asserts,RELEVANT,CLAIM,"[""ColdVault"", ""quarantine shelf"", ""freezer pack""]",ACTIVE,asserts,RELEVANT,fresh_blind_v1_gold_by_construction_seed_20260622,YES,RELEVANT
FBV1_DOC_03_vaccine_cold_chain,ColdVault Vaccine Distribution,FBV1_0045,FBV1_DOC_03_vaccine_cold_chain,ColdVault Vaccine Distribution,13,How should a regional pharmacy desk route vaccine cold-chain exceptions?,One routine case has temperature logger showing a normal queue while clinic tray carries a late change from the field. The desk uses that case to demonstrate why courier manifest is checked before closure.,One routine case has temperature logger showing a normal queue while clinic tray carries a late change from the field. The desk uses that case to demonstrate why courier manifest is checked before closure.,EXAMPLE,"[""ColdVault"", ""temperature logger"", ""quarantine shelf""]",DESCRIPTIVE,gives_example,RELEVANT,EXAMPLE,"[""ColdVault"", ""temperature logger"", ""quarantine shelf""]",DESCRIPTIVE,gives_example,RELEVANT,fresh_blind_v1_gold_by_construction_seed_20260622,YES,RELEVANT
FBV1_DOC_03_vaccine_cold_chain,ColdVault Vaccine Distribution,FBV1_0046,FBV1_DOC_03_vaccine_cold_chain,ColdVault Vaccine Distribution,14,How should a regional pharmacy desk route vaccine cold-chain exceptions?,"ColdVault Vaccine Distribution is a field-office packet used during ordinary handoffs, not an audit of software or policy. The packet brings together the temperature logger, freezer pack, and clinic tray so a supervisor can see where the next routing choice begins.","ColdVault Vaccine Distribution is a field-office packet used during ordinary handoffs, not an audit of software or policy. The packet brings together the temperature logger, freezer pack, and clinic tray so a supervisor can see where the next routing choice begins.",BACKGROUND,"[""quarantine shelf"", ""temperature logger"", ""ColdVault""]",DESCRIPTIVE,sets_context,NOT_RELEVANT,BACKGROUND,"[""quarantine shelf"", ""temperature logger"", ""ColdVault""]",DESCRIPTIVE,sets_context,NOT_RELEVANT,fresh_blind_v1_gold_by_construction_seed_20260622,NO,NOT_RELEVANT
FBV1_DOC_03_vaccine_cold_chain,ColdVault Vaccine Distribution,FBV1_0047,FBV1_DOC_03_vaccine_cold_chain,ColdVault Vaccine Distribution,15,How should a regional pharmacy desk route vaccine cold-chain exceptions?,"The source note comes from a local operations desk that tracks temperature logger, courier manifest, and quarantine shelf during busy shifts. It frames the work area for ColdVault before any recommendation is made.","The source note comes from a local operations desk that tracks temperature logger, courier manifest, and quarantine shelf during busy shifts. It frames the work area for ColdVault before any recommendation is made.",BACKGROUND,"[""ColdVault"", ""freezer pack"", ""temperature logger""]",DESCRIPTIVE,sets_context,PARTIAL,BACKGROUND,"[""ColdVault"", ""freezer pack"", ""temperature logger""]",DESCRIPTIVE,sets_context,PARTIAL,fresh_blind_v1_gold_by_construction_seed_20260622,MAYBE,PARTIAL
FBV1_DOC_03_vaccine_cold_chain,ColdVault Vaccine Distribution,FBV1_0048,FBV1_DOC_03_vaccine_cold_chain,ColdVault Vaccine Distribution,16,How should a regional pharmacy desk route vaccine cold-chain exceptions?,The next review should compare temperature logger entries with actual outcomes from quarantine shelf. That test would show whether ColdVault is routing hard cases earlier or merely documenting them later.,The next review should compare temperature logger entries with actual outcomes from quarantine shelf. That test would show whether ColdVault is routing hard cases earlier or merely documenting them later.,NEXT_STEP,"[""quarantine shelf"", ""ColdVault"", ""temperature logger""]",ACTIVE,proposes_next_test,RELEVANT,NEXT_STEP,"[""quarantine shelf"", ""ColdVault"", ""temperature logger""]",ACTIVE,proposes_next_test,RELEVANT,fresh_blind_v1_gold_by_construction_seed_20260622,YES,RELEVANT
FBV1_DOC_04_snow_route_salt,PlowGrid Snow Route Salting,FBV1_0049,FBV1_DOC_04_snow_route_salt,PlowGrid Snow Route Salting,1,How should a winter service team route salting and plowing work?,"The term depot loader refers to the recorded item that tells the coordinator what can move, wait, or be checked again. It is narrower than the whole PlowGrid file because it only covers the visible queue state.","The term depot loader refers to the recorded item that tells the coordinator what can move, wait, or be checked again. It is narrower than the whole PlowGrid file because it only covers the visible queue state.",DEFINE,"[""PlowGrid"", ""depot loader"", ""priority corridor""]",DESCRIPTIVE,defines,RELEVANT,DEFINE,"[""PlowGrid"", ""depot loader"", ""priority corridor""]",DESCRIPTIVE,defines,RELEVANT,fresh_blind_v1_gold_by_construction_seed_20260622,YES,RELEVANT
FBV1_DOC_04_snow_route_salt,PlowGrid Snow Route Salting,FBV1_0050,FBV1_DOC_04_snow_route_salt,PlowGrid Snow Route Salting,2,How should a winter service team route salting and plowing work?,"During the trial week, teams found that pairing salt spreader with depot loader reduced repeated phone calls at the desk. The review also showed that bridge deck sensor was the field most often used for retrieval.","During the trial week, teams found that pairing salt spreader with depot loader reduced repeated phone calls at the desk. The review also showed that bridge deck sensor was the field most often used for retrieval.",RESULT,"[""salt spreader"", ""bridge deck sensor"", ""PlowGrid""]",DESCRIPTIVE,reports_usefulness,RELEVANT,RESULT,"[""salt spreader"", ""bridge deck sensor"", ""PlowGrid""]",DESCRIPTIVE,reports_usefulness,RELEVANT,fresh_blind_v1_gold_by_construction_seed_20260622,YES,RELEVANT
FBV1_DOC_04_snow_route_salt,PlowGrid Snow Route Salting,FBV1_0051,FBV1_DOC_04_snow_route_salt,PlowGrid Snow Route Salting,3,How should a winter service team route salting and plowing work?,A follow-up sample should hold out cases where priority corridor arrives after the first desk decision. The team can then measure whether depot loader changes the route or only confirms it.,A follow-up sample should hold out cases where priority corridor arrives after the first desk decision. The team can then measure whether depot loader changes the route or only confirms it.,NEXT_STEP,"[""PlowGrid"", ""bridge deck sensor"", ""depot loader""]",ACTIVE,proposes_next_test,RELEVANT,NEXT_STEP,"[""PlowGrid"", ""bridge deck sensor"", ""depot loader""]",ACTIVE,proposes_next_test,RELEVANT,fresh_blind_v1_gold_by_construction_seed_20260622,YES,RELEVANT
FBV1_DOC_04_snow_route_salt,PlowGrid Snow Route Salting,FBV1_0052,FBV1_DOC_04_snow_route_salt,PlowGrid Snow Route Salting,4,How should a winter service team route salting and plowing work?,The next review should compare salt spreader entries with actual outcomes from shift foreman. That test would show whether PlowGrid is routing hard cases earlier or merely documenting them later.,The next review should compare salt spreader entries with actual outcomes from shift foreman. That test would show whether PlowGrid is routing hard cases earlier or merely documenting them later.,NEXT_STEP,"[""priority corridor"", ""PlowGrid"", ""bridge deck sensor""]",ACTIVE,proposes_next_test,RELEVANT,NEXT_STEP,"[""priority corridor"", ""PlowGrid"", ""bridge deck sensor""]",ACTIVE,proposes_next_test,RELEVANT,fresh_blind_v1_gold_by_construction_seed_20260622,YES,RELEVANT
FBV1_DOC_04_snow_route_salt,PlowGrid Snow Route Salting,FBV1_0053,FBV1_DOC_04_snow_route_salt,PlowGrid Snow Route Salting,5,How should a winter service team route salting and plowing work?,"The source note comes from a local operations desk that tracks salt spreader, depot loader, and shift foreman during busy shifts. It frames the work area for PlowGrid before any recommendation is made.","The source note comes from a local operations desk that tracks salt spreader, depot loader, and shift foreman during busy shifts. It frames the work area for PlowGrid before any recommendation is made.",BACKGROUND,"[""PlowGrid"", ""salt spreader"", ""bridge deck sensor""]",DESCRIPTIVE,sets_context,PARTIAL,BACKGROUND,"[""PlowGrid"", ""salt spreader"", ""bridge deck sensor""]",DESCRIPTIVE,sets_context,PARTIAL,fresh_blind_v1_gold_by_construction_seed_20260622,MAYBE,PARTIAL
FBV1_DOC_04_snow_route_salt,PlowGrid Snow Route Salting,FBV1_0054,FBV1_DOC_04_snow_route_salt,PlowGrid Snow Route Salting,6,How should a winter service team route salting and plowing work?,"The salt spreader can lag behind radio updates, so it may overestimate how current the routing picture is. That caveat matters most when shift foreman is already working from a printed copy.","The salt spreader can lag behind radio updates, so it may overestimate how current the routing picture is. That caveat matters most when shift foreman is already working from a printed copy.",LIMITATION,"[""PlowGrid"", ""depot loader"", ""priority corridor""]",LIMITED,warns_about,RELEVANT,LIMITATION,"[""PlowGrid"", ""depot loader"", ""priority corridor""]",LIMITED,warns_about,RELEVANT,fresh_blind_v1_gold_by_construction_seed_20260622,YES,RELEVANT
FBV1_DOC_04_snow_route_salt,PlowGrid Snow Route Salting,FBV1_0055,FBV1_DOC_04_snow_route_salt,PlowGrid Snow Route Salting,7,How should a winter service team route salting and plowing work?,"Operators first sort the depot loader by urgency, then attach the matching bridge deck sensor entry to each open case. The final pass sends exceptions back to the supervisor queue rather than closing them silently.","Operators first sort the depot loader by urgency, then attach the matching bridge deck sensor entry to each open case. The final pass sends exceptions back to the supervisor queue rather than closing them silently.",METHOD,"[""salt spreader"", ""PlowGrid"", ""priority corridor""]",ACTIVE,requires,RELEVANT,METHOD,"[""salt spreader"", ""PlowGrid"", ""priority corridor""]",ACTIVE,requires,RELEVANT,fresh_blind_v1_gold_by_construction_seed_20260622,YES,RELEVANT
FBV1_DOC_04_snow_route_salt,PlowGrid Snow Route Salting,FBV1_0056,FBV1_DOC_04_snow_route_salt,PlowGrid Snow Route Salting,8,How should a winter service team route salting and plowing work?,"For example, a coordinator might receive a depot loader that lists bridge deck sensor as available while priority corridor says the work cannot start. In that case, PlowGrid keeps the case open until shift foreman confirms the current state.","For example, a coordinator might receive a depot loader that lists bridge deck sensor as available while priority corridor says the work cannot start. In that case, PlowGrid keeps the case open until shift foreman confirms the current state.",EXAMPLE,"[""PlowGrid"", ""priority corridor"", ""salt spreader""]",DESCRIPTIVE,gives_example,RELEVANT,EXAMPLE,"[""PlowGrid"", ""priority corridor"", ""salt spreader""]",DESCRIPTIVE,gives_example,RELEVANT,fresh_blind_v1_gold_by_construction_seed_20260622,YES,RELEVANT
FBV1_DOC_04_snow_route_salt,PlowGrid Snow Route Salting,FBV1_0057,FBV1_DOC_04_snow_route_salt,PlowGrid Snow Route Salting,9,How should a winter service team route salting and plowing work?,"The PlowGrid desk is not sufficient when depot loader is missing from the handoff, even if salt spreader looks complete. A coordinator still needs the missing evidence before the route can be trusted.","The PlowGrid desk is not sufficient when depot loader is missing from the handoff, even if salt spreader looks complete. A coordinator still needs the missing evidence before the route can be trusted.",CLAIM,"[""PlowGrid"", ""bridge deck sensor"", ""priority corridor""]",NEGATED,asserts,RELEVANT,CLAIM,"[""PlowGrid"", ""bridge deck sensor"", ""priority corridor""]",NEGATED,asserts,RELEVANT,fresh_blind_v1_gold_by_construction_seed_20260622,YES,RELEVANT
FBV1_DOC_04_snow_route_salt,PlowGrid Snow Route Salting,FBV1_0058,FBV1_DOC_04_snow_route_salt,PlowGrid Snow Route Salting,10,How should a winter service team route salting and plowing work?,The routing decision is more reliable when salt spreader and priority corridor are reviewed together instead of in separate calls. That pairing keeps bridge deck sensor from being treated as a side note after the main choice is already made.,The routing decision is more reliable when salt spreader and priority corridor are reviewed together instead of in separate calls. That pairing keeps bridge deck sensor from being treated as a side note after the main choice is already made.,CLAIM,"[""PlowGrid"", ""shift foreman"", ""salt spreader""]",ACTIVE,asserts,RELEVANT,CLAIM,"[""PlowGrid"", ""shift foreman"", ""salt spreader""]",ACTIVE,asserts,RELEVANT,fresh_blind_v1_gold_by_construction_seed_20260622,YES,RELEVANT
FBV1_DOC_04_snow_route_salt,PlowGrid Snow Route Salting,FBV1_0059,FBV1_DOC_04_snow_route_salt,PlowGrid Snow Route Salting,11,How should a winter service team route salting and plowing work?,"Operators first sort the depot loader by urgency, then attach the matching bridge deck sensor entry to each open case. The final pass sends exceptions back to the supervisor queue rather than closing them silently.","Operators first sort the depot loader by urgency, then attach the matching bridge deck sensor entry to each open case. The final pass sends exceptions back to the supervisor queue rather than closing them silently.",METHOD,"[""PlowGrid"", ""depot loader"", ""bridge deck sensor""]",ACTIVE,maps_to,RELEVANT,METHOD,"[""PlowGrid"", ""depot loader"", ""bridge deck sensor""]",ACTIVE,maps_to,RELEVANT,fresh_blind_v1_gold_by_construction_seed_20260622,YES,RELEVANT
FBV1_DOC_04_snow_route_salt,PlowGrid Snow Route Salting,FBV1_0060,FBV1_DOC_04_snow_route_salt,PlowGrid Snow Route Salting,12,How should a winter service team route salting and plowing work?,"For example, a coordinator might receive a depot loader that lists bridge deck sensor as available while priority corridor says the work cannot start. In that case, PlowGrid keeps the case open until shift foreman confirms the current state.","For example, a coordinator might receive a depot loader that lists bridge deck sensor as available while priority corridor says the work cannot start. In that case, PlowGrid keeps the case open until shift foreman confirms the current state.",EXAMPLE,"[""shift foreman"", ""salt spreader"", ""PlowGrid""]",DESCRIPTIVE,gives_example,RELEVANT,EXAMPLE,"[""shift foreman"", ""salt spreader"", ""PlowGrid""]",DESCRIPTIVE,gives_example,RELEVANT,fresh_blind_v1_gold_by_construction_seed_20260622,YES,RELEVANT
FBV1_DOC_04_snow_route_salt,PlowGrid Snow Route Salting,FBV1_0061,FBV1_DOC_04_snow_route_salt,PlowGrid Snow Route Salting,13,How should a winter service team route salting and plowing work?,"The source note comes from a local operations desk that tracks salt spreader, depot loader, and shift foreman during busy shifts. It frames the work area for PlowGrid before any recommendation is made.","The source note comes from a local operations desk that tracks salt spreader, depot loader, and shift foreman during busy shifts. It frames the work area for PlowGrid before any recommendation is made.",BACKGROUND,"[""PlowGrid"", ""salt spreader"", ""bridge deck sensor""]",DESCRIPTIVE,sets_context,PARTIAL,BACKGROUND,"[""PlowGrid"", ""salt spreader"", ""bridge deck sensor""]",DESCRIPTIVE,sets_context,PARTIAL,fresh_blind_v1_gold_by_construction_seed_20260622,MAYBE,PARTIAL
FBV1_DOC_04_snow_route_salt,PlowGrid Snow Route Salting,FBV1_0062,FBV1_DOC_04_snow_route_salt,PlowGrid Snow Route Salting,14,How should a winter service team route salting and plowing work?,"During the trial week, teams found that pairing salt spreader with depot loader reduced repeated phone calls at the desk. The review also showed that bridge deck sensor was the field most often used for retrieval.","During the trial week, teams found that pairing salt spreader with depot loader reduced repeated phone calls at the desk. The review also showed that bridge deck sensor was the field most often used for retrieval.",RESULT,"[""PlowGrid"", ""salt spreader"", ""bridge deck sensor""]",DESCRIPTIVE,reports_usefulness,RELEVANT,RESULT,"[""PlowGrid"", ""salt spreader"", ""bridge deck sensor""]",DESCRIPTIVE,reports_usefulness,RELEVANT,fresh_blind_v1_gold_by_construction_seed_20260622,YES,RELEVANT
FBV1_DOC_04_snow_route_salt,PlowGrid Snow Route Salting,FBV1_0063,FBV1_DOC_04_snow_route_salt,PlowGrid Snow Route Salting,15,How should a winter service team route salting and plowing work?,"The term depot loader refers to the recorded item that tells the coordinator what can move, wait, or be checked again. It is narrower than the whole PlowGrid file because it only covers the visible queue state.","The term depot loader refers to the recorded item that tells the coordinator what can move, wait, or be checked again. It is narrower than the whole PlowGrid file because it only covers the visible queue state.",DEFINE,"[""PlowGrid"", ""shift foreman"", ""bridge deck sensor""]",DESCRIPTIVE,defines,RELEVANT,DEFINE,"[""PlowGrid"", ""shift foreman"", ""bridge deck sensor""]",DESCRIPTIVE,defines,RELEVANT,fresh_blind_v1_gold_by_construction_seed_20260622,YES,RELEVANT
FBV1_DOC_04_snow_route_salt,PlowGrid Snow Route Salting,FBV1_0064,FBV1_DOC_04_snow_route_salt,PlowGrid Snow Route Salting,16,How should a winter service team route salting and plowing work?,"The salt spreader can lag behind radio updates, so it may overestimate how current the routing picture is. That caveat matters most when shift foreman is already working from a printed copy.","The salt spreader can lag behind radio updates, so it may overestimate how current the routing picture is. That caveat matters most when shift foreman is already working from a printed copy.",LIMITATION,"[""depot loader"", ""shift foreman"", ""PlowGrid""]",LIMITED,warns_about,RELEVANT,LIMITATION,"[""depot loader"", ""shift foreman"", ""PlowGrid""]",LIMITED,warns_about,RELEVANT,fresh_blind_v1_gold_by_construction_seed_20260622,YES,RELEVANT
FBV1_DOC_05_theater_stage_changeovers,StageTurn Theater Changeover Desk,FBV1_0065,FBV1_DOC_05_theater_stage_changeovers,StageTurn Theater Changeover Desk,1,How should a theater operations desk route stage changeover tasks?,One routine case has lighting plot showing a normal queue while prop table carries a late change from the field. The desk uses that case to demonstrate why wardrobe rack is checked before closure.,One routine case has lighting plot showing a normal queue while prop table carries a late change from the field. The desk uses that case to demonstrate why wardrobe rack is checked before closure.,EXAMPLE,"[""StageTurn"", ""lighting plot"", ""wardrobe rack""]",DESCRIPTIVE,gives_example,RELEVANT,EXAMPLE,"[""StageTurn"", ""lighting plot"", ""wardrobe rack""]",DESCRIPTIVE,gives_example,RELEVANT,fresh_blind_v1_gold_by_construction_seed_20260622,YES,RELEVANT
FBV1_DOC_05_theater_stage_changeovers,StageTurn Theater Changeover Desk,FBV1_0066,FBV1_DOC_05_theater_stage_changeovers,StageTurn Theater Changeover Desk,2,How should a theater operations desk route stage changeover tasks?,The next review should compare lighting plot entries with actual outcomes from stage manager. That test would show whether StageTurn is routing hard cases earlier or merely documenting them later.,The next review should compare lighting plot entries with actual outcomes from stage manager. That test would show whether StageTurn is routing hard cases earlier or merely documenting them later.,NEXT_STEP,"[""StageTurn"", ""lighting plot"", ""wardrobe rack""]",ACTIVE,proposes_next_test,RELEVANT,NEXT_STEP,"[""StageTurn"", ""lighting plot"", ""wardrobe rack""]",ACTIVE,proposes_next_test,RELEVANT,fresh_blind_v1_gold_by_construction_seed_20260622,YES,RELEVANT
FBV1_DOC_05_theater_stage_changeovers,StageTurn Theater Changeover Desk,FBV1_0067,FBV1_DOC_05_theater_stage_changeovers,StageTurn Theater Changeover Desk,3,How should a theater operations desk route stage changeover tasks?,"The source note comes from a local operations desk that tracks lighting plot, wardrobe rack, and stage manager during busy shifts. It frames the work area for StageTurn before any recommendation is made.","The source note comes from a local operations desk that tracks lighting plot, wardrobe rack, and stage manager during busy shifts. It frames the work area for StageTurn before any recommendation is made.",BACKGROUND,"[""StageTurn"", ""prop table"", ""fly rail cue""]",DESCRIPTIVE,sets_context,PARTIAL,BACKGROUND,"[""StageTurn"", ""prop table"", ""fly rail cue""]",DESCRIPTIVE,sets_context,PARTIAL,fresh_blind_v1_gold_by_construction_seed_20260622,MAYBE,PARTIAL
FBV1_DOC_05_theater_stage_changeovers,StageTurn Theater Changeover Desk,FBV1_0068,FBV1_DOC_05_theater_stage_changeovers,StageTurn Theater Changeover Desk,4,How should a theater operations desk route stage changeover tasks?,"During the trial week, teams found that pairing lighting plot with wardrobe rack reduced repeated phone calls at the desk. The review also showed that prop table was the field most often used for retrieval.","During the trial week, teams found that pairing lighting plot with wardrobe rack reduced repeated phone calls at the desk. The review also showed that prop table was the field most often used for retrieval.",RESULT,"[""StageTurn"", ""prop table"", ""lighting plot""]",DESCRIPTIVE,reports_usefulness,RELEVANT,RESULT,"[""StageTurn"", ""prop table"", ""lighting plot""]",DESCRIPTIVE,reports_usefulness,RELEVANT,fresh_blind_v1_gold_by_construction_seed_20260622,YES,RELEVANT
FBV1_DOC_05_theater_stage_changeovers,StageTurn Theater Changeover Desk,FBV1_0069,FBV1_DOC_05_theater_stage_changeovers,StageTurn Theater Changeover Desk,5,How should a theater operations desk route stage changeover tasks?,The StageTurn record cannot settle disputes when fly rail cue and wardrobe rack describe different versions of the same event. Human review is still required before prop table is treated as final.,The StageTurn record cannot settle disputes when fly rail cue and wardrobe rack describe different versions of the same event. Human review is still required before prop table is treated as final.,LIMITATION,"[""StageTurn"", ""stage manager"", ""fly rail cue""]",NEGATED,limits,RELEVANT,LIMITATION,"[""StageTurn"", ""stage manager"", ""fly rail cue""]",NEGATED,limits,RELEVANT,fresh_blind_v1_gold_by_construction_seed_20260622,YES,RELEVANT
FBV1_DOC_05_theater_stage_changeovers,StageTurn Theater Changeover Desk,FBV1_0070,FBV1_DOC_05_theater_stage_changeovers,StageTurn Theater Changeover Desk,6,How should a theater operations desk route stage changeover tasks?,The next review should compare lighting plot entries with actual outcomes from stage manager. That test would show whether StageTurn is routing hard cases earlier or merely documenting them later.,The next review should compare lighting plot entries with actual outcomes from stage manager. That test would show whether StageTurn is routing hard cases earlier or merely documenting them later.,NEXT_STEP,"[""StageTurn"", ""stage manager"", ""prop table""]",ACTIVE,proposes_next_test,RELEVANT,NEXT_STEP,"[""StageTurn"", ""stage manager"", ""prop table""]",ACTIVE,proposes_next_test,RELEVANT,fresh_blind_v1_gold_by_construction_seed_20260622,YES,RELEVANT
FBV1_DOC_05_theater_stage_changeovers,StageTurn Theater Changeover Desk,FBV1_0071,FBV1_DOC_05_theater_stage_changeovers,StageTurn Theater Changeover Desk,7,How should a theater operations desk route stage changeover tasks?,"Operators first sort the wardrobe rack by urgency, then attach the matching prop table entry to each open case. The final pass sends exceptions back to the supervisor queue rather than closing them silently.","Operators first sort the wardrobe rack by urgency, then attach the matching prop table entry to each open case. The final pass sends exceptions back to the supervisor queue rather than closing them silently.",METHOD,"[""wardrobe rack"", ""StageTurn"", ""lighting plot""]",ACTIVE,requires,RELEVANT,METHOD,"[""wardrobe rack"", ""StageTurn"", ""lighting plot""]",ACTIVE,requires,RELEVANT,fresh_blind_v1_gold_by_construction_seed_20260622,YES,RELEVANT
FBV1_DOC_05_theater_stage_changeovers,StageTurn Theater Changeover Desk,FBV1_0072,FBV1_DOC_05_theater_stage_changeovers,StageTurn Theater Changeover Desk,8,How should a theater operations desk route stage changeover tasks?,"For example, a coordinator might receive a wardrobe rack that lists prop table as available while fly rail cue says the work cannot start. In that case, StageTurn keeps the case open until stage manager confirms the current state.","For example, a coordinator might receive a wardrobe rack that lists prop table as available while fly rail cue says the work cannot start. In that case, StageTurn keeps the case open until stage manager confirms the current state.",EXAMPLE,"[""StageTurn"", ""wardrobe rack"", ""prop table""]",DESCRIPTIVE,gives_example,RELEVANT,EXAMPLE,"[""StageTurn"", ""wardrobe rack"", ""prop table""]",DESCRIPTIVE,gives_example,RELEVANT,fresh_blind_v1_gold_by_construction_seed_20260622,YES,RELEVANT
FBV1_DOC_05_theater_stage_changeovers,StageTurn Theater Changeover Desk,FBV1_0073,FBV1_DOC_05_theater_stage_changeovers,StageTurn Theater Changeover Desk,9,How should a theater operations desk route stage changeover tasks?,"Operators first sort the wardrobe rack by urgency, then attach the matching prop table entry to each open case. The final pass sends exceptions back to the supervisor queue rather than closing them silently.","Operators first sort the wardrobe rack by urgency, then attach the matching prop table entry to each open case. The final pass sends exceptions back to the supervisor queue rather than closing them silently.",METHOD,"[""stage manager"", ""prop table"", ""StageTurn""]",ACTIVE,recommends,RELEVANT,METHOD,"[""stage manager"", ""prop table"", ""StageTurn""]",ACTIVE,recommends,RELEVANT,fresh_blind_v1_gold_by_construction_seed_20260622,YES,RELEVANT
FBV1_DOC_05_theater_stage_changeovers,StageTurn Theater Changeover Desk,FBV1_0074,FBV1_DOC_05_theater_stage_changeovers,StageTurn Theater Changeover Desk,10,How should a theater operations desk route stage changeover tasks?,"During the trial week, teams found that pairing lighting plot with wardrobe rack reduced repeated phone calls at the desk. The review also showed that prop table was the field most often used for retrieval.","During the trial week, teams found that pairing lighting plot with wardrobe rack reduced repeated phone calls at the desk. The review also showed that prop table was the field most often used for retrieval.",RESULT,"[""StageTurn"", ""stage manager"", ""lighting plot""]",DESCRIPTIVE,reports_usefulness,RELEVANT,RESULT,"[""StageTurn"", ""stage manager"", ""lighting plot""]",DESCRIPTIVE,reports_usefulness,RELEVANT,fresh_blind_v1_gold_by_construction_seed_20260622,YES,RELEVANT
FBV1_DOC_05_theater_stage_changeovers,StageTurn Theater Changeover Desk,FBV1_0075,FBV1_DOC_05_theater_stage_changeovers,StageTurn Theater Changeover Desk,11,How should a theater operations desk route stage changeover tasks?,"The term wardrobe rack refers to the recorded item that tells the coordinator what can move, wait, or be checked again. It is narrower than the whole StageTurn file because it only covers the visible queue state.","The term wardrobe rack refers to the recorded item that tells the coordinator what can move, wait, or be checked again. It is narrower than the whole StageTurn file because it only covers the visible queue state.",DEFINE,"[""prop table"", ""StageTurn"", ""stage manager""]",DESCRIPTIVE,defines,RELEVANT,DEFINE,"[""prop table"", ""StageTurn"", ""stage manager""]",DESCRIPTIVE,defines,RELEVANT,fresh_blind_v1_gold_by_construction_seed_20260622,YES,RELEVANT
FBV1_DOC_05_theater_stage_changeovers,StageTurn Theater Changeover Desk,FBV1_0076,FBV1_DOC_05_theater_stage_changeovers,StageTurn Theater Changeover Desk,12,How should a theater operations desk route stage changeover tasks?,The routing decision is more reliable when lighting plot and fly rail cue are reviewed together instead of in separate calls. That pairing keeps prop table from being treated as a side note after the main choice is already made.,The routing decision is more reliable when lighting plot and fly rail cue are reviewed together instead of in separate calls. That pairing keeps prop table from being treated as a side note after the main choice is already made.,CLAIM,"[""StageTurn"", ""stage manager"", ""prop table""]",ACTIVE,asserts,RELEVANT,CLAIM,"[""StageTurn"", ""stage manager"", ""prop table""]",ACTIVE,asserts,RELEVANT,fresh_blind_v1_gold_by_construction_seed_20260622,YES,RELEVANT
FBV1_DOC_05_theater_stage_changeovers,StageTurn Theater Changeover Desk,FBV1_0077,FBV1_DOC_05_theater_stage_changeovers,StageTurn Theater Changeover Desk,13,How should a theater operations desk route stage changeover tasks?,"The source note comes from a local operations desk that tracks lighting plot, wardrobe rack, and stage manager during busy shifts. It frames the work area for StageTurn before any recommendation is made.","The source note comes from a local operations desk that tracks lighting plot, wardrobe rack, and stage manager during busy shifts. It frames the work area for StageTurn before any recommendation is made.",BACKGROUND,"[""StageTurn"", ""lighting plot"", ""wardrobe rack""]",DESCRIPTIVE,sets_context,PARTIAL,BACKGROUND,"[""StageTurn"", ""lighting plot"", ""wardrobe rack""]",DESCRIPTIVE,sets_context,PARTIAL,fresh_blind_v1_gold_by_construction_seed_20260622,MAYBE,PARTIAL
FBV1_DOC_05_theater_stage_changeovers,StageTurn Theater Changeover Desk,FBV1_0078,FBV1_DOC_05_theater_stage_changeovers,StageTurn Theater Changeover Desk,14,How should a theater operations desk route stage changeover tasks?,The routing decision is more reliable when lighting plot and fly rail cue are reviewed together instead of in separate calls. That pairing keeps prop table from being treated as a side note after the main choice is already made.,The routing decision is more reliable when lighting plot and fly rail cue are reviewed together instead of in separate calls. That pairing keeps prop table from being treated as a side note after the main choice is already made.,CLAIM,"[""StageTurn"", ""prop table"", ""fly rail cue""]",ACTIVE,asserts,RELEVANT,CLAIM,"[""StageTurn"", ""prop table"", ""fly rail cue""]",ACTIVE,asserts,RELEVANT,fresh_blind_v1_gold_by_construction_seed_20260622,YES,RELEVANT
FBV1_DOC_05_theater_stage_changeovers,StageTurn Theater Changeover Desk,FBV1_0079,FBV1_DOC_05_theater_stage_changeovers,StageTurn Theater Changeover Desk,15,How should a theater operations desk route stage changeover tasks?,"The term wardrobe rack refers to the recorded item that tells the coordinator what can move, wait, or be checked again. It is narrower than the whole StageTurn file because it only covers the visible queue state.","The term wardrobe rack refers to the recorded item that tells the coordinator what can move, wait, or be checked again. It is narrower than the whole StageTurn file because it only covers the visible queue state.",DEFINE,"[""StageTurn"", ""prop table"", ""lighting plot""]",DESCRIPTIVE,defines,RELEVANT,DEFINE,"[""StageTurn"", ""prop table"", ""lighting plot""]",DESCRIPTIVE,defines,RELEVANT,fresh_blind_v1_gold_by_construction_seed_20260622,YES,RELEVANT
FBV1_DOC_05_theater_stage_changeovers,StageTurn Theater Changeover Desk,FBV1_0080,FBV1_DOC_05_theater_stage_changeovers,StageTurn Theater Changeover Desk,16,How should a theater operations desk route stage changeover tasks?,"The lighting plot can lag behind radio updates, so it may overestimate how current the routing picture is. That caveat matters most when stage manager is already working from a printed copy.","The lighting plot can lag behind radio updates, so it may overestimate how current the routing picture is. That caveat matters most when stage manager is already working from a printed copy.",LIMITATION,"[""StageTurn"", ""prop table"", ""wardrobe rack""]",LIMITED,warns_about,RELEVANT,LIMITATION,"[""StageTurn"", ""prop table"", ""wardrobe rack""]",LIMITED,warns_about,RELEVANT,fresh_blind_v1_gold_by_construction_seed_20260622,YES,RELEVANT
FBV1_DOC_06_seafood_auction_grading,HarborScale Seafood Auction Grading,FBV1_0081,FBV1_DOC_06_seafood_auction_grading,HarborScale Seafood Auction Grading,1,How should a seafood auction route grading and hold decisions?,A sample of completed handoffs showed that HarborScale made the oldest unresolved cases easier to find. Reviewers reported that ice bin gave the clearest evidence when a route was challenged.,A sample of completed handoffs showed that HarborScale made the oldest unresolved cases easier to find. Reviewers reported that ice bin gave the clearest evidence when a route was challenged.,RESULT,"[""HarborScale"", ""landing record"", ""lot ticket""]",DESCRIPTIVE,supports_retrieval,RELEVANT,RESULT,"[""HarborScale"", ""landing record"", ""lot ticket""]",DESCRIPTIVE,supports_retrieval,RELEVANT,fresh_blind_v1_gold_by_construction_seed_20260622,YES,RELEVANT
FBV1_DOC_06_seafood_auction_grading,HarborScale Seafood Auction Grading,FBV1_0082,FBV1_DOC_06_seafood_auction_grading,HarborScale Seafood Auction Grading,2,How should a seafood auction route grading and hold decisions?,"During the trial week, teams found that pairing lot ticket with buyer clock reduced repeated phone calls at the desk. The review also showed that quality grader was the field most often used for retrieval.","During the trial week, teams found that pairing lot ticket with buyer clock reduced repeated phone calls at the desk. The review also showed that quality grader was the field most often used for retrieval.",RESULT,"[""lot ticket"", ""HarborScale"", ""ice bin""]",DESCRIPTIVE,reports_usefulness,RELEVANT,RESULT,"[""lot ticket"", ""HarborScale"", ""ice bin""]",DESCRIPTIVE,reports_usefulness,RELEVANT,fresh_blind_v1_gold_by_construction_seed_20260622,YES,RELEVANT
FBV1_DOC_06_seafood_auction_grading,HarborScale Seafood Auction Grading,FBV1_0083,FBV1_DOC_06_seafood_auction_grading,HarborScale Seafood Auction Grading,3,How should a seafood auction route grading and hold decisions?,"The source note comes from a local operations desk that tracks lot ticket, buyer clock, and landing record during busy shifts. It frames the work area for HarborScale before any recommendation is made.","The source note comes from a local operations desk that tracks lot ticket, buyer clock, and landing record during busy shifts. It frames the work area for HarborScale before any recommendation is made.",BACKGROUND,"[""HarborScale"", ""buyer clock"", ""landing record""]",DESCRIPTIVE,sets_context,PARTIAL,BACKGROUND,"[""HarborScale"", ""buyer clock"", ""landing record""]",DESCRIPTIVE,sets_context,PARTIAL,fresh_blind_v1_gold_by_construction_seed_20260622,MAYBE,PARTIAL
FBV1_DOC_06_seafood_auction_grading,HarborScale Seafood Auction Grading,FBV1_0084,FBV1_DOC_06_seafood_auction_grading,HarborScale Seafood Auction Grading,4,How should a seafood auction route grading and hold decisions?,"The coordinator should require the lot ticket against the ice bin before releasing the next task. If the two records disagree, the item stays with landing record until the discrepancy is cleared.","The coordinator should require the lot ticket against the ice bin before releasing the next task. If the two records disagree, the item stays with landing record until the discrepancy is cleared.",METHOD,"[""HarborScale"", ""quality grader"", ""lot ticket""]",ACTIVE,requires,RELEVANT,METHOD,"[""HarborScale"", ""quality grader"", ""lot ticket""]",ACTIVE,requires,RELEVANT,fresh_blind_v1_gold_by_construction_seed_20260622,YES,RELEVANT
FBV1_DOC_06_seafood_auction_grading,HarborScale Seafood Auction Grading,FBV1_0085,FBV1_DOC_06_seafood_auction_grading,HarborScale Seafood Auction Grading,5,How should a seafood auction route grading and hold decisions?,"The term buyer clock refers to the recorded item that tells the coordinator what can move, wait, or be checked again. It is narrower than the whole HarborScale file because it only covers the visible queue state.","The term buyer clock refers to the recorded item that tells the coordinator what can move, wait, or be checked again. It is narrower than the whole HarborScale file because it only covers the visible queue state.",DEFINE,"[""HarborScale"", ""landing record"", ""quality grader""]",DESCRIPTIVE,defines,RELEVANT,DEFINE,"[""HarborScale"", ""landing record"", ""quality grader""]",DESCRIPTIVE,defines,RELEVANT,fresh_blind_v1_gold_by_construction_seed_20260622,YES,RELEVANT
FBV1_DOC_06_seafood_auction_grading,HarborScale Seafood Auction Grading,FBV1_0086,FBV1_DOC_06_seafood_auction_grading,HarborScale Seafood Auction Grading,6,How should a seafood auction route grading and hold decisions?,"The coordinator should compare the lot ticket against the ice bin before releasing the next task. If the two records disagree, the item stays with landing record until the discrepancy is cleared.","The coordinator should compare the lot ticket against the ice bin before releasing the next task. If the two records disagree, the item stays with landing record until the discrepancy is cleared.",METHOD,"[""ice bin"", ""quality grader"", ""HarborScale""]",ACTIVE,recommends,RELEVANT,METHOD,"[""ice bin"", ""quality grader"", ""HarborScale""]",ACTIVE,recommends,RELEVANT,fresh_blind_v1_gold_by_construction_seed_20260622,YES,RELEVANT
FBV1_DOC_06_seafood_auction_grading,HarborScale Seafood Auction Grading,FBV1_0087,FBV1_DOC_06_seafood_auction_grading,HarborScale Seafood Auction Grading,7,How should a seafood auction route grading and hold decisions?,One routine case has lot ticket showing a normal queue while quality grader carries a late change from the field. The desk uses that case to demonstrate why buyer clock is checked before closure.,One routine case has lot ticket showing a normal queue while quality grader carries a late change from the field. The desk uses that case to demonstrate why buyer clock is checked before closure.,EXAMPLE,"[""HarborScale"", ""lot ticket"", ""buyer clock""]",DESCRIPTIVE,gives_example,RELEVANT,EXAMPLE,"[""HarborScale"", ""lot ticket"", ""buyer clock""]",DESCRIPTIVE,gives_example,RELEVANT,fresh_blind_v1_gold_by_construction_seed_20260622,YES,RELEVANT
FBV1_DOC_06_seafood_auction_grading,HarborScale Seafood Auction Grading,FBV1_0088,FBV1_DOC_06_seafood_auction_grading,HarborScale Seafood Auction Grading,8,How should a seafood auction route grading and hold decisions?,"For example, a coordinator might receive a buyer clock that lists quality grader as available while ice bin says the work cannot start. In that case, HarborScale keeps the case open until landing record confirms the current state.","For example, a coordinator might receive a buyer clock that lists quality grader as available while ice bin says the work cannot start. In that case, HarborScale keeps the case open until landing record confirms the current state.",EXAMPLE,"[""lot ticket"", ""HarborScale"", ""quality grader""]",DESCRIPTIVE,gives_example,RELEVANT,EXAMPLE,"[""lot ticket"", ""HarborScale"", ""quality grader""]",DESCRIPTIVE,gives_example,RELEVANT,fresh_blind_v1_gold_by_construction_seed_20260622,YES,RELEVANT
FBV1_DOC_06_seafood_auction_grading,HarborScale Seafood Auction Grading,FBV1_0089,FBV1_DOC_06_seafood_auction_grading,HarborScale Seafood Auction Grading,9,How should a seafood auction route grading and hold decisions?,"The HarborScale desk is not sufficient when buyer clock is missing from the handoff, even if lot ticket looks complete. A coordinator still needs the missing evidence before the route can be trusted.","The HarborScale desk is not sufficient when buyer clock is missing from the handoff, even if lot ticket looks complete. A coordinator still needs the missing evidence before the route can be trusted.",CLAIM,"[""ice bin"", ""HarborScale"", ""quality grader""]",NEGATED,asserts,RELEVANT,CLAIM,"[""ice bin"", ""HarborScale"", ""quality grader""]",NEGATED,asserts,RELEVANT,fresh_blind_v1_gold_by_construction_seed_20260622,YES,RELEVANT
FBV1_DOC_06_seafood_auction_grading,HarborScale Seafood Auction Grading,FBV1_0090,FBV1_DOC_06_seafood_auction_grading,HarborScale Seafood Auction Grading,10,How should a seafood auction route grading and hold decisions?,"In this desk, the lot ticket means the current shared view of crews, holds, and constraints for HarborScale. Staff treat it as the reference object that links ice bin to quality grader.","In this desk, the lot ticket means the current shared view of crews, holds, and constraints for HarborScale. Staff treat it as the reference object that links ice bin to quality grader.",DEFINE,"[""HarborScale"", ""landing record"", ""lot ticket""]",DESCRIPTIVE,defines,RELEVANT,DEFINE,"[""HarborScale"", ""landing record"", ""lot ticket""]",DESCRIPTIVE,defines,RELEVANT,fresh_blind_v1_gold_by_construction_seed_20260622,YES,RELEVANT
FBV1_DOC_06_seafood_auction_grading,HarborScale Seafood Auction Grading,FBV1_0091,FBV1_DOC_06_seafood_auction_grading,HarborScale Seafood Auction Grading,11,How should a seafood auction route grading and hold decisions?,The HarborScale record cannot settle disputes when ice bin and buyer clock describe different versions of the same event. Human review is still required before quality grader is treated as final.,The HarborScale record cannot settle disputes when ice bin and buyer clock describe different versions of the same event. Human review is still required before quality grader is treated as final.,LIMITATION,"[""landing record"", ""buyer clock"", ""HarborScale""]",NEGATED,limits,RELEVANT,LIMITATION,"[""landing record"", ""buyer clock"", ""HarborScale""]",NEGATED,limits,RELEVANT,fresh_blind_v1_gold_by_construction_seed_20260622,YES,RELEVANT
FBV1_DOC_06_seafood_auction_grading,HarborScale Seafood Auction Grading,FBV1_0092,FBV1_DOC_06_seafood_auction_grading,HarborScale Seafood Auction Grading,12,How should a seafood auction route grading and hold decisions?,The next review should compare lot ticket entries with actual outcomes from landing record. That test would show whether HarborScale is routing hard cases earlier or merely documenting them later.,The next review should compare lot ticket entries with actual outcomes from landing record. That test would show whether HarborScale is routing hard cases earlier or merely documenting them later.,NEXT_STEP,"[""landing record"", ""buyer clock"", ""HarborScale""]",ACTIVE,proposes_next_test,RELEVANT,NEXT_STEP,"[""landing record"", ""buyer clock"", ""HarborScale""]",ACTIVE,proposes_next_test,RELEVANT,fresh_blind_v1_gold_by_construction_seed_20260622,YES,RELEVANT
FBV1_DOC_06_seafood_auction_grading,HarborScale Seafood Auction Grading,FBV1_0093,FBV1_DOC_06_seafood_auction_grading,HarborScale Seafood Auction Grading,13,How should a seafood auction route grading and hold decisions?,"The HarborScale desk is not sufficient when buyer clock is missing from the handoff, even if lot ticket looks complete. A coordinator still needs the missing evidence before the route can be trusted.","The HarborScale desk is not sufficient when buyer clock is missing from the handoff, even if lot ticket looks complete. A coordinator still needs the missing evidence before the route can be trusted.",CLAIM,"[""HarborScale"", ""lot ticket"", ""quality grader""]",NEGATED,asserts,RELEVANT,CLAIM,"[""HarborScale"", ""lot ticket"", ""quality grader""]",NEGATED,asserts,RELEVANT,fresh_blind_v1_gold_by_construction_seed_20260622,YES,RELEVANT
FBV1_DOC_06_seafood_auction_grading,HarborScale Seafood Auction Grading,FBV1_0094,FBV1_DOC_06_seafood_auction_grading,HarborScale Seafood Auction Grading,14,How should a seafood auction route grading and hold decisions?,"HarborScale Seafood Auction Grading is a field-office packet used during ordinary handoffs, not an audit of software or policy. The packet brings together the lot ticket, ice bin, and quality grader so a supervisor can see where the next routing choice begins.","HarborScale Seafood Auction Grading is a field-office packet used during ordinary handoffs, not an audit of software or policy. The packet brings together the lot ticket, ice bin, and quality grader so a supervisor can see where the next routing choice begins.",BACKGROUND,"[""HarborScale"", ""buyer clock"", ""quality grader""]",DESCRIPTIVE,sets_context,NOT_RELEVANT,BACKGROUND,"[""HarborScale"", ""buyer clock"", ""quality grader""]",DESCRIPTIVE,sets_context,NOT_RELEVANT,fresh_blind_v1_gold_by_construction_seed_20260622,NO,NOT_RELEVANT
FBV1_DOC_06_seafood_auction_grading,HarborScale Seafood Auction Grading,FBV1_0095,FBV1_DOC_06_seafood_auction_grading,HarborScale Seafood Auction Grading,15,How should a seafood auction route grading and hold decisions?,The HarborScale record cannot settle disputes when ice bin and buyer clock describe different versions of the same event. Human review is still required before quality grader is treated as final.,The HarborScale record cannot settle disputes when ice bin and buyer clock describe different versions of the same event. Human review is still required before quality grader is treated as final.,LIMITATION,"[""ice bin"", ""HarborScale"", ""lot ticket""]",NEGATED,limits,RELEVANT,LIMITATION,"[""ice bin"", ""HarborScale"", ""lot ticket""]",NEGATED,limits,RELEVANT,fresh_blind_v1_gold_by_construction_seed_20260622,YES,RELEVANT
FBV1_DOC_06_seafood_auction_grading,HarborScale Seafood Auction Grading,FBV1_0096,FBV1_DOC_06_seafood_auction_grading,HarborScale Seafood Auction Grading,16,How should a seafood auction route grading and hold decisions?,The next review should compare lot ticket entries with actual outcomes from landing record. That test would show whether HarborScale is routing hard cases earlier or merely documenting them later.,The next review should compare lot ticket entries with actual outcomes from landing record. That test would show whether HarborScale is routing hard cases earlier or merely documenting them later.,NEXT_STEP,"[""HarborScale"", ""quality grader"", ""landing record""]",ACTIVE,proposes_next_test,RELEVANT,NEXT_STEP,"[""HarborScale"", ""quality grader"", ""landing record""]",ACTIVE,proposes_next_test,RELEVANT,fresh_blind_v1_gold_by_construction_seed_20260622,YES,RELEVANT
FBV1_DOC_07_cemetery_plot_records,PlotLedger Cemetery Record Office,FBV1_0097,FBV1_DOC_07_cemetery_plot_records,PlotLedger Cemetery Record Office,1,How should a cemetery office route plot-record corrections?,"The term marker permit refers to the recorded item that tells the coordinator what can move, wait, or be checked again. It is narrower than the whole PlotLedger file because it only covers the visible queue state.","The term marker permit refers to the recorded item that tells the coordinator what can move, wait, or be checked again. It is narrower than the whole PlotLedger file because it only covers the visible queue state.",DEFINE,"[""burial register"", ""marker permit"", ""PlotLedger""]",DESCRIPTIVE,defines,RELEVANT,DEFINE,"[""burial register"", ""marker permit"", ""PlotLedger""]",DESCRIPTIVE,defines,RELEVANT,fresh_blind_v1_gold_by_construction_seed_20260622,YES,RELEVANT
FBV1_DOC_07_cemetery_plot_records,PlotLedger Cemetery Record Office,FBV1_0098,FBV1_DOC_07_cemetery_plot_records,PlotLedger Cemetery Record Office,2,How should a cemetery office route plot-record corrections?,The routing decision is more reliable when burial register and plot map are reviewed together instead of in separate calls. That pairing keeps family deed from being treated as a side note after the main choice is already made.,The routing decision is more reliable when burial register and plot map are reviewed together instead of in separate calls. That pairing keeps family deed from being treated as a side note after the main choice is already made.,CLAIM,"[""PlotLedger"", ""plot map"", ""grounds crew""]",ACTIVE,asserts,RELEVANT,CLAIM,"[""PlotLedger"", ""plot map"", ""grounds crew""]",ACTIVE,asserts,RELEVANT,fresh_blind_v1_gold_by_construction_seed_20260622,YES,RELEVANT
FBV1_DOC_07_cemetery_plot_records,PlotLedger Cemetery Record Office,FBV1_0099,FBV1_DOC_07_cemetery_plot_records,PlotLedger Cemetery Record Office,3,How should a cemetery office route plot-record corrections?,"The PlotLedger desk is not sufficient when marker permit is missing from the handoff, even if burial register looks complete. A coordinator still needs the missing evidence before the route can be trusted.","The PlotLedger desk is not sufficient when marker permit is missing from the handoff, even if burial register looks complete. A coordinator still needs the missing evidence before the route can be trusted.",CLAIM,"[""marker permit"", ""plot map"", ""PlotLedger""]",NEGATED,asserts,RELEVANT,CLAIM,"[""marker permit"", ""plot map"", ""PlotLedger""]",NEGATED,asserts,RELEVANT,fresh_blind_v1_gold_by_construction_seed_20260622,YES,RELEVANT
FBV1_DOC_07_cemetery_plot_records,PlotLedger Cemetery Record Office,FBV1_0100,FBV1_DOC_07_cemetery_plot_records,PlotLedger Cemetery Record Office,4,How should a cemetery office route plot-record corrections?,"In this desk, the burial register means the current shared view of crews, holds, and constraints for PlotLedger. Staff treat it as the reference object that links plot map to family deed.","In this desk, the burial register means the current shared view of crews, holds, and constraints for PlotLedger. Staff treat it as the reference object that links plot map to family deed.",DEFINE,"[""PlotLedger"", ""burial register"", ""family deed""]",DESCRIPTIVE,defines,RELEVANT,DEFINE,"[""PlotLedger"", ""burial register"", ""family deed""]",DESCRIPTIVE,defines,RELEVANT,fresh_blind_v1_gold_by_construction_seed_20260622,YES,RELEVANT
FBV1_DOC_07_cemetery_plot_records,PlotLedger Cemetery Record Office,FBV1_0101,FBV1_DOC_07_cemetery_plot_records,PlotLedger Cemetery Record Office,5,How should a cemetery office route plot-record corrections?,A sample of completed handoffs showed that PlotLedger made the oldest unresolved cases easier to find. Reviewers reported that plot map gave the clearest evidence when a route was challenged.,A sample of completed handoffs showed that PlotLedger made the oldest unresolved cases easier to find. Reviewers reported that plot map gave the clearest evidence when a route was challenged.,RESULT,"[""plot map"", ""marker permit"", ""PlotLedger""]",DESCRIPTIVE,supports_retrieval,RELEVANT,RESULT,"[""plot map"", ""marker permit"", ""PlotLedger""]",DESCRIPTIVE,supports_retrieval,RELEVANT,fresh_blind_v1_gold_by_construction_seed_20260622,YES,RELEVANT
FBV1_DOC_07_cemetery_plot_records,PlotLedger Cemetery Record Office,FBV1_0102,FBV1_DOC_07_cemetery_plot_records,PlotLedger Cemetery Record Office,6,How should a cemetery office route plot-record corrections?,"The coordinator should compare the burial register against the plot map before releasing the next task. If the two records disagree, the item stays with grounds crew until the discrepancy is cleared.","The coordinator should compare the burial register against the plot map before releasing the next task. If the two records disagree, the item stays with grounds crew until the discrepancy is cleared.",METHOD,"[""grounds crew"", ""marker permit"", ""PlotLedger""]",ACTIVE,recommends,RELEVANT,METHOD,"[""grounds crew"", ""marker permit"", ""PlotLedger""]",ACTIVE,recommends,RELEVANT,fresh_blind_v1_gold_by_construction_seed_20260622,YES,RELEVANT
FBV1_DOC_07_cemetery_plot_records,PlotLedger Cemetery Record Office,FBV1_0103,FBV1_DOC_07_cemetery_plot_records,PlotLedger Cemetery Record Office,7,How should a cemetery office route plot-record corrections?,"The source note comes from a local operations desk that tracks burial register, marker permit, and grounds crew during busy shifts. It frames the work area for PlotLedger before any recommendation is made.","The source note comes from a local operations desk that tracks burial register, marker permit, and grounds crew during busy shifts. It frames the work area for PlotLedger before any recommendation is made.",BACKGROUND,"[""PlotLedger"", ""plot map"", ""burial register""]",DESCRIPTIVE,sets_context,PARTIAL,BACKGROUND,"[""PlotLedger"", ""plot map"", ""burial register""]",DESCRIPTIVE,sets_context,PARTIAL,fresh_blind_v1_gold_by_construction_seed_20260622,MAYBE,PARTIAL
FBV1_DOC_07_cemetery_plot_records,PlotLedger Cemetery Record Office,FBV1_0104,FBV1_DOC_07_cemetery_plot_records,PlotLedger Cemetery Record Office,8,How should a cemetery office route plot-record corrections?,"For example, a coordinator might receive a marker permit that lists family deed as available while plot map says the work cannot start. In that case, PlotLedger keeps the case open until grounds crew confirms the current state.","For example, a coordinator might receive a marker permit that lists family deed as available while plot map says the work cannot start. In that case, PlotLedger keeps the case open until grounds crew confirms the current state.",EXAMPLE,"[""PlotLedger"", ""plot map"", ""family deed""]",DESCRIPTIVE,gives_example,RELEVANT,EXAMPLE,"[""PlotLedger"", ""plot map"", ""family deed""]",DESCRIPTIVE,gives_example,RELEVANT,fresh_blind_v1_gold_by_construction_seed_20260622,YES,RELEVANT
FBV1_DOC_07_cemetery_plot_records,PlotLedger Cemetery Record Office,FBV1_0105,FBV1_DOC_07_cemetery_plot_records,PlotLedger Cemetery Record Office,9,How should a cemetery office route plot-record corrections?,"Operators first sort the marker permit by urgency, then attach the matching family deed entry to each open case. The final pass sends exceptions back to the supervisor queue rather than closing them silently.","Operators first sort the marker permit by urgency, then attach the matching family deed entry to each open case. The final pass sends exceptions back to the supervisor queue rather than closing them silently.",METHOD,"[""grounds crew"", ""PlotLedger"", ""marker permit""]",ACTIVE,recommends,RELEVANT,METHOD,"[""grounds crew"", ""PlotLedger"", ""marker permit""]",ACTIVE,recommends,RELEVANT,fresh_blind_v1_gold_by_construction_seed_20260622,YES,RELEVANT
FBV1_DOC_07_cemetery_plot_records,PlotLedger Cemetery Record Office,FBV1_0106,FBV1_DOC_07_cemetery_plot_records,PlotLedger Cemetery Record Office,10,How should a cemetery office route plot-record corrections?,The next review should compare burial register entries with actual outcomes from grounds crew. That test would show whether PlotLedger is routing hard cases earlier or merely documenting them later.,The next review should compare burial register entries with actual outcomes from grounds crew. That test would show whether PlotLedger is routing hard cases earlier or merely documenting them later.,NEXT_STEP,"[""PlotLedger"", ""marker permit"", ""grounds crew""]",ACTIVE,proposes_next_test,RELEVANT,NEXT_STEP,"[""PlotLedger"", ""marker permit"", ""grounds crew""]",ACTIVE,proposes_next_test,RELEVANT,fresh_blind_v1_gold_by_construction_seed_20260622,YES,RELEVANT
FBV1_DOC_07_cemetery_plot_records,PlotLedger Cemetery Record Office,FBV1_0107,FBV1_DOC_07_cemetery_plot_records,PlotLedger Cemetery Record Office,11,How should a cemetery office route plot-record corrections?,The PlotLedger record cannot settle disputes when plot map and marker permit describe different versions of the same event. Human review is still required before family deed is treated as final.,The PlotLedger record cannot settle disputes when plot map and marker permit describe different versions of the same event. Human review is still required before family deed is treated as final.,LIMITATION,"[""PlotLedger"", ""grounds crew"", ""plot map""]",NEGATED,limits,RELEVANT,LIMITATION,"[""PlotLedger"", ""grounds crew"", ""plot map""]",NEGATED,limits,RELEVANT,fresh_blind_v1_gold_by_construction_seed_20260622,YES,RELEVANT
FBV1_DOC_07_cemetery_plot_records,PlotLedger Cemetery Record Office,FBV1_0108,FBV1_DOC_07_cemetery_plot_records,PlotLedger Cemetery Record Office,12,How should a cemetery office route plot-record corrections?,The next review should compare burial register entries with actual outcomes from grounds crew. That test would show whether PlotLedger is routing hard cases earlier or merely documenting them later.,The next review should compare burial register entries with actual outcomes from grounds crew. That test would show whether PlotLedger is routing hard cases earlier or merely documenting them later.,NEXT_STEP,"[""PlotLedger"", ""burial register"", ""marker permit""]",ACTIVE,proposes_next_test,RELEVANT,NEXT_STEP,"[""PlotLedger"", ""burial register"", ""marker permit""]",ACTIVE,proposes_next_test,RELEVANT,fresh_blind_v1_gold_by_construction_seed_20260622,YES,RELEVANT
FBV1_DOC_07_cemetery_plot_records,PlotLedger Cemetery Record Office,FBV1_0109,FBV1_DOC_07_cemetery_plot_records,PlotLedger Cemetery Record Office,13,How should a cemetery office route plot-record corrections?,"The source note comes from a local operations desk that tracks burial register, marker permit, and grounds crew during busy shifts. It frames the work area for PlotLedger before any recommendation is made.","The source note comes from a local operations desk that tracks burial register, marker permit, and grounds crew during busy shifts. It frames the work area for PlotLedger before any recommendation is made.",BACKGROUND,"[""PlotLedger"", ""grounds crew"", ""family deed""]",DESCRIPTIVE,sets_context,PARTIAL,BACKGROUND,"[""PlotLedger"", ""grounds crew"", ""family deed""]",DESCRIPTIVE,sets_context,PARTIAL,fresh_blind_v1_gold_by_construction_seed_20260622,MAYBE,PARTIAL
FBV1_DOC_07_cemetery_plot_records,PlotLedger Cemetery Record Office,FBV1_0110,FBV1_DOC_07_cemetery_plot_records,PlotLedger Cemetery Record Office,14,How should a cemetery office route plot-record corrections?,"The burial register can lag behind radio updates, so it may overestimate how current the routing picture is. That caveat matters most when grounds crew is already working from a printed copy.","The burial register can lag behind radio updates, so it may overestimate how current the routing picture is. That caveat matters most when grounds crew is already working from a printed copy.",LIMITATION,"[""PlotLedger"", ""grounds crew"", ""marker permit""]",LIMITED,warns_about,RELEVANT,LIMITATION,"[""PlotLedger"", ""grounds crew"", ""marker permit""]",LIMITED,warns_about,RELEVANT,fresh_blind_v1_gold_by_construction_seed_20260622,YES,RELEVANT
FBV1_DOC_07_cemetery_plot_records,PlotLedger Cemetery Record Office,FBV1_0111,FBV1_DOC_07_cemetery_plot_records,PlotLedger Cemetery Record Office,15,How should a cemetery office route plot-record corrections?,One routine case has burial register showing a normal queue while family deed carries a late change from the field. The desk uses that case to demonstrate why marker permit is checked before closure.,One routine case has burial register showing a normal queue while family deed carries a late change from the field. The desk uses that case to demonstrate why marker permit is checked before closure.,EXAMPLE,"[""PlotLedger"", ""family deed"", ""marker permit""]",DESCRIPTIVE,gives_example,RELEVANT,EXAMPLE,"[""PlotLedger"", ""family deed"", ""marker permit""]",DESCRIPTIVE,gives_example,RELEVANT,fresh_blind_v1_gold_by_construction_seed_20260622,YES,RELEVANT
FBV1_DOC_07_cemetery_plot_records,PlotLedger Cemetery Record Office,FBV1_0112,FBV1_DOC_07_cemetery_plot_records,PlotLedger Cemetery Record Office,16,How should a cemetery office route plot-record corrections?,"During the trial week, teams found that pairing burial register with marker permit reduced repeated phone calls at the desk. The review also showed that family deed was the field most often used for retrieval.","During the trial week, teams found that pairing burial register with marker permit reduced repeated phone calls at the desk. The review also showed that family deed was the field most often used for retrieval.",RESULT,"[""PlotLedger"", ""family deed"", ""plot map""]",DESCRIPTIVE,reports_usefulness,RELEVANT,RESULT,"[""PlotLedger"", ""family deed"", ""plot map""]",DESCRIPTIVE,reports_usefulness,RELEVANT,fresh_blind_v1_gold_by_construction_seed_20260622,YES,RELEVANT
FBV1_DOC_08_broadband_outage_restoration,FiberFix Broadband Restoration,FBV1_0113,FBV1_DOC_08_broadband_outage_restoration,FiberFix Broadband Restoration,1,How should a broadband field desk route restoration work?,"The FiberFix desk is not sufficient when drop cable is missing from the handoff, even if optical node looks complete. A coordinator still needs the missing evidence before the route can be trusted.","The FiberFix desk is not sufficient when drop cable is missing from the handoff, even if optical node looks complete. A coordinator still needs the missing evidence before the route can be trusted.",CLAIM,"[""customer outage cluster"", ""network watch board"", ""FiberFix""]",NEGATED,asserts,RELEVANT,CLAIM,"[""customer outage cluster"", ""network watch board"", ""FiberFix""]",NEGATED,asserts,RELEVANT,fresh_blind_v1_gold_by_construction_seed_20260622,YES,RELEVANT
FBV1_DOC_08_broadband_outage_restoration,FiberFix Broadband Restoration,FBV1_0114,FBV1_DOC_08_broadband_outage_restoration,FiberFix Broadband Restoration,2,How should a broadband field desk route restoration work?,"For example, a coordinator might receive a drop cable that lists customer outage cluster as available while splice crew says the work cannot start. In that case, FiberFix keeps the case open until network watch board confirms the current state.","For example, a coordinator might receive a drop cable that lists customer outage cluster as available while splice crew says the work cannot start. In that case, FiberFix keeps the case open until network watch board confirms the current state.",EXAMPLE,"[""FiberFix"", ""drop cable"", ""network watch board""]",DESCRIPTIVE,gives_example,RELEVANT,EXAMPLE,"[""FiberFix"", ""drop cable"", ""network watch board""]",DESCRIPTIVE,gives_example,RELEVANT,fresh_blind_v1_gold_by_construction_seed_20260622,YES,RELEVANT
FBV1_DOC_08_broadband_outage_restoration,FiberFix Broadband Restoration,FBV1_0115,FBV1_DOC_08_broadband_outage_restoration,FiberFix Broadband Restoration,3,How should a broadband field desk route restoration work?,"The term drop cable refers to the recorded item that tells the coordinator what can move, wait, or be checked again. It is narrower than the whole FiberFix file because it only covers the visible queue state.","The term drop cable refers to the recorded item that tells the coordinator what can move, wait, or be checked again. It is narrower than the whole FiberFix file because it only covers the visible queue state.",DEFINE,"[""FiberFix"", ""drop cable"", ""customer outage cluster""]",DESCRIPTIVE,defines,RELEVANT,DEFINE,"[""FiberFix"", ""drop cable"", ""customer outage cluster""]",DESCRIPTIVE,defines,RELEVANT,fresh_blind_v1_gold_by_construction_seed_20260622,YES,RELEVANT
FBV1_DOC_08_broadband_outage_restoration,FiberFix Broadband Restoration,FBV1_0116,FBV1_DOC_08_broadband_outage_restoration,FiberFix Broadband Restoration,4,How should a broadband field desk route restoration work?,"The coordinator should require the optical node against the splice crew before releasing the next task. If the two records disagree, the item stays with network watch board until the discrepancy is cleared.","The coordinator should require the optical node against the splice crew before releasing the next task. If the two records disagree, the item stays with network watch board until the discrepancy is cleared.",METHOD,"[""customer outage cluster"", ""FiberFix"", ""drop cable""]",ACTIVE,requires,RELEVANT,METHOD,"[""customer outage cluster"", ""FiberFix"", ""drop cable""]",ACTIVE,requires,RELEVANT,fresh_blind_v1_gold_by_construction_seed_20260622,YES,RELEVANT
FBV1_DOC_08_broadband_outage_restoration,FiberFix Broadband Restoration,FBV1_0117,FBV1_DOC_08_broadband_outage_restoration,FiberFix Broadband Restoration,5,How should a broadband field desk route restoration work?,A sample of completed handoffs showed that FiberFix made the oldest unresolved cases easier to find. Reviewers reported that splice crew gave the clearest evidence when a route was challenged.,A sample of completed handoffs showed that FiberFix made the oldest unresolved cases easier to find. Reviewers reported that splice crew gave the clearest evidence when a route was challenged.,RESULT,"[""customer outage cluster"", ""FiberFix"", ""splice crew""]",DESCRIPTIVE,supports_retrieval,RELEVANT,RESULT,"[""customer outage cluster"", ""FiberFix"", ""splice crew""]",DESCRIPTIVE,supports_retrieval,RELEVANT,fresh_blind_v1_gold_by_construction_seed_20260622,YES,RELEVANT
FBV1_DOC_08_broadband_outage_restoration,FiberFix Broadband Restoration,FBV1_0118,FBV1_DOC_08_broadband_outage_restoration,FiberFix Broadband Restoration,6,How should a broadband field desk route restoration work?,"For example, a coordinator might receive a drop cable that lists customer outage cluster as available while splice crew says the work cannot start. In that case, FiberFix keeps the case open until network watch board confirms the current state.","For example, a coordinator might receive a drop cable that lists customer outage cluster as available while splice crew says the work cannot start. In that case, FiberFix keeps the case open until network watch board confirms the current state.",EXAMPLE,"[""FiberFix"", ""splice crew"", ""optical node""]",DESCRIPTIVE,gives_example,RELEVANT,EXAMPLE,"[""FiberFix"", ""splice crew"", ""optical node""]",DESCRIPTIVE,gives_example,RELEVANT,fresh_blind_v1_gold_by_construction_seed_20260622,YES,RELEVANT
FBV1_DOC_08_broadband_outage_restoration,FiberFix Broadband Restoration,FBV1_0119,FBV1_DOC_08_broadband_outage_restoration,FiberFix Broadband Restoration,7,How should a broadband field desk route restoration work?,A follow-up sample should hold out cases where splice crew arrives after the first desk decision. The team can then measure whether drop cable changes the route or only confirms it.,A follow-up sample should hold out cases where splice crew arrives after the first desk decision. The team can then measure whether drop cable changes the route or only confirms it.,NEXT_STEP,"[""FiberFix"", ""network watch board"", ""splice crew""]",ACTIVE,proposes_next_test,RELEVANT,NEXT_STEP,"[""FiberFix"", ""network watch board"", ""splice crew""]",ACTIVE,proposes_next_test,RELEVANT,fresh_blind_v1_gold_by_construction_seed_20260622,YES,RELEVANT
FBV1_DOC_08_broadband_outage_restoration,FiberFix Broadband Restoration,FBV1_0120,FBV1_DOC_08_broadband_outage_restoration,FiberFix Broadband Restoration,8,How should a broadband field desk route restoration work?,"FiberFix Broadband Restoration is a field-office packet used during ordinary handoffs, not an audit of software or policy. The packet brings together the optical node, splice crew, and customer outage cluster so a supervisor can see where the next routing choice begins.","FiberFix Broadband Restoration is a field-office packet used during ordinary handoffs, not an audit of software or policy. The packet brings together the optical node, splice crew, and customer outage cluster so a supervisor can see where the next routing choice begins.",BACKGROUND,"[""splice crew"", ""FiberFix"", ""optical node""]",DESCRIPTIVE,sets_context,NOT_RELEVANT,BACKGROUND,"[""splice crew"", ""FiberFix"", ""optical node""]",DESCRIPTIVE,sets_context,NOT_RELEVANT,fresh_blind_v1_gold_by_construction_seed_20260622,NO,NOT_RELEVANT
FBV1_DOC_08_broadband_outage_restoration,FiberFix Broadband Restoration,FBV1_0121,FBV1_DOC_08_broadband_outage_restoration,FiberFix Broadband Restoration,9,How should a broadband field desk route restoration work?,"The term drop cable refers to the recorded item that tells the coordinator what can move, wait, or be checked again. It is narrower than the whole FiberFix file because it only covers the visible queue state.","The term drop cable refers to the recorded item that tells the coordinator what can move, wait, or be checked again. It is narrower than the whole FiberFix file because it only covers the visible queue state.",DEFINE,"[""FiberFix"", ""customer outage cluster"", ""network watch board""]",DESCRIPTIVE,defines,RELEVANT,DEFINE,"[""FiberFix"", ""customer outage cluster"", ""network watch board""]",DESCRIPTIVE,defines,RELEVANT,fresh_blind_v1_gold_by_construction_seed_20260622,YES,RELEVANT
FBV1_DOC_08_broadband_outage_restoration,FiberFix Broadband Restoration,FBV1_0122,FBV1_DOC_08_broadband_outage_restoration,FiberFix Broadband Restoration,10,How should a broadband field desk route restoration work?,"The optical node can lag behind radio updates, so it may overestimate how current the routing picture is. That caveat matters most when network watch board is already working from a printed copy.","The optical node can lag behind radio updates, so it may overestimate how current the routing picture is. That caveat matters most when network watch board is already working from a printed copy.",LIMITATION,"[""FiberFix"", ""customer outage cluster"", ""optical node""]",LIMITED,warns_about,RELEVANT,LIMITATION,"[""FiberFix"", ""customer outage cluster"", ""optical node""]",LIMITED,warns_about,RELEVANT,fresh_blind_v1_gold_by_construction_seed_20260622,YES,RELEVANT
FBV1_DOC_08_broadband_outage_restoration,FiberFix Broadband Restoration,FBV1_0123,FBV1_DOC_08_broadband_outage_restoration,FiberFix Broadband Restoration,11,How should a broadband field desk route restoration work?,A follow-up sample should hold out cases where splice crew arrives after the first desk decision. The team can then measure whether drop cable changes the route or only confirms it.,A follow-up sample should hold out cases where splice crew arrives after the first desk decision. The team can then measure whether drop cable changes the route or only confirms it.,NEXT_STEP,"[""FiberFix"", ""drop cable"", ""customer outage cluster""]",ACTIVE,proposes_next_test,RELEVANT,NEXT_STEP,"[""FiberFix"", ""drop cable"", ""customer outage cluster""]",ACTIVE,proposes_next_test,RELEVANT,fresh_blind_v1_gold_by_construction_seed_20260622,YES,RELEVANT
FBV1_DOC_08_broadband_outage_restoration,FiberFix Broadband Restoration,FBV1_0124,FBV1_DOC_08_broadband_outage_restoration,FiberFix Broadband Restoration,12,How should a broadband field desk route restoration work?,The routing decision is more reliable when optical node and splice crew are reviewed together instead of in separate calls. That pairing keeps customer outage cluster from being treated as a side note after the main choice is already made.,The routing decision is more reliable when optical node and splice crew are reviewed together instead of in separate calls. That pairing keeps customer outage cluster from being treated as a side note after the main choice is already made.,CLAIM,"[""network watch board"", ""FiberFix"", ""customer outage cluster""]",ACTIVE,asserts,RELEVANT,CLAIM,"[""network watch board"", ""FiberFix"", ""customer outage cluster""]",ACTIVE,asserts,RELEVANT,fresh_blind_v1_gold_by_construction_seed_20260622,YES,RELEVANT
FBV1_DOC_08_broadband_outage_restoration,FiberFix Broadband Restoration,FBV1_0125,FBV1_DOC_08_broadband_outage_restoration,FiberFix Broadband Restoration,13,How should a broadband field desk route restoration work?,"Operators first sort the drop cable by urgency, then attach the matching customer outage cluster entry to each open case. The final pass sends exceptions back to the supervisor queue rather than closing them silently.","Operators first sort the drop cable by urgency, then attach the matching customer outage cluster entry to each open case. The final pass sends exceptions back to the supervisor queue rather than closing them silently.",METHOD,"[""network watch board"", ""optical node"", ""FiberFix""]",ACTIVE,requires,RELEVANT,METHOD,"[""network watch board"", ""optical node"", ""FiberFix""]",ACTIVE,requires,RELEVANT,fresh_blind_v1_gold_by_construction_seed_20260622,YES,RELEVANT
FBV1_DOC_08_broadband_outage_restoration,FiberFix Broadband Restoration,FBV1_0126,FBV1_DOC_08_broadband_outage_restoration,FiberFix Broadband Restoration,14,How should a broadband field desk route restoration work?,"During the trial week, teams found that pairing optical node with drop cable reduced repeated phone calls at the desk. The review also showed that customer outage cluster was the field most often used for retrieval.","During the trial week, teams found that pairing optical node with drop cable reduced repeated phone calls at the desk. The review also showed that customer outage cluster was the field most often used for retrieval.",RESULT,"[""network watch board"", ""splice crew"", ""FiberFix""]",DESCRIPTIVE,reports_usefulness,RELEVANT,RESULT,"[""network watch board"", ""splice crew"", ""FiberFix""]",DESCRIPTIVE,reports_usefulness,RELEVANT,fresh_blind_v1_gold_by_construction_seed_20260622,YES,RELEVANT
FBV1_DOC_08_broadband_outage_restoration,FiberFix Broadband Restoration,FBV1_0127,FBV1_DOC_08_broadband_outage_restoration,FiberFix Broadband Restoration,15,How should a broadband field desk route restoration work?,The FiberFix record cannot settle disputes when splice crew and drop cable describe different versions of the same event. Human review is still required before customer outage cluster is treated as final.,The FiberFix record cannot settle disputes when splice crew and drop cable describe different versions of the same event. Human review is still required before customer outage cluster is treated as final.,LIMITATION,"[""FiberFix"", ""network watch board"", ""optical node""]",NEGATED,limits,RELEVANT,LIMITATION,"[""FiberFix"", ""network watch board"", ""optical node""]",NEGATED,limits,RELEVANT,fresh_blind_v1_gold_by_construction_seed_20260622,YES,RELEVANT
FBV1_DOC_08_broadband_outage_restoration,FiberFix Broadband Restoration,FBV1_0128,FBV1_DOC_08_broadband_outage_restoration,FiberFix Broadband Restoration,16,How should a broadband field desk route restoration work?,"FiberFix Broadband Restoration is a field-office packet used during ordinary handoffs, not an audit of software or policy. The packet brings together the optical node, splice crew, and customer outage cluster so a supervisor can see where the next routing choice begins.","FiberFix Broadband Restoration is a field-office packet used during ordinary handoffs, not an audit of software or policy. The packet brings together the optical node, splice crew, and customer outage cluster so a supervisor can see where the next routing choice begins.",BACKGROUND,"[""network watch board"", ""splice crew"", ""FiberFix""]",DESCRIPTIVE,sets_context,NOT_RELEVANT,BACKGROUND,"[""network watch board"", ""splice crew"", ""FiberFix""]",DESCRIPTIVE,sets_context,NOT_RELEVANT,fresh_blind_v1_gold_by_construction_seed_20260622,NO,NOT_RELEVANT
FBV1_DOC_09_court_interpreter_scheduling,CourtVoice Interpreter Scheduling,FBV1_0129,FBV1_DOC_09_court_interpreter_scheduling,CourtVoice Interpreter Scheduling,1,How should a court coordinator route interpreter scheduling conflicts?,One routine case has hearing list showing a normal queue while remote booth carries a late change from the field. The desk uses that case to demonstrate why case clerk is checked before closure.,One routine case has hearing list showing a normal queue while remote booth carries a late change from the field. The desk uses that case to demonstrate why case clerk is checked before closure.,EXAMPLE,"[""CourtVoice"", ""case clerk"", ""hearing list""]",DESCRIPTIVE,gives_example,RELEVANT,EXAMPLE,"[""CourtVoice"", ""case clerk"", ""hearing list""]",DESCRIPTIVE,gives_example,RELEVANT,fresh_blind_v1_gold_by_construction_seed_20260622,YES,RELEVANT
FBV1_DOC_09_court_interpreter_scheduling,CourtVoice Interpreter Scheduling,FBV1_0130,FBV1_DOC_09_court_interpreter_scheduling,CourtVoice Interpreter Scheduling,2,How should a court coordinator route interpreter scheduling conflicts?,The routing decision is more reliable when hearing list and language roster are reviewed together instead of in separate calls. That pairing keeps remote booth from being treated as a side note after the main choice is already made.,The routing decision is more reliable when hearing list and language roster are reviewed together instead of in separate calls. That pairing keeps remote booth from being treated as a side note after the main choice is already made.,CLAIM,"[""language roster"", ""hearing list"", ""CourtVoice""]",ACTIVE,asserts,RELEVANT,CLAIM,"[""language roster"", ""hearing list"", ""CourtVoice""]",ACTIVE,asserts,RELEVANT,fresh_blind_v1_gold_by_construction_seed_20260622,YES,RELEVANT
FBV1_DOC_09_court_interpreter_scheduling,CourtVoice Interpreter Scheduling,FBV1_0131,FBV1_DOC_09_court_interpreter_scheduling,CourtVoice Interpreter Scheduling,3,How should a court coordinator route interpreter scheduling conflicts?,"The term case clerk refers to the recorded item that tells the coordinator what can move, wait, or be checked again. It is narrower than the whole CourtVoice file because it only covers the visible queue state.","The term case clerk refers to the recorded item that tells the coordinator what can move, wait, or be checked again. It is narrower than the whole CourtVoice file because it only covers the visible queue state.",DEFINE,"[""hearing list"", ""CourtVoice"", ""language roster""]",DESCRIPTIVE,defines,RELEVANT,DEFINE,"[""hearing list"", ""CourtVoice"", ""language roster""]",DESCRIPTIVE,defines,RELEVANT,fresh_blind_v1_gold_by_construction_seed_20260622,YES,RELEVANT
FBV1_DOC_09_court_interpreter_scheduling,CourtVoice Interpreter Scheduling,FBV1_0132,FBV1_DOC_09_court_interpreter_scheduling,CourtVoice Interpreter Scheduling,4,How should a court coordinator route interpreter scheduling conflicts?,The next review should compare hearing list entries with actual outcomes from availability hold. That test would show whether CourtVoice is routing hard cases earlier or merely documenting them later.,The next review should compare hearing list entries with actual outcomes from availability hold. That test would show whether CourtVoice is routing hard cases earlier or merely documenting them later.,NEXT_STEP,"[""availability hold"", ""hearing list"", ""CourtVoice""]",ACTIVE,proposes_next_test,RELEVANT,NEXT_STEP,"[""availability hold"", ""hearing list"", ""CourtVoice""]",ACTIVE,proposes_next_test,RELEVANT,fresh_blind_v1_gold_by_construction_seed_20260622,YES,RELEVANT
FBV1_DOC_09_court_interpreter_scheduling,CourtVoice Interpreter Scheduling,FBV1_0133,FBV1_DOC_09_court_interpreter_scheduling,CourtVoice Interpreter Scheduling,5,How should a court coordinator route interpreter scheduling conflicts?,"Operators first sort the case clerk by urgency, then attach the matching remote booth entry to each open case. The final pass sends exceptions back to the supervisor queue rather than closing them silently.","Operators first sort the case clerk by urgency, then attach the matching remote booth entry to each open case. The final pass sends exceptions back to the supervisor queue rather than closing them silently.",METHOD,"[""CourtVoice"", ""language roster"", ""case clerk""]",ACTIVE,maps_to,RELEVANT,METHOD,"[""CourtVoice"", ""language roster"", ""case clerk""]",ACTIVE,maps_to,RELEVANT,fresh_blind_v1_gold_by_construction_seed_20260622,YES,RELEVANT
FBV1_DOC_09_court_interpreter_scheduling,CourtVoice Interpreter Scheduling,FBV1_0134,FBV1_DOC_09_court_interpreter_scheduling,CourtVoice Interpreter Scheduling,6,How should a court coordinator route interpreter scheduling conflicts?,The routing decision is more reliable when hearing list and language roster are reviewed together instead of in separate calls. That pairing keeps remote booth from being treated as a side note after the main choice is already made.,The routing decision is more reliable when hearing list and language roster are reviewed together instead of in separate calls. That pairing keeps remote booth from being treated as a side note after the main choice is already made.,CLAIM,"[""CourtVoice"", ""language roster"", ""remote booth""]",ACTIVE,asserts,RELEVANT,CLAIM,"[""CourtVoice"", ""language roster"", ""remote booth""]",ACTIVE,asserts,RELEVANT,fresh_blind_v1_gold_by_construction_seed_20260622,YES,RELEVANT
FBV1_DOC_09_court_interpreter_scheduling,CourtVoice Interpreter Scheduling,FBV1_0135,FBV1_DOC_09_court_interpreter_scheduling,CourtVoice Interpreter Scheduling,7,How should a court coordinator route interpreter scheduling conflicts?,A sample of completed handoffs showed that CourtVoice made the oldest unresolved cases easier to find. Reviewers reported that language roster gave the clearest evidence when a route was challenged.,A sample of completed handoffs showed that CourtVoice made the oldest unresolved cases easier to find. Reviewers reported that language roster gave the clearest evidence when a route was challenged.,RESULT,"[""CourtVoice"", ""case clerk"", ""availability hold""]",DESCRIPTIVE,supports_retrieval,RELEVANT,RESULT,"[""CourtVoice"", ""case clerk"", ""availability hold""]",DESCRIPTIVE,supports_retrieval,RELEVANT,fresh_blind_v1_gold_by_construction_seed_20260622,YES,RELEVANT
FBV1_DOC_09_court_interpreter_scheduling,CourtVoice Interpreter Scheduling,FBV1_0136,FBV1_DOC_09_court_interpreter_scheduling,CourtVoice Interpreter Scheduling,8,How should a court coordinator route interpreter scheduling conflicts?,"The hearing list can lag behind radio updates, so it may overestimate how current the routing picture is. That caveat matters most when availability hold is already working from a printed copy.","The hearing list can lag behind radio updates, so it may overestimate how current the routing picture is. That caveat matters most when availability hold is already working from a printed copy.",LIMITATION,"[""CourtVoice"", ""remote booth"", ""language roster""]",LIMITED,warns_about,RELEVANT,LIMITATION,"[""CourtVoice"", ""remote booth"", ""language roster""]",LIMITED,warns_about,RELEVANT,fresh_blind_v1_gold_by_construction_seed_20260622,YES,RELEVANT
FBV1_DOC_09_court_interpreter_scheduling,CourtVoice Interpreter Scheduling,FBV1_0137,FBV1_DOC_09_court_interpreter_scheduling,CourtVoice Interpreter Scheduling,9,How should a court coordinator route interpreter scheduling conflicts?,The CourtVoice record cannot settle disputes when language roster and case clerk describe different versions of the same event. Human review is still required before remote booth is treated as final.,The CourtVoice record cannot settle disputes when language roster and case clerk describe different versions of the same event. Human review is still required before remote booth is treated as final.,LIMITATION,"[""CourtVoice"", ""remote booth"", ""hearing list""]",NEGATED,limits,RELEVANT,LIMITATION,"[""CourtVoice"", ""remote booth"", ""hearing list""]",NEGATED,limits,RELEVANT,fresh_blind_v1_gold_by_construction_seed_20260622,YES,RELEVANT
FBV1_DOC_09_court_interpreter_scheduling,CourtVoice Interpreter Scheduling,FBV1_0138,FBV1_DOC_09_court_interpreter_scheduling,CourtVoice Interpreter Scheduling,10,How should a court coordinator route interpreter scheduling conflicts?,"For example, a coordinator might receive a case clerk that lists remote booth as available while language roster says the work cannot start. In that case, CourtVoice keeps the case open until availability hold confirms the current state.","For example, a coordinator might receive a case clerk that lists remote booth as available while language roster says the work cannot start. In that case, CourtVoice keeps the case open until availability hold confirms the current state.",EXAMPLE,"[""language roster"", ""CourtVoice"", ""case clerk""]",DESCRIPTIVE,gives_example,RELEVANT,EXAMPLE,"[""language roster"", ""CourtVoice"", ""case clerk""]",DESCRIPTIVE,gives_example,RELEVANT,fresh_blind_v1_gold_by_construction_seed_20260622,YES,RELEVANT
FBV1_DOC_09_court_interpreter_scheduling,CourtVoice Interpreter Scheduling,FBV1_0139,FBV1_DOC_09_court_interpreter_scheduling,CourtVoice Interpreter Scheduling,11,How should a court coordinator route interpreter scheduling conflicts?,"Operators first sort the case clerk by urgency, then attach the matching remote booth entry to each open case. The final pass sends exceptions back to the supervisor queue rather than closing them silently.","Operators first sort the case clerk by urgency, then attach the matching remote booth entry to each open case. The final pass sends exceptions back to the supervisor queue rather than closing them silently.",METHOD,"[""CourtVoice"", ""remote booth"", ""language roster""]",ACTIVE,maps_to,RELEVANT,METHOD,"[""CourtVoice"", ""remote booth"", ""language roster""]",ACTIVE,maps_to,RELEVANT,fresh_blind_v1_gold_by_construction_seed_20260622,YES,RELEVANT
FBV1_DOC_09_court_interpreter_scheduling,CourtVoice Interpreter Scheduling,FBV1_0140,FBV1_DOC_09_court_interpreter_scheduling,CourtVoice Interpreter Scheduling,12,How should a court coordinator route interpreter scheduling conflicts?,"CourtVoice Interpreter Scheduling is a field-office packet used during ordinary handoffs, not an audit of software or policy. The packet brings together the hearing list, language roster, and remote booth so a supervisor can see where the next routing choice begins.","CourtVoice Interpreter Scheduling is a field-office packet used during ordinary handoffs, not an audit of software or policy. The packet brings together the hearing list, language roster, and remote booth so a supervisor can see where the next routing choice begins.",BACKGROUND,"[""CourtVoice"", ""language roster"", ""hearing list""]",DESCRIPTIVE,sets_context,NOT_RELEVANT,BACKGROUND,"[""CourtVoice"", ""language roster"", ""hearing list""]",DESCRIPTIVE,sets_context,NOT_RELEVANT,fresh_blind_v1_gold_by_construction_seed_20260622,NO,NOT_RELEVANT
FBV1_DOC_09_court_interpreter_scheduling,CourtVoice Interpreter Scheduling,FBV1_0141,FBV1_DOC_09_court_interpreter_scheduling,CourtVoice Interpreter Scheduling,13,How should a court coordinator route interpreter scheduling conflicts?,"The source note comes from a local operations desk that tracks hearing list, case clerk, and availability hold during busy shifts. It frames the work area for CourtVoice before any recommendation is made.","The source note comes from a local operations desk that tracks hearing list, case clerk, and availability hold during busy shifts. It frames the work area for CourtVoice before any recommendation is made.",BACKGROUND,"[""CourtVoice"", ""language roster"", ""availability hold""]",DESCRIPTIVE,sets_context,PARTIAL,BACKGROUND,"[""CourtVoice"", ""language roster"", ""availability hold""]",DESCRIPTIVE,sets_context,PARTIAL,fresh_blind_v1_gold_by_construction_seed_20260622,MAYBE,PARTIAL
FBV1_DOC_09_court_interpreter_scheduling,CourtVoice Interpreter Scheduling,FBV1_0142,FBV1_DOC_09_court_interpreter_scheduling,CourtVoice Interpreter Scheduling,14,How should a court coordinator route interpreter scheduling conflicts?,The next review should compare hearing list entries with actual outcomes from availability hold. That test would show whether CourtVoice is routing hard cases earlier or merely documenting them later.,The next review should compare hearing list entries with actual outcomes from availability hold. That test would show whether CourtVoice is routing hard cases earlier or merely documenting them later.,NEXT_STEP,"[""CourtVoice"", ""availability hold"", ""language roster""]",ACTIVE,proposes_next_test,RELEVANT,NEXT_STEP,"[""CourtVoice"", ""availability hold"", ""language roster""]",ACTIVE,proposes_next_test,RELEVANT,fresh_blind_v1_gold_by_construction_seed_20260622,YES,RELEVANT
FBV1_DOC_09_court_interpreter_scheduling,CourtVoice Interpreter Scheduling,FBV1_0143,FBV1_DOC_09_court_interpreter_scheduling,CourtVoice Interpreter Scheduling,15,How should a court coordinator route interpreter scheduling conflicts?,A sample of completed handoffs showed that CourtVoice made the oldest unresolved cases easier to find. Reviewers reported that language roster gave the clearest evidence when a route was challenged.,A sample of completed handoffs showed that CourtVoice made the oldest unresolved cases easier to find. Reviewers reported that language roster gave the clearest evidence when a route was challenged.,RESULT,"[""CourtVoice"", ""case clerk"", ""remote booth""]",DESCRIPTIVE,supports_retrieval,RELEVANT,RESULT,"[""CourtVoice"", ""case clerk"", ""remote booth""]",DESCRIPTIVE,supports_retrieval,RELEVANT,fresh_blind_v1_gold_by_construction_seed_20260622,YES,RELEVANT
FBV1_DOC_09_court_interpreter_scheduling,CourtVoice Interpreter Scheduling,FBV1_0144,FBV1_DOC_09_court_interpreter_scheduling,CourtVoice Interpreter Scheduling,16,How should a court coordinator route interpreter scheduling conflicts?,"In this desk, the hearing list means the current shared view of crews, holds, and constraints for CourtVoice. Staff treat it as the reference object that links language roster to remote booth.","In this desk, the hearing list means the current shared view of crews, holds, and constraints for CourtVoice. Staff treat it as the reference object that links language roster to remote booth.",DEFINE,"[""CourtVoice"", ""availability hold"", ""hearing list""]",DESCRIPTIVE,defines,RELEVANT,DEFINE,"[""CourtVoice"", ""availability hold"", ""hearing list""]",DESCRIPTIVE,defines,RELEVANT,fresh_blind_v1_gold_by_construction_seed_20260622,YES,RELEVANT
FBV1_DOC_10_school_meal_substitutions,MenuSwitch School Meal Substitutions,FBV1_0145,FBV1_DOC_10_school_meal_substitutions,MenuSwitch School Meal Substitutions,1,How should a school nutrition office route meal substitution decisions?,The MenuSwitch record cannot settle disputes when kitchen batch sheet and meal count describe different versions of the same event. Human review is still required before supplier shortfall is treated as final.,The MenuSwitch record cannot settle disputes when kitchen batch sheet and meal count describe different versions of the same event. Human review is still required before supplier shortfall is treated as final.,LIMITATION,"[""MenuSwitch"", ""supplier shortfall"", ""cafeteria lead""]",NEGATED,limits,RELEVANT,LIMITATION,"[""MenuSwitch"", ""supplier shortfall"", ""cafeteria lead""]",NEGATED,limits,RELEVANT,fresh_blind_v1_gold_by_construction_seed_20260622,YES,RELEVANT
FBV1_DOC_10_school_meal_substitutions,MenuSwitch School Meal Substitutions,FBV1_0146,FBV1_DOC_10_school_meal_substitutions,MenuSwitch School Meal Substitutions,2,How should a school nutrition office route meal substitution decisions?,The next review should compare allergen note entries with actual outcomes from cafeteria lead. That test would show whether MenuSwitch is routing hard cases earlier or merely documenting them later.,The next review should compare allergen note entries with actual outcomes from cafeteria lead. That test would show whether MenuSwitch is routing hard cases earlier or merely documenting them later.,NEXT_STEP,"[""cafeteria lead"", ""kitchen batch sheet"", ""MenuSwitch""]",ACTIVE,proposes_next_test,RELEVANT,NEXT_STEP,"[""cafeteria lead"", ""kitchen batch sheet"", ""MenuSwitch""]",ACTIVE,proposes_next_test,RELEVANT,fresh_blind_v1_gold_by_construction_seed_20260622,YES,RELEVANT
FBV1_DOC_10_school_meal_substitutions,MenuSwitch School Meal Substitutions,FBV1_0147,FBV1_DOC_10_school_meal_substitutions,MenuSwitch School Meal Substitutions,3,How should a school nutrition office route meal substitution decisions?,"The MenuSwitch desk is not sufficient when meal count is missing from the handoff, even if allergen note looks complete. A coordinator still needs the missing evidence before the route can be trusted.","The MenuSwitch desk is not sufficient when meal count is missing from the handoff, even if allergen note looks complete. A coordinator still needs the missing evidence before the route can be trusted.",CLAIM,"[""MenuSwitch"", ""kitchen batch sheet"", ""allergen note""]",NEGATED,asserts,RELEVANT,CLAIM,"[""MenuSwitch"", ""kitchen batch sheet"", ""allergen note""]",NEGATED,asserts,RELEVANT,fresh_blind_v1_gold_by_construction_seed_20260622,YES,RELEVANT
FBV1_DOC_10_school_meal_substitutions,MenuSwitch School Meal Substitutions,FBV1_0148,FBV1_DOC_10_school_meal_substitutions,MenuSwitch School Meal Substitutions,4,How should a school nutrition office route meal substitution decisions?,"The allergen note can lag behind radio updates, so it may overestimate how current the routing picture is. That caveat matters most when cafeteria lead is already working from a printed copy.","The allergen note can lag behind radio updates, so it may overestimate how current the routing picture is. That caveat matters most when cafeteria lead is already working from a printed copy.",LIMITATION,"[""MenuSwitch"", ""cafeteria lead"", ""kitchen batch sheet""]",LIMITED,warns_about,RELEVANT,LIMITATION,"[""MenuSwitch"", ""cafeteria lead"", ""kitchen batch sheet""]",LIMITED,warns_about,RELEVANT,fresh_blind_v1_gold_by_construction_seed_20260622,YES,RELEVANT
FBV1_DOC_10_school_meal_substitutions,MenuSwitch School Meal Substitutions,FBV1_0149,FBV1_DOC_10_school_meal_substitutions,MenuSwitch School Meal Substitutions,5,How should a school nutrition office route meal substitution decisions?,"Operators first sort the meal count by urgency, then attach the matching supplier shortfall entry to each open case. The final pass sends exceptions back to the supervisor queue rather than closing them silently.","Operators first sort the meal count by urgency, then attach the matching supplier shortfall entry to each open case. The final pass sends exceptions back to the supervisor queue rather than closing them silently.",METHOD,"[""MenuSwitch"", ""kitchen batch sheet"", ""supplier shortfall""]",ACTIVE,maps_to,RELEVANT,METHOD,"[""MenuSwitch"", ""kitchen batch sheet"", ""supplier shortfall""]",ACTIVE,maps_to,RELEVANT,fresh_blind_v1_gold_by_construction_seed_20260622,YES,RELEVANT
FBV1_DOC_10_school_meal_substitutions,MenuSwitch School Meal Substitutions,FBV1_0150,FBV1_DOC_10_school_meal_substitutions,MenuSwitch School Meal Substitutions,6,How should a school nutrition office route meal substitution decisions?,The next review should compare allergen note entries with actual outcomes from cafeteria lead. That test would show whether MenuSwitch is routing hard cases earlier or merely documenting them later.,The next review should compare allergen note entries with actual outcomes from cafeteria lead. That test would show whether MenuSwitch is routing hard cases earlier or merely documenting them later.,NEXT_STEP,"[""MenuSwitch"", ""allergen note"", ""meal count""]",ACTIVE,proposes_next_test,RELEVANT,NEXT_STEP,"[""MenuSwitch"", ""allergen note"", ""meal count""]",ACTIVE,proposes_next_test,RELEVANT,fresh_blind_v1_gold_by_construction_seed_20260622,YES,RELEVANT
FBV1_DOC_10_school_meal_substitutions,MenuSwitch School Meal Substitutions,FBV1_0151,FBV1_DOC_10_school_meal_substitutions,MenuSwitch School Meal Substitutions,7,How should a school nutrition office route meal substitution decisions?,"The source note comes from a local operations desk that tracks allergen note, meal count, and cafeteria lead during busy shifts. It frames the work area for MenuSwitch before any recommendation is made.","The source note comes from a local operations desk that tracks allergen note, meal count, and cafeteria lead during busy shifts. It frames the work area for MenuSwitch before any recommendation is made.",BACKGROUND,"[""MenuSwitch"", ""meal count"", ""cafeteria lead""]",DESCRIPTIVE,sets_context,PARTIAL,BACKGROUND,"[""MenuSwitch"", ""meal count"", ""cafeteria lead""]",DESCRIPTIVE,sets_context,PARTIAL,fresh_blind_v1_gold_by_construction_seed_20260622,MAYBE,PARTIAL
FBV1_DOC_10_school_meal_substitutions,MenuSwitch School Meal Substitutions,FBV1_0152,FBV1_DOC_10_school_meal_substitutions,MenuSwitch School Meal Substitutions,8,How should a school nutrition office route meal substitution decisions?,"In this desk, the allergen note means the current shared view of crews, holds, and constraints for MenuSwitch. Staff treat it as the reference object that links kitchen batch sheet to supplier shortfall.","In this desk, the allergen note means the current shared view of crews, holds, and constraints for MenuSwitch. Staff treat it as the reference object that links kitchen batch sheet to supplier shortfall.",DEFINE,"[""kitchen batch sheet"", ""cafeteria lead"", ""MenuSwitch""]",DESCRIPTIVE,defines,RELEVANT,DEFINE,"[""kitchen batch sheet"", ""cafeteria lead"", ""MenuSwitch""]",DESCRIPTIVE,defines,RELEVANT,fresh_blind_v1_gold_by_construction_seed_20260622,YES,RELEVANT
FBV1_DOC_10_school_meal_substitutions,MenuSwitch School Meal Substitutions,FBV1_0153,FBV1_DOC_10_school_meal_substitutions,MenuSwitch School Meal Substitutions,9,How should a school nutrition office route meal substitution decisions?,One routine case has allergen note showing a normal queue while supplier shortfall carries a late change from the field. The desk uses that case to demonstrate why meal count is checked before closure.,One routine case has allergen note showing a normal queue while supplier shortfall carries a late change from the field. The desk uses that case to demonstrate why meal count is checked before closure.,EXAMPLE,"[""MenuSwitch"", ""meal count"", ""allergen note""]",DESCRIPTIVE,gives_example,RELEVANT,EXAMPLE,"[""MenuSwitch"", ""meal count"", ""allergen note""]",DESCRIPTIVE,gives_example,RELEVANT,fresh_blind_v1_gold_by_construction_seed_20260622,YES,RELEVANT
FBV1_DOC_10_school_meal_substitutions,MenuSwitch School Meal Substitutions,FBV1_0154,FBV1_DOC_10_school_meal_substitutions,MenuSwitch School Meal Substitutions,10,How should a school nutrition office route meal substitution decisions?,"During the trial week, teams found that pairing allergen note with meal count reduced repeated phone calls at the desk. The review also showed that supplier shortfall was the field most often used for retrieval.","During the trial week, teams found that pairing allergen note with meal count reduced repeated phone calls at the desk. The review also showed that supplier shortfall was the field most often used for retrieval.",RESULT,"[""MenuSwitch"", ""kitchen batch sheet"", ""meal count""]",DESCRIPTIVE,reports_usefulness,RELEVANT,RESULT,"[""MenuSwitch"", ""kitchen batch sheet"", ""meal count""]",DESCRIPTIVE,reports_usefulness,RELEVANT,fresh_blind_v1_gold_by_construction_seed_20260622,YES,RELEVANT
FBV1_DOC_10_school_meal_substitutions,MenuSwitch School Meal Substitutions,FBV1_0155,FBV1_DOC_10_school_meal_substitutions,MenuSwitch School Meal Substitutions,11,How should a school nutrition office route meal substitution decisions?,A sample of completed handoffs showed that MenuSwitch made the oldest unresolved cases easier to find. Reviewers reported that kitchen batch sheet gave the clearest evidence when a route was challenged.,A sample of completed handoffs showed that MenuSwitch made the oldest unresolved cases easier to find. Reviewers reported that kitchen batch sheet gave the clearest evidence when a route was challenged.,RESULT,"[""MenuSwitch"", ""meal count"", ""supplier shortfall""]",DESCRIPTIVE,supports_retrieval,RELEVANT,RESULT,"[""MenuSwitch"", ""meal count"", ""supplier shortfall""]",DESCRIPTIVE,supports_retrieval,RELEVANT,fresh_blind_v1_gold_by_construction_seed_20260622,YES,RELEVANT
FBV1_DOC_10_school_meal_substitutions,MenuSwitch School Meal Substitutions,FBV1_0156,FBV1_DOC_10_school_meal_substitutions,MenuSwitch School Meal Substitutions,12,How should a school nutrition office route meal substitution decisions?,The routing decision is more reliable when allergen note and kitchen batch sheet are reviewed together instead of in separate calls. That pairing keeps supplier shortfall from being treated as a side note after the main choice is already made.,The routing decision is more reliable when allergen note and kitchen batch sheet are reviewed together instead of in separate calls. That pairing keeps supplier shortfall from being treated as a side note after the main choice is already made.,CLAIM,"[""MenuSwitch"", ""kitchen batch sheet"", ""allergen note""]",ACTIVE,asserts,RELEVANT,CLAIM,"[""MenuSwitch"", ""kitchen batch sheet"", ""allergen note""]",ACTIVE,asserts,RELEVANT,fresh_blind_v1_gold_by_construction_seed_20260622,YES,RELEVANT
FBV1_DOC_10_school_meal_substitutions,MenuSwitch School Meal Substitutions,FBV1_0157,FBV1_DOC_10_school_meal_substitutions,MenuSwitch School Meal Substitutions,13,How should a school nutrition office route meal substitution decisions?,"The source note comes from a local operations desk that tracks allergen note, meal count, and cafeteria lead during busy shifts. It frames the work area for MenuSwitch before any recommendation is made.","The source note comes from a local operations desk that tracks allergen note, meal count, and cafeteria lead during busy shifts. It frames the work area for MenuSwitch before any recommendation is made.",BACKGROUND,"[""allergen note"", ""supplier shortfall"", ""MenuSwitch""]",DESCRIPTIVE,sets_context,PARTIAL,BACKGROUND,"[""allergen note"", ""supplier shortfall"", ""MenuSwitch""]",DESCRIPTIVE,sets_context,PARTIAL,fresh_blind_v1_gold_by_construction_seed_20260622,MAYBE,PARTIAL
FBV1_DOC_10_school_meal_substitutions,MenuSwitch School Meal Substitutions,FBV1_0158,FBV1_DOC_10_school_meal_substitutions,MenuSwitch School Meal Substitutions,14,How should a school nutrition office route meal substitution decisions?,"For example, a coordinator might receive a meal count that lists supplier shortfall as available while kitchen batch sheet says the work cannot start. In that case, MenuSwitch keeps the case open until cafeteria lead confirms the current state.","For example, a coordinator might receive a meal count that lists supplier shortfall as available while kitchen batch sheet says the work cannot start. In that case, MenuSwitch keeps the case open until cafeteria lead confirms the current state.",EXAMPLE,"[""MenuSwitch"", ""allergen note"", ""supplier shortfall""]",DESCRIPTIVE,gives_example,RELEVANT,EXAMPLE,"[""MenuSwitch"", ""allergen note"", ""supplier shortfall""]",DESCRIPTIVE,gives_example,RELEVANT,fresh_blind_v1_gold_by_construction_seed_20260622,YES,RELEVANT
FBV1_DOC_10_school_meal_substitutions,MenuSwitch School Meal Substitutions,FBV1_0159,FBV1_DOC_10_school_meal_substitutions,MenuSwitch School Meal Substitutions,15,How should a school nutrition office route meal substitution decisions?,"The term meal count refers to the recorded item that tells the coordinator what can move, wait, or be checked again. It is narrower than the whole MenuSwitch file because it only covers the visible queue state.","The term meal count refers to the recorded item that tells the coordinator what can move, wait, or be checked again. It is narrower than the whole MenuSwitch file because it only covers the visible queue state.",DEFINE,"[""cafeteria lead"", ""allergen note"", ""MenuSwitch""]",DESCRIPTIVE,defines,RELEVANT,DEFINE,"[""cafeteria lead"", ""allergen note"", ""MenuSwitch""]",DESCRIPTIVE,defines,RELEVANT,fresh_blind_v1_gold_by_construction_seed_20260622,YES,RELEVANT
FBV1_DOC_10_school_meal_substitutions,MenuSwitch School Meal Substitutions,FBV1_0160,FBV1_DOC_10_school_meal_substitutions,MenuSwitch School Meal Substitutions,16,How should a school nutrition office route meal substitution decisions?,"The coordinator should require the allergen note against the kitchen batch sheet before releasing the next task. If the two records disagree, the item stays with cafeteria lead until the discrepancy is cleared.","The coordinator should require the allergen note against the kitchen batch sheet before releasing the next task. If the two records disagree, the item stays with cafeteria lead until the discrepancy is cleared.",METHOD,"[""MenuSwitch"", ""kitchen batch sheet"", ""meal count""]",ACTIVE,requires,RELEVANT,METHOD,"[""MenuSwitch"", ""kitchen batch sheet"", ""meal count""]",ACTIVE,requires,RELEVANT,fresh_blind_v1_gold_by_construction_seed_20260622,YES,RELEVANT
